prop_id,prop_type,province,city,location,bedrooms,bathrooms,area,purpose,date_added,price
1,House,Sindh,Karachi,"Bahria Town Karachi, Karachi, Sindh",5,5,500 Sq. Yd.,For Sale,6/28/2023,PKR5.2 Crore
2,Flat,Sindh,Karachi,"Cantt, Karachi, Sindh",4,3,289 Sq. Yd.,For Sale,6/29/2023,PKR3.75 Crore
3,House,Sindh,Karachi,"Cantt, Karachi, Sindh",6,5,375 Sq. Yd.,For Sale,6/29/2023,PKR7.5 Crore
4,House,Sindh,Karachi,"Cantt, Karachi, Sindh",5,5,500 Sq. Yd.,For Sale,6/29/2023,PKR9 Crore
5,Flat,Sindh,Karachi,"DHA Defence, Karachi, Sindh",3,2,182 Sq. Yd.,For Sale,6/29/2023,PKR6 Crore
6,Flat,Sindh,Karachi,"Bahria Town Karachi, Karachi, Sindh",1,1,61 Sq. Yd.,For Sale,6/28/2023,PKR52.25 Lakh
7,Flat,Sindh,Karachi,"Navy Housing Scheme Karsaz, Karachi, Sindh",6,4,389 Sq. Yd.,For Sale,6/28/2023,PKR9.5 Crore
8,Flat,Sindh,Karachi,"Bahria Town Karachi, Karachi, Sindh",2,2,106 Sq. Yd.,For Sale,6/28/2023,PKR93 Lakh
9,House,Sindh,Karachi,"Bahria Town Karachi, Karachi, Sindh",4,4,350 Sq. Yd.,For Sale,6/28/2023,PKR2.2 Crore
10,House,Sindh,Karachi,"DHA Defence, Karachi, Sindh",5,4,120 Sq. Yd.,For Sale,6/28/2023,PKR5.25 Crore
11,Flat,Sindh,Karachi,"DHA Defence, Karachi, Sindh",3,3,133 Sq. Yd.,For Sale,6/28/2023,PKR1.25 Crore
12,House,Sindh,Karachi,"Gulshan-e-Iqbal Town, Karachi, Sindh",8,8,400 Sq. Yd.,For Sale,6/28/2023,PKR8 Crore
13,House,Sindh,Karachi,"Bahria Town Karachi, Karachi, Sindh",3,3,125 Sq. Yd.,For Sale,6/28/2023,PKR1.38 Crore
14,Flat,Sindh,Karachi,"Bahria Town Karachi, Karachi, Sindh",2,2,106 Sq. Yd.,For Sale,6/28/2023,PKR68 Lakh
15,House,Sindh,Karachi,"North Karachi, Karachi, Sindh",5,4,160 Sq. Yd.,For Sale,6/28/2023,PKR3.05 Crore
16,House,Sindh,Karachi,"North Karachi, Karachi, Sindh",6,7,120 Sq. Yd.,For Sale,6/28/2023,PKR2.5 Crore
17,House,Sindh,Karachi,"DHA Defence, Karachi, Sindh",5,4,150 Sq. Yd.,For Sale,6/28/2023,PKR6.85 Crore
18,House,Sindh,Karachi,"DHA Defence, Karachi, Sindh",6,5,500 Sq. Yd.,For Sale,6/28/2023,PKR16.5 Crore
19,Flat,Sindh,Karachi,"Bahria Town Karachi, Karachi, Sindh",2,2,97 Sq. Yd.,For Sale,6/28/2023,PKR83.13 Lakh
20,House,Sindh,Karachi,"DHA Defence, Karachi, Sindh",5,5,120 Sq. Yd.,For Sale,6/28/2023,PKR4.4 Crore
21,Flat,Sindh,Karachi,"Gulistan-e-Jauhar, Karachi, Sindh",3,3,167 Sq. Yd.,For Sale,6/28/2023,PKR1.58 Crore
22,House,Sindh,Karachi,"Bahria Town Karachi, Karachi, Sindh",5,5,500 Sq. Yd.,For Sale,6/28/2023,PKR4 Crore
23,Flat,Sindh,Karachi,"Gulistan-e-Jauhar, Karachi, Sindh",3,3,172 Sq. Yd.,For Sale,6/28/2023,PKR1.4 Crore
24,Flat,Sindh,Karachi,"Gulistan-e-Jauhar, Karachi, Sindh",3,3,167 Sq. Yd.,For Sale,6/28/2023,PKR90 Lakh
25,House,Sindh,Karachi,"Bahria Town Karachi, Karachi, Sindh",4,3,152 Sq. Yd.,For Sale,6/29/2023,PKR1.43 Crore
26,House,Sindh,Karachi,"Bahria Town Karachi, Karachi, Sindh",3,3,200 Sq. Yd.,For Sale,6/29/2023,PKR1.7 Crore
27,House,Sindh,Karachi,"Bahria Town Karachi, Karachi, Sindh",4,4,350 Sq. Yd.,For Sale,6/29/2023,PKR2.05 Crore
28,House,Sindh,Karachi,"Bahria Town Karachi, Karachi, Sindh",3,3,125 Sq. Yd.,For Sale,6/29/2023,PKR1.4 Crore
29,House,Sindh,Karachi,"Bahria Town Karachi, Karachi, Sindh",3,3,200 Sq. Yd.,For Sale,6/29/2023,PKR1.74 Crore
30,Flat,Sindh,Karachi,"Gulshan-e-Iqbal Town, Karachi, Sindh",2,2,113 Sq. Yd.,For Sale,6/28/2023,PKR1.25 Crore
31,Flat,Sindh,Karachi,"Bahria Town Karachi, Karachi, Sindh",2,2,106 Sq. Yd.,For Sale,6/29/2023,PKR65 Lakh
32,House,Sindh,Karachi,"Bahria Town Karachi, Karachi, Sindh",4,4,350 Sq. Yd.,For Sale,6/29/2023,PKR1.8 Crore
33,House,Sindh,Karachi,"Bahria Town Karachi, Karachi, Sindh",4,4,350 Sq. Yd.,For Sale,6/29/2023,PKR1.8 Crore
34,House,Sindh,Karachi,"Bahria Town Karachi, Karachi, Sindh",3,3,235 Sq. Yd.,For Sale,6/29/2023,PKR1.4 Crore
35,House,Sindh,Karachi,"DHA Defence, Karachi, Sindh",6,6,"2,000 Sq. Yd.",For Sale,6/28/2023,PKR45 Crore
36,House,Sindh,Karachi,"DHA Defence, Karachi, Sindh",6,7,"2,000 Sq. Yd.",For Sale,6/28/2023,PKR46.5 Crore
37,House,Sindh,Karachi,"North Karachi, Karachi, Sindh",3,2,120 Sq. Yd.,For Sale,6/28/2023,PKR2.5 Crore
38,House,Sindh,Karachi,"Bahria Town Karachi, Karachi, Sindh",3,3,200 Sq. Yd.,For Sale,6/28/2023,PKR1.82 Crore
39,House,Sindh,Karachi,"Bahria Town Karachi, Karachi, Sindh",4,4,350 Sq. Yd.,For Sale,6/28/2023,PKR2.15 Crore
40,House,Sindh,Karachi,"Bahria Town Karachi, Karachi, Sindh",3,3,200 Sq. Yd.,For Sale,6/28/2023,PKR1.7 Crore
41,House,Sindh,Karachi,"Navy Housing Scheme Karsaz, Karachi, Sindh",6,5,350 Sq. Yd.,For Sale,6/28/2023,PKR11 Crore
42,House,Sindh,Karachi,"Bahria Town Karachi, Karachi, Sindh",4,4,350 Sq. Yd.,For Sale,6/28/2023,PKR2 Crore
43,Flat,Sindh,Karachi,"DHA Defence, Karachi, Sindh",2,2,100 Sq. Yd.,For Sale,6/28/2023,PKR1.25 Crore
44,Flat,Sindh,Karachi,"Clifton, Karachi, Sindh",3,3,256 Sq. Yd.,For Sale,6/28/2023,PKR2.5 Crore
45,House,Sindh,Karachi,"Bahria Town Karachi, Karachi, Sindh",3,3,235 Sq. Yd.,For Sale,6/28/2023,PKR1.55 Crore
46,House,Sindh,Karachi,"DHA Defence, Karachi, Sindh",6,7,500 Sq. Yd.,For Sale,6/28/2023,PKR10 Crore
47,House,Sindh,Karachi,"Gulshan-e-Iqbal Town, Karachi, Sindh",5,4,240 Sq. Yd.,For Sale,6/28/2023,PKR12 Crore
48,House,Sindh,Karachi,"Bahria Town Karachi, Karachi, Sindh",3,3,125 Sq. Yd.,For Sale,6/28/2023,PKR1.4 Crore
49,Upper Portion,Sindh,Karachi,"North Karachi, Karachi, Sindh",3,3,160 Sq. Yd.,For Sale,6/28/2023,PKR1.65 Crore
50,House,Sindh,Karachi,"Bahria Town Karachi, Karachi, Sindh",4,4,125 Sq. Yd.,For Sale,6/29/2023,PKR1 Crore
51,House,Sindh,Karachi,"Bahria Town Karachi, Karachi, Sindh",3,3,125 Sq. Yd.,For Sale,6/29/2023,PKR1.15 Crore
52,Flat,Sindh,Karachi,"Bahria Town Karachi, Karachi, Sindh",2,2,35 Sq. Yd.,For Sale,6/29/2023,PKR27.84 Lakh
53,House,Sindh,Karachi,"Bahria Town Karachi, Karachi, Sindh",3,3,79 Sq. Yd.,For Sale,6/29/2023,PKR71.23 Lakh
54,Flat,Sindh,Karachi,"Bahria Town Karachi, Karachi, Sindh",2,2,106 Sq. Yd.,For Sale,6/27/2023,PKR75 Lakh
55,Flat,Sindh,Karachi,"Bahria Town Karachi, Karachi, Sindh",2,2,122 Sq. Yd.,For Sale,6/29/2023,PKR55 Lakh
56,Upper Portion,Sindh,Karachi,"Nazimabad, Karachi, Sindh",2,2,89 Sq. Yd.,For Sale,6/29/2023,PKR68 Lakh
57,Flat,Sindh,Karachi,"North Nazimabad, Karachi, Sindh",3,3,178 Sq. Yd.,For Sale,6/29/2023,PKR1.9 Crore
58,House,Sindh,Karachi,"North Nazimabad, Karachi, Sindh",6,6,400 Sq. Yd.,For Sale,6/29/2023,PKR5.25 Crore
59,House,Sindh,Karachi,"Naya Nazimabad, Karachi, Sindh",4,6,120 Sq. Yd.,For Sale,6/29/2023,PKR2.6 Crore
60,Flat,Sindh,Karachi,"DHA Defence, Karachi, Sindh",2,2,106 Sq. Yd.,For Sale,6/28/2023,PKR1.2 Crore
61,House,Sindh,Karachi,"DHA Defence, Karachi, Sindh",5,5,500 Sq. Yd.,For Sale,6/28/2023,PKR11.25 Crore
62,House,Sindh,Karachi,"DHA Defence, Karachi, Sindh",5,4,120 Sq. Yd.,For Sale,6/28/2023,PKR5.65 Crore
63,House,Sindh,Karachi,"DHA Defence, Karachi, Sindh",6,6,500 Sq. Yd.,For Sale,6/28/2023,PKR16 Crore
64,House,Sindh,Karachi,"Bahria Town Karachi, Karachi, Sindh",3,3,125 Sq. Yd.,For Sale,6/28/2023,PKR1.45 Crore
65,House,Sindh,Karachi,"Bahria Town Karachi, Karachi, Sindh",4,4,350 Sq. Yd.,For Sale,6/28/2023,PKR2.05 Crore
66,Flat,Sindh,Karachi,"Gulistan-e-Jauhar, Karachi, Sindh",-,-,167 Sq. Yd.,For Sale,6/28/2023,PKR2.1 Crore
67,House,Sindh,Karachi,"Bahria Town Karachi, Karachi, Sindh",3,3,200 Sq. Yd.,For Sale,6/28/2023,PKR1.7 Crore
68,House,Sindh,Karachi,"Bahria Town Karachi, Karachi, Sindh",3,3,200 Sq. Yd.,For Sale,6/28/2023,PKR2.3 Crore
69,House,Sindh,Karachi,"Cantt, Karachi, Sindh",6,6,500 Sq. Yd.,For Sale,6/28/2023,PKR35 Crore
70,House,Sindh,Karachi,"DHA Defence, Karachi, Sindh",6,6,500 Sq. Yd.,For Sale,6/28/2023,PKR21 Crore
71,House,Sindh,Karachi,"DHA Defence, Karachi, Sindh",6,5,500 Sq. Yd.,For Sale,6/28/2023,PKR14 Crore
72,House,Sindh,Karachi,"DHA Defence, Karachi, Sindh",6,5,500 Sq. Yd.,For Sale,6/28/2023,PKR14 Crore
73,House,Sindh,Karachi,"DHA Defence, Karachi, Sindh",6,5,500 Sq. Yd.,For Sale,6/28/2023,PKR10 Crore
74,House,Sindh,Karachi,"DHA Defence, Karachi, Sindh",6,5,500 Sq. Yd.,For Sale,6/28/2023,PKR18.5 Crore
75,House,Sindh,Karachi,"Bahria Town Karachi, Karachi, Sindh",4,4,350 Sq. Yd.,For Sale,6/29/2023,PKR2 Crore
76,House,Sindh,Karachi,"Bahria Town Karachi, Karachi, Sindh",4,3,125 Sq. Yd.,For Sale,6/29/2023,PKR1.37 Crore
77,House,Sindh,Karachi,"Bahria Town Karachi, Karachi, Sindh",3,3,200 Sq. Yd.,For Sale,6/29/2023,PKR1.78 Crore
78,House,Sindh,Karachi,"Bahria Town Karachi, Karachi, Sindh",3,3,235 Sq. Yd.,For Sale,6/29/2023,PKR1.5 Crore
79,House,Sindh,Karachi,"DHA Defence, Karachi, Sindh",6,6,"1,000 Sq. Yd.",For Sale,6/29/2023,PKR35 Crore
80,House,Sindh,Karachi,"Naya Nazimabad, Karachi, Sindh",6,6,160 Sq. Yd.,For Sale,6/29/2023,PKR3.4 Crore
81,House,Sindh,Karachi,"Naya Nazimabad, Karachi, Sindh",4,4,120 Sq. Yd.,For Sale,6/29/2023,PKR3 Crore
82,Lower Portion,Sindh,Karachi,"North Karachi, Karachi, Sindh",2,2,120 Sq. Yd.,For Sale,6/29/2023,PKR1.35 Crore
83,House,Sindh,Karachi,"Naya Nazimabad, Karachi, Sindh",6,5,160 Sq. Yd.,For Sale,6/29/2023,PKR3.5 Crore
84,House,Sindh,Karachi,"DHA Defence, Karachi, Sindh",6,6,500 Sq. Yd.,For Sale,6/29/2023,PKR14.5 Crore
85,Flat,Sindh,Karachi,"DHA Defence, Karachi, Sindh",4,3,356 Sq. Yd.,For Sale,6/28/2023,PKR6.4 Crore
86,Flat,Sindh,Karachi,"DHA Defence, Karachi, Sindh",4,3,356 Sq. Yd.,For Sale,6/28/2023,PKR6.3 Crore
87,Flat,Sindh,Karachi,"Gulistan-e-Jauhar, Karachi, Sindh",-,-,167 Sq. Yd.,For Sale,6/27/2023,PKR2.1 Crore
88,House,Sindh,Karachi,"Gulistan-e-Jauhar, Karachi, Sindh",6,6,240 Sq. Yd.,For Sale,6/28/2023,PKR6 Crore
89,House,Sindh,Karachi,"DHA Defence, Karachi, Sindh",6,6,600 Sq. Yd.,For Sale,6/28/2023,PKR14 Crore
90,Upper Portion,Sindh,Karachi,"Federal B Area, Karachi, Sindh",2,2,70 Sq. Yd.,For Sale,6/28/2023,PKR68 Lakh
91,Flat,Sindh,Karachi,"Gulistan-e-Jauhar, Karachi, Sindh",4,3,200 Sq. Yd.,For Sale,6/28/2023,PKR2.25 Crore
92,Flat,Sindh,Karachi,"DHA Defence, Karachi, Sindh",3,3,189 Sq. Yd.,For Sale,6/28/2023,PKR2.45 Crore
93,House,Sindh,Karachi,"DHA Defence, Karachi, Sindh",5,5,300 Sq. Yd.,For Sale,6/28/2023,PKR7.5 Crore
94,House,Sindh,Karachi,"DHA Defence, Karachi, Sindh",4,3,404 Sq. Yd.,For Sale,6/28/2023,PKR8.5 Crore
95,Flat,Sindh,Karachi,"University Road, Karachi, Sindh",2,2,78 Sq. Yd.,For Sale,6/28/2023,PKR68.5 Lakh
96,House,Sindh,Karachi,"Bahria Town Karachi, Karachi, Sindh",3,3,200 Sq. Yd.,For Sale,6/28/2023,PKR2.35 Crore
97,House,Sindh,Karachi,"Bahria Town Karachi, Karachi, Sindh",3,3,152 Sq. Yd.,For Sale,6/28/2023,PKR1.8 Crore
98,House,Sindh,Karachi,"Bahria Town Karachi, Karachi, Sindh",3,3,152 Sq. Yd.,For Sale,6/28/2023,PKR1.55 Crore
99,House,Sindh,Karachi,"Bahria Town Karachi, Karachi, Sindh",3,3,152 Sq. Yd.,For Sale,6/28/2023,PKR1.44 Crore
100,House,Sindh,Karachi,"Cantt, Karachi, Sindh",5,5,500 Sq. Yd.,For Sale,6/30/2023,PKR9 Crore
101,House,Sindh,Karachi,"Cantt, Karachi, Sindh",5,5,375 Sq. Yd.,For Sale,6/30/2023,PKR6.7 Crore
102,Flat,Sindh,Karachi,"Cantt, Karachi, Sindh",3,3,300 Sq. Yd.,For Sale,6/30/2023,PKR3.9 Crore
103,Flat,Sindh,Karachi,"Cantt, Karachi, Sindh",4,4,333 Sq. Yd.,For Sale,6/30/2023,PKR5 Crore
104,Flat,Sindh,Karachi,"Cantt, Karachi, Sindh",3,3,289 Sq. Yd.,For Sale,6/30/2023,PKR3.3 Crore
105,House,Sindh,Karachi,"DHA Defence, Karachi, Sindh",6,5,500 Sq. Yd.,For Sale,6/29/2023,PKR12.5 Crore
106,House,Sindh,Karachi,"Bahria Town Karachi, Karachi, Sindh",5,4,125 Sq. Yd.,For Sale,6/29/2023,PKR1.45 Crore
107,House,Sindh,Karachi,"Bahria Town Karachi, Karachi, Sindh",3,3,200 Sq. Yd.,For Sale,6/29/2023,PKR1.75 Crore
108,House,Sindh,Karachi,"Gulistan-e-Jauhar, Karachi, Sindh",6,9,400 Sq. Yd.,For Sale,6/29/2023,PKR7.15 Crore
109,Flat,Sindh,Karachi,"DHA Defence, Karachi, Sindh",4,3,356 Sq. Yd.,For Sale,6/28/2023,PKR6.75 Crore
110,Flat,Sindh,Karachi,"Clifton, Karachi, Sindh",4,3,226 Sq. Yd.,For Sale,6/28/2023,PKR5.25 Crore
111,Flat,Sindh,Karachi,"Malir, Karachi, Sindh",3,3,161 Sq. Yd.,For Sale,6/28/2023,PKR1.45 Crore
112,Flat,Sindh,Karachi,"Malir, Karachi, Sindh",2,2,120 Sq. Yd.,For Sale,6/28/2023,PKR95 Lakh
113,Flat,Sindh,Karachi,"Teacher Society, Karachi, Sindh",3,3,156 Sq. Yd.,For Sale,6/29/2023,PKR1.1 Crore
114,Flat,Sindh,Karachi,"Scheme 33, Karachi, Sindh",3,2,103 Sq. Yd.,For Sale,6/29/2023,PKR76 Lakh
115,House,Sindh,Karachi,"Scheme 33, Karachi, Sindh",5,5,200 Sq. Yd.,For Sale,6/29/2023,PKR3.45 Crore
116,Flat,Sindh,Karachi,"Bahria Town Karachi, Karachi, Sindh",2,2,106 Sq. Yd.,For Sale,6/28/2023,PKR80 Lakh
117,Flat,Sindh,Karachi,"Bahria Town Karachi, Karachi, Sindh",3,3,235 Sq. Yd.,For Sale,6/28/2023,PKR1.51 Crore
118,Flat,Sindh,Karachi,"DHA Defence, Karachi, Sindh",3,3,122 Sq. Yd.,For Sale,6/28/2023,PKR1.4 Crore
119,Flat,Sindh,Karachi,"DHA Defence, Karachi, Sindh",2,2,106 Sq. Yd.,For Sale,6/28/2023,PKR1.4 Crore
120,House,Sindh,Karachi,"DHA Defence, Karachi, Sindh",6,6,"1,000 Sq. Yd.",For Sale,6/28/2023,PKR24 Crore
121,House,Sindh,Karachi,"DHA Defence, Karachi, Sindh",9,9,600 Sq. Yd.,For Sale,6/28/2023,PKR11.75 Crore
122,House,Sindh,Karachi,"DHA Defence, Karachi, Sindh",5,4,262 Sq. Yd.,For Sale,6/28/2023,PKR6.25 Crore
123,House,Sindh,Karachi,"DHA Defence, Karachi, Sindh",6,5,500 Sq. Yd.,For Sale,6/28/2023,PKR10.5 Crore
124,Flat,Sindh,Karachi,"Cantt, Karachi, Sindh",3,3,289 Sq. Yd.,For Sale,6/30/2023,PKR3.75 Crore
125,House,Sindh,Karachi,"Cantt, Karachi, Sindh",5,5,375 Sq. Yd.,For Sale,6/30/2023,PKR7.2 Crore
126,House,Sindh,Karachi,"Cantt, Karachi, Sindh",5,5,377 Sq. Yd.,For Sale,6/30/2023,PKR7.3 Crore
127,Flat,Sindh,Karachi,"Cantt, Karachi, Sindh",3,3,300 Sq. Yd.,For Sale,6/30/2023,PKR4 Crore
128,House,Sindh,Karachi,"Cantt, Karachi, Sindh",5,5,377 Sq. Yd.,For Sale,6/30/2023,PKR7.1 Crore
129,Flat,Sindh,Karachi,"Gulshan-e-Iqbal Town, Karachi, Sindh",2,2,89 Sq. Yd.,For Sale,6/29/2023,PKR70 Lakh
130,House,Sindh,Karachi,"Bahria Town Karachi, Karachi, Sindh",3,3,200 Sq. Yd.,For Sale,6/29/2023,PKR1.65 Crore
131,House,Sindh,Karachi,"Bahria Town Karachi, Karachi, Sindh",4,3,125 Sq. Yd.,For Sale,6/29/2023,PKR1.77 Crore
132,Flat,Sindh,Karachi,"Bahria Town Karachi, Karachi, Sindh",2,2,96 Sq. Yd.,For Sale,6/29/2023,PKR82.1 Lakh
133,Flat,Sindh,Karachi,"Defence View Society, Karachi, Sindh",2,2,120 Sq. Yd.,For Sale,6/29/2023,PKR1.3 Crore
134,Flat,Sindh,Karachi,"DHA Defence, Karachi, Sindh",-,2,200 Sq. Yd.,For Sale,6/29/2023,PKR9.75 Crore
135,Flat,Sindh,Karachi,"DHA Defence, Karachi, Sindh",3,2,167 Sq. Yd.,For Sale,6/29/2023,PKR6 Crore
136,House,Sindh,Karachi,"Bahria Town Karachi, Karachi, Sindh",3,3,125 Sq. Yd.,For Sale,6/29/2023,PKR1.3 Crore
137,House,Sindh,Karachi,"Bahria Town Karachi, Karachi, Sindh",3,3,200 Sq. Yd.,For Sale,6/29/2023,PKR1.75 Crore
138,House,Sindh,Karachi,"Bahria Town Karachi, Karachi, Sindh",3,3,152 Sq. Yd.,For Sale,6/29/2023,PKR1.4 Crore
139,House,Sindh,Karachi,"Bahria Town Karachi, Karachi, Sindh",4,4,350 Sq. Yd.,For Sale,6/29/2023,PKR1.85 Crore
140,House,Sindh,Karachi,"Bahria Town Karachi, Karachi, Sindh",3,3,152 Sq. Yd.,For Sale,6/29/2023,PKR1.35 Crore
141,House,Sindh,Karachi,"DHA Defence, Karachi, Sindh",6,6,500 Sq. Yd.,For Sale,6/28/2023,PKR22 Crore
142,Flat,Sindh,Karachi,"DHA Defence, Karachi, Sindh",3,3,128 Sq. Yd.,For Sale,6/28/2023,PKR1.4 Crore
143,House,Sindh,Karachi,"DHA Defence, Karachi, Sindh",6,5,500 Sq. Yd.,For Sale,6/28/2023,PKR11.75 Crore
144,Flat,Sindh,Karachi,"DHA Defence, Karachi, Sindh",2,2,106 Sq. Yd.,For Sale,6/28/2023,PKR1.3 Crore
145,House,Sindh,Karachi,"DHA Defence, Karachi, Sindh",6,6,300 Sq. Yd.,For Sale,6/28/2023,PKR7.6 Crore
146,House,Sindh,Karachi,"DHA Defence, Karachi, Sindh",5,4,500 Sq. Yd.,For Sale,6/28/2023,PKR11 Crore
147,House,Sindh,Karachi,"DHA Defence, Karachi, Sindh",6,10,"1,000 Sq. Yd.",For Sale,6/28/2023,PKR23 Crore
148,Flat,Sindh,Karachi,"DHA Defence, Karachi, Sindh",2,2,100 Sq. Yd.,For Sale,6/28/2023,PKR1.35 Crore
149,House,Sindh,Karachi,"Bahria Town Karachi, Karachi, Sindh",4,4,250 Sq. Yd.,For Sale,6/30/2023,PKR3.4 Crore
150,House,Sindh,Karachi,"Bahria Town Karachi, Karachi, Sindh",5,4,350 Sq. Yd.,For Sale,6/30/2023,PKR1.98 Crore
151,House,Sindh,Karachi,"Bahria Town Karachi, Karachi, Sindh",6,7,510 Sq. Yd.,For Sale,6/30/2023,PKR7 Crore
152,House,Sindh,Karachi,"Bahria Town Karachi, Karachi, Sindh",3,3,235 Sq. Yd.,For Sale,6/30/2023,PKR1.49 Crore
153,House,Sindh,Karachi,"Bahria Town Karachi, Karachi, Sindh",3,3,152 Sq. Yd.,For Sale,6/30/2023,PKR1.35 Crore
154,Flat,Sindh,Karachi,"Navy Housing Scheme Karsaz, Karachi, Sindh",4,4,467 Sq. Yd.,For Sale,6/29/2023,PKR8.45 Crore
155,House,Sindh,Karachi,"Bahria Town Karachi, Karachi, Sindh",5,4,350 Sq. Yd.,For Sale,6/29/2023,PKR2.23 Crore
156,House,Sindh,Karachi,"Naya Nazimabad, Karachi, Sindh",6,6,240 Sq. Yd.,For Sale,6/29/2023,PKR4.3 Crore
157,House,Sindh,Karachi,"DHA Defence, Karachi, Sindh",4,4,500 Sq. Yd.,For Sale,6/29/2023,PKR8.5 Crore
158,House,Sindh,Karachi,"DHA Defence, Karachi, Sindh",6,6,"1,000 Sq. Yd.",For Sale,6/29/2023,PKR35 Crore
159,House,Sindh,Karachi,"Cantt, Karachi, Sindh",5,5,375 Sq. Yd.,For Sale,6/29/2023,PKR7.5 Crore
160,Flat,Sindh,Karachi,"Cantt, Karachi, Sindh",6,5,375 Sq. Yd.,For Sale,6/29/2023,PKR8.25 Crore
161,Flat,Sindh,Karachi,"Bahria Town Karachi, Karachi, Sindh",2,2,122 Sq. Yd.,For Sale,6/29/2023,PKR70 Lakh
162,House,Sindh,Karachi,"Bahria Town Karachi, Karachi, Sindh",3,3,125 Sq. Yd.,For Sale,6/29/2023,PKR1.3 Crore
163,House,Sindh,Karachi,"Bahria Town Karachi, Karachi, Sindh",3,3,235 Sq. Yd.,For Sale,6/29/2023,PKR1.35 Crore
164,House,Sindh,Karachi,"Bahria Town Karachi, Karachi, Sindh",3,3,152 Sq. Yd.,For Sale,6/29/2023,PKR1.85 Crore
165,House,Sindh,Karachi,"Bahria Town Karachi, Karachi, Sindh",3,3,350 Sq. Yd.,For Sale,6/29/2023,PKR1.7 Crore
166,Flat,Sindh,Karachi,"DHA Defence, Karachi, Sindh",4,3,411 Sq. Yd.,For Sale,6/28/2023,PKR8 Crore
167,Flat,Sindh,Karachi,"DHA Defence, Karachi, Sindh",5,4,416 Sq. Yd.,For Sale,6/28/2023,PKR7.49 Crore
168,Flat,Sindh,Karachi,"DHA Defence, Karachi, Sindh",5,4,400 Sq. Yd.,For Sale,6/28/2023,PKR6.5 Crore
169,Flat,Sindh,Karachi,"Clifton, Karachi, Sindh",3,2,149 Sq. Yd.,For Sale,6/28/2023,PKR3 Crore
170,House,Sindh,Karachi,"DHA Defence, Karachi, Sindh",5,4,120 Sq. Yd.,For Sale,6/28/2023,PKR6.3 Crore
171,House,Sindh,Karachi,"Cantt, Karachi, Sindh",5,5,375 Sq. Yd.,For Sale,6/28/2023,PKR7.25 Crore
172,Flat,Sindh,Karachi,"Kashmir Colony, Karachi, Sindh",2,2,87 Sq. Yd.,For Sale,6/28/2023,PKR42 Lakh
173,Flat,Sindh,Karachi,"Jamshed Town, Karachi, Sindh",2,2,87 Sq. Yd.,For Sale,6/28/2023,PKR42 Lakh
174,House,Sindh,Karachi,"Bahria Town Karachi, Karachi, Sindh",4,4,350 Sq. Yd.,For Sale,6/30/2023,PKR1.95 Crore
175,House,Sindh,Karachi,"Bahria Town Karachi, Karachi, Sindh",3,3,200 Sq. Yd.,For Sale,6/30/2023,PKR1.8 Crore
176,House,Sindh,Karachi,"Bahria Town Karachi, Karachi, Sindh",3,3,125 Sq. Yd.,For Sale,6/30/2023,PKR1.55 Crore
177,House,Sindh,Karachi,"Bahria Town Karachi, Karachi, Sindh",3,3,235 Sq. Yd.,For Sale,6/30/2023,PKR1.6 Crore
178,Flat,Sindh,Karachi,"DHA Defence, Karachi, Sindh",3,3,200 Sq. Yd.,For Sale,6/29/2023,PKR3.5 Crore
179,House,Sindh,Karachi,"DHA Defence, Karachi, Sindh",6,6,500 Sq. Yd.,For Sale,6/29/2023,PKR10.5 Crore
180,Flat,Sindh,Karachi,"DHA Defence, Karachi, Sindh",3,3,189 Sq. Yd.,For Sale,6/29/2023,PKR2.75 Crore
181,Upper Portion,Sindh,Karachi,"North Nazimabad, Karachi, Sindh",3,3,256 Sq. Yd.,For Sale,6/29/2023,PKR2.6 Crore
182,Flat,Sindh,Karachi,"Bahria Town Karachi, Karachi, Sindh",2,2,106 Sq. Yd.,For Sale,6/29/2023,PKR67 Lakh
183,Flat,Sindh,Karachi,"Cantt, Karachi, Sindh",6,5,375 Sq. Yd.,For Sale,6/29/2023,PKR8.25 Crore
184,Flat,Sindh,Karachi,"DHA Defence, Karachi, Sindh",3,3,244 Sq. Yd.,For Sale,6/29/2023,PKR5.85 Crore
185,House,Sindh,Karachi,"Bahria Town Karachi, Karachi, Sindh",4,4,350 Sq. Yd.,For Sale,6/29/2023,PKR1.7 Crore
186,Flat,Sindh,Karachi,"Bahria Town Karachi, Karachi, Sindh",2,2,122 Sq. Yd.,For Sale,6/29/2023,PKR55 Lakh
187,House,Sindh,Karachi,"Bahria Town Karachi, Karachi, Sindh",3,3,200 Sq. Yd.,For Sale,6/29/2023,PKR1.65 Crore
188,Flat,Sindh,Karachi,"Bahria Town Karachi, Karachi, Sindh",2,2,122 Sq. Yd.,For Sale,6/29/2023,PKR60 Lakh
189,House,Sindh,Karachi,"Bahria Town Karachi, Karachi, Sindh",3,3,125 Sq. Yd.,For Sale,6/29/2023,PKR1.4 Crore
190,Flat,Sindh,Karachi,"P & T Colony, Karachi, Sindh",3,3,181 Sq. Yd.,For Sale,6/28/2023,PKR70 Lakh
191,House,Sindh,Karachi,"Bahria Town Karachi, Karachi, Sindh",3,3,200 Sq. Yd.,For Sale,6/28/2023,PKR1.7 Crore
192,Flat,Sindh,Karachi,"Gadap Town, Karachi, Sindh",2,2,167 Sq. Yd.,For Sale,6/28/2023,PKR1.25 Crore
193,House,Sindh,Karachi,"Saadi Road, Karachi, Sindh",2,2,94 Sq. Yd.,For Sale,6/28/2023,PKR64 Lakh
194,House,Sindh,Karachi,"DHA Defence, Karachi, Sindh",4,4,100 Sq. Yd.,For Sale,6/28/2023,PKR3.85 Crore
195,House,Sindh,Karachi,"DHA Defence, Karachi, Sindh",3,3,100 Sq. Yd.,For Sale,6/28/2023,PKR4.1 Crore
196,House,Sindh,Karachi,"DHA Defence, Karachi, Sindh",6,6,500 Sq. Yd.,For Sale,6/28/2023,PKR12.5 Crore
197,House,Sindh,Karachi,"Bahria Town Karachi, Karachi, Sindh",3,3,125 Sq. Yd.,For Sale,6/28/2023,PKR1.4 Crore
198,House,Sindh,Karachi,"Bahria Town Karachi, Karachi, Sindh",-,3,200 Sq. Yd.,For Sale,6/30/2023,PKR1.75 Crore
199,Flat,Sindh,Karachi,"Bahria Town Karachi, Karachi, Sindh",2,2,122 Sq. Yd.,For Sale,6/30/2023,PKR70 Lakh
200,House,Sindh,Karachi,"Bahria Town Karachi, Karachi, Sindh",3,3,235 Sq. Yd.,For Sale,6/30/2023,PKR1.5 Crore
201,Flat,Sindh,Karachi,"Gadap Town, Karachi, Sindh",2,2,67 Sq. Yd.,For Sale,7/1/2023,PKR55 Lakh
202,Flat,Sindh,Karachi,"Jamshed Road, Karachi, Sindh",4,4,244 Sq. Yd.,For Sale,7/1/2023,PKR4.2 Crore
203,House,Sindh,Karachi,"Bahria Town Karachi, Karachi, Sindh",5,4,350 Sq. Yd.,For Sale,6/29/2023,PKR2.2 Crore
204,House,Sindh,Karachi,"Bahria Town Karachi, Karachi, Sindh",3,3,200 Sq. Yd.,For Sale,6/29/2023,PKR1.7 Crore
205,House,Sindh,Karachi,"DHA Defence, Karachi, Sindh",6,6,"1,000 Sq. Yd.",For Sale,6/29/2023,PKR24 Crore
206,House,Sindh,Karachi,"DHA Defence, Karachi, Sindh",5,4,500 Sq. Yd.,For Sale,6/29/2023,PKR9.25 Crore
207,House,Sindh,Karachi,"Bahria Town Karachi, Karachi, Sindh",4,4,250 Sq. Yd.,For Sale,6/29/2023,PKR3 Crore
208,Flat,Sindh,Karachi,"Bahria Town Karachi, Karachi, Sindh",2,2,122 Sq. Yd.,For Sale,6/29/2023,PKR55 Lakh
209,Flat,Sindh,Karachi,"Gulistan-e-Jauhar, Karachi, Sindh",2,2,100 Sq. Yd.,For Sale,6/29/2023,PKR65 Lakh
210,House,Sindh,Karachi,"Bahria Town Karachi, Karachi, Sindh",3,3,152 Sq. Yd.,For Sale,6/29/2023,PKR1.32 Crore
211,Upper Portion,Sindh,Karachi,"North Nazimabad, Karachi, Sindh",3,3,233 Sq. Yd.,For Sale,6/29/2023,PKR1.9 Crore
212,Lower Portion,Sindh,Karachi,"North Nazimabad, Karachi, Sindh",2,2,95 Sq. Yd.,For Sale,6/29/2023,PKR93 Lakh
213,House,Sindh,Karachi,"North Nazimabad, Karachi, Sindh",-,6,500 Sq. Yd.,For Sale,6/29/2023,PKR14 Crore
214,House,Sindh,Karachi,"Bahria Town Karachi, Karachi, Sindh",3,3,200 Sq. Yd.,For Sale,6/28/2023,PKR1.75 Crore
215,House,Sindh,Karachi,"Bahria Town Karachi, Karachi, Sindh",3,3,235 Sq. Yd.,For Sale,6/28/2023,PKR1.6 Crore
216,House,Sindh,Karachi,"Bahria Town Karachi, Karachi, Sindh",5,5,500 Sq. Yd.,For Sale,6/28/2023,PKR4.5 Crore
217,House,Sindh,Karachi,"Bahria Town Karachi, Karachi, Sindh",4,4,350 Sq. Yd.,For Sale,6/28/2023,PKR2.25 Crore
218,House,Sindh,Karachi,"Bahria Town Karachi, Karachi, Sindh",3,3,235 Sq. Yd.,For Sale,6/28/2023,PKR1.45 Crore
219,Flat,Sindh,Karachi,"Bahria Town Karachi, Karachi, Sindh",2,2,122 Sq. Yd.,For Sale,6/28/2023,PKR80 Lakh
220,Flat,Sindh,Karachi,"Bahria Town Karachi, Karachi, Sindh",2,2,106 Sq. Yd.,For Sale,6/28/2023,PKR75 Lakh
221,House,Sindh,Karachi,"Bahria Town Karachi, Karachi, Sindh",3,3,235 Sq. Yd.,For Sale,6/28/2023,PKR1.45 Crore
222,House,Sindh,Karachi,"Bahria Town Karachi, Karachi, Sindh",6,5,500 Sq. Yd.,For Sale,7/1/2023,PKR4.7 Crore
223,House,Sindh,Karachi,"Bahria Town Karachi, Karachi, Sindh",3,3,152 Sq. Yd.,For Sale,7/1/2023,PKR1.42 Crore
224,Flat,Sindh,Karachi,"Airport, Karachi, Sindh",4,3,133 Sq. Yd.,For Sale,7/1/2023,PKR1.75 Crore
225,Flat,Sindh,Karachi,"Bahria Town Karachi, Karachi, Sindh",2,2,122 Sq. Yd.,For Sale,7/1/2023,PKR60 Lakh
226,Flat,Sindh,Karachi,"Scheme 33, Karachi, Sindh",4,3,194 Sq. Yd.,For Sale,7/1/2023,PKR2 Crore
227,Flat,Sindh,Karachi,"Gulistan-e-Jauhar, Karachi, Sindh",3,3,189 Sq. Yd.,For Sale,6/29/2023,PKR2.7 Crore
228,House,Sindh,Karachi,"Scheme 33, Karachi, Sindh",5,4,120 Sq. Yd.,For Sale,6/30/2023,PKR3 Crore
229,House,Sindh,Karachi,"Scheme 33, Karachi, Sindh",5,4,120 Sq. Yd.,For Sale,6/30/2023,PKR3.2 Crore
230,House,Sindh,Karachi,"DHA Defence, Karachi, Sindh",4,3,404 Sq. Yd.,For Sale,6/30/2023,PKR9 Crore
231,House,Sindh,Karachi,"Bahria Town Karachi, Karachi, Sindh",3,3,235 Sq. Yd.,For Sale,6/29/2023,PKR1.43 Crore
232,House,Sindh,Karachi,"DHA Defence, Karachi, Sindh",10,10,500 Sq. Yd.,For Sale,6/29/2023,PKR11.85 Crore
233,Upper Portion,Sindh,Karachi,"North Nazimabad, Karachi, Sindh",3,3,180 Sq. Yd.,For Sale,6/29/2023,PKR1.4 Crore
234,Upper Portion,Sindh,Karachi,"Gulistan-e-Jauhar, Karachi, Sindh",3,3,140 Sq. Yd.,For Sale,6/29/2023,PKR1.12 Crore
235,House,Sindh,Karachi,"North Karachi, Karachi, Sindh",6,6,240 Sq. Yd.,For Sale,6/29/2023,PKR2.8 Crore
236,Upper Portion,Sindh,Karachi,"North Nazimabad, Karachi, Sindh",3,3,200 Sq. Yd.,For Sale,6/29/2023,PKR1.7 Crore
237,Upper Portion,Sindh,Karachi,"Nazimabad, Karachi, Sindh",2,2,106 Sq. Yd.,For Sale,6/29/2023,PKR65 Lakh
238,House,Sindh,Karachi,"Bahria Town Karachi, Karachi, Sindh",3,3,200 Sq. Yd.,For Sale,6/28/2023,PKR1.75 Crore
239,House,Sindh,Karachi,"Bahria Town Karachi, Karachi, Sindh",3,3,200 Sq. Yd.,For Sale,6/28/2023,PKR2.3 Crore
240,House,Sindh,Karachi,"Bahria Town Karachi, Karachi, Sindh",3,3,235 Sq. Yd.,For Sale,6/28/2023,PKR1.45 Crore
241,House,Sindh,Karachi,"Bahria Town Karachi, Karachi, Sindh",3,3,200 Sq. Yd.,For Sale,6/28/2023,PKR1.7 Crore
242,House,Sindh,Karachi,"Bahria Town Karachi, Karachi, Sindh",4,4,350 Sq. Yd.,For Sale,6/28/2023,PKR2.15 Crore
243,House,Sindh,Karachi,"Gulistan-e-Jauhar, Karachi, Sindh",6,6,400 Sq. Yd.,For Sale,6/28/2023,PKR6.85 Crore
244,House,Sindh,Karachi,"Gulistan-e-Jauhar, Karachi, Sindh",6,6,240 Sq. Yd.,For Sale,6/28/2023,PKR5.65 Crore
245,Flat,Sindh,Karachi,"Gulistan-e-Jauhar, Karachi, Sindh",2,2,128 Sq. Yd.,For Sale,6/28/2023,PKR1.65 Crore
246,House,Sindh,Karachi,"DHA Defence, Karachi, Sindh",5,5,670 Sq. Yd.,For Sale,7/1/2023,PKR13.5 Crore
247,House,Sindh,Karachi,"Bahria Town Karachi, Karachi, Sindh",6,5,272 Sq. Yd.,For Sale,7/1/2023,PKR3.55 Crore
248,House,Sindh,Karachi,"Bahria Town Karachi, Karachi, Sindh",3,3,152 Sq. Yd.,For Sale,6/27/2023,PKR1.5 Crore
249,House,Sindh,Karachi,"Bahria Town Karachi, Karachi, Sindh",3,3,235 Sq. Yd.,For Sale,7/2/2023,PKR1.5 Crore
250,House,Sindh,Karachi,"Bahria Town Karachi, Karachi, Sindh",5,5,500 Sq. Yd.,For Sale,7/2/2023,PKR4.3 Crore
251,Lower Portion,Sindh,Karachi,"Gulistan-e-Jauhar, Karachi, Sindh",3,3,240 Sq. Yd.,For Sale,6/30/2023,PKR2.5 Crore
252,House,Sindh,Karachi,"DHA Defence, Karachi, Sindh",7,6,500 Sq. Yd.,For Sale,6/30/2023,PKR12 Crore
253,House,Sindh,Karachi,"Gulistan-e-Jauhar, Karachi, Sindh",6,5,400 Sq. Yd.,For Sale,6/30/2023,PKR7 Crore
254,House,Sindh,Karachi,"Karachi Motorway, Karachi, Sindh",3,3,120 Sq. Yd.,For Sale,6/30/2023,PKR90 Lakh
255,House,Sindh,Karachi,"Bahria Town Karachi, Karachi, Sindh",5,4,125 Sq. Yd.,For Sale,6/30/2023,PKR1.48 Crore
256,House,Sindh,Karachi,"Gulshan-e-Iqbal Town, Karachi, Sindh",5,4,250 Sq. Yd.,For Sale,6/29/2023,PKR6 Crore
257,Flat,Sindh,Karachi,"Bahria Town Karachi, Karachi, Sindh",4,3,250 Sq. Yd.,For Sale,6/29/2023,PKR1.8 Crore
258,Upper Portion,Sindh,Karachi,"Nazimabad, Karachi, Sindh",-,-,108 Sq. Yd.,For Sale,6/29/2023,PKR85 Lakh
259,Upper Portion,Sindh,Karachi,"Nazimabad, Karachi, Sindh",-,-,108 Sq. Yd.,For Sale,6/29/2023,PKR82 Lakh
260,Upper Portion,Sindh,Karachi,"Nazimabad, Karachi, Sindh",-,-,94 Sq. Yd.,For Sale,6/29/2023,PKR55 Lakh
261,Upper Portion,Sindh,Karachi,"Nazimabad, Karachi, Sindh",4,4,200 Sq. Yd.,For Sale,6/29/2023,PKR1.05 Crore
262,Flat,Sindh,Karachi,"Nazimabad, Karachi, Sindh",2,2,89 Sq. Yd.,For Sale,6/29/2023,PKR65 Lakh
263,House,Sindh,Karachi,"Gulistan-e-Jauhar, Karachi, Sindh",5,5,240 Sq. Yd.,For Sale,6/28/2023,PKR4.6 Crore
264,House,Sindh,Karachi,"Scheme 33, Karachi, Sindh",6,6,240 Sq. Yd.,For Sale,6/28/2023,PKR4.55 Crore
265,House,Sindh,Karachi,"Scheme 33, Karachi, Sindh",4,4,120 Sq. Yd.,For Sale,6/28/2023,PKR2.5 Crore
266,Flat,Sindh,Karachi,"Gulshan-e-Iqbal Town, Karachi, Sindh",4,4,209 Sq. Yd.,For Sale,6/29/2023,PKR2.6 Crore
267,House,Sindh,Karachi,"DHA Defence, Karachi, Sindh",4,3,100 Sq. Yd.,For Sale,6/27/2023,PKR4.3 Crore
268,House,Sindh,Karachi,"DHA Defence, Karachi, Sindh",4,4,120 Sq. Yd.,For Sale,6/27/2023,PKR4.4 Crore
269,House,Sindh,Karachi,"DHA Defence, Karachi, Sindh",-,-,120 Sq. Yd.,For Sale,6/27/2023,PKR4.25 Crore
270,House,Sindh,Karachi,"Bahria Town Karachi, Karachi, Sindh",3,3,200 Sq. Yd.,For Sale,6/27/2023,PKR1.75 Crore
271,House,Sindh,Karachi,"Bahria Town Karachi, Karachi, Sindh",5,4,125 Sq. Yd.,For Sale,7/2/2023,PKR1.5 Crore
272,Flat,Sindh,Karachi,"Cantt, Karachi, Sindh",3,3,306 Sq. Yd.,For Sale,7/2/2023,PKR3.8 Crore
273,House,Sindh,Karachi,"Bahria Town Karachi, Karachi, Sindh",-,9,"1,000 Sq. Yd.",For Sale,7/2/2023,PKR11 Crore
274,Flat,Sindh,Karachi,"Jinnah Avenue, Karachi, Sindh",4,3,233 Sq. Yd.,For Sale,7/2/2023,PKR3.4 Crore
275,House,Sindh,Karachi,"Bahria Town Karachi, Karachi, Sindh",5,4,350 Sq. Yd.,For Sale,6/30/2023,PKR2 Crore
276,Flat,Sindh,Karachi,"Shaheed Millat Road, Karachi, Sindh",3,3,158 Sq. Yd.,For Sale,6/30/2023,PKR2.7 Crore
277,House,Sindh,Karachi,"DHA Defence, Karachi, Sindh",4,4,100 Sq. Yd.,For Sale,6/30/2023,PKR4 Crore
278,House,Sindh,Karachi,"North Nazimabad, Karachi, Sindh",-,7,400 Sq. Yd.,For Sale,6/30/2023,PKR5.5 Crore
279,House,Sindh,Karachi,"Bahria Town Karachi, Karachi, Sindh",3,3,79 Sq. Yd.,For Sale,6/27/2023,PKR71.23 Lakh
280,Lower Portion,Sindh,Karachi,"Nazimabad, Karachi, Sindh",-,-,150 Sq. Yd.,For Sale,6/29/2023,PKR1.4 Crore
281,Upper Portion,Sindh,Karachi,"North Nazimabad, Karachi, Sindh",3,3,160 Sq. Yd.,For Sale,6/29/2023,PKR1.05 Crore
282,Flat,Sindh,Karachi,"Nazimabad, Karachi, Sindh",-,-,83 Sq. Yd.,For Sale,6/29/2023,PKR45 Lakh
283,House,Sindh,Karachi,"Gulshan-e-Iqbal Town, Karachi, Sindh",6,9,240 Sq. Yd.,For Sale,6/29/2023,PKR6.25 Crore
284,House,Sindh,Karachi,"Gulshan-e-Iqbal Town, Karachi, Sindh",6,7,450 Sq. Yd.,For Sale,6/29/2023,PKR10.5 Crore
285,House,Sindh,Karachi,"DHA Defence, Karachi, Sindh",4,3,100 Sq. Yd.,For Sale,6/27/2023,PKR4.4 Crore
286,Flat,Sindh,Karachi,"Naya Nazimabad, Karachi, Sindh",3,3,198 Sq. Yd.,For Sale,6/29/2023,PKR2.19 Crore
287,Flat,Sindh,Karachi,"Naya Nazimabad, Karachi, Sindh",3,3,198 Sq. Yd.,For Sale,6/29/2023,PKR2.19 Crore
288,Flat,Sindh,Karachi,"Naya Nazimabad, Karachi, Sindh",2,2,139 Sq. Yd.,For Sale,6/29/2023,PKR1.45 Crore
289,Flat,Sindh,Karachi,"Naya Nazimabad, Karachi, Sindh",2,2,139 Sq. Yd.,For Sale,6/29/2023,PKR1.62 Crore
290,Flat,Sindh,Karachi,"Naya Nazimabad, Karachi, Sindh",2,2,139 Sq. Yd.,For Sale,6/29/2023,PKR1.62 Crore
291,Flat,Sindh,Karachi,"Naya Nazimabad, Karachi, Sindh",2,2,139 Sq. Yd.,For Sale,6/29/2023,PKR1.6 Crore
292,Flat,Sindh,Karachi,"Naya Nazimabad, Karachi, Sindh",2,2,139 Sq. Yd.,For Sale,6/29/2023,PKR1.45 Crore
293,Flat,Sindh,Karachi,"DHA Defence, Karachi, Sindh",3,2,244 Sq. Yd.,For Sale,7/2/2023,PKR5.2 Crore
294,Flat,Sindh,Karachi,"DHA Defence, Karachi, Sindh",2,1,125 Sq. Yd.,For Sale,7/2/2023,PKR3.5 Crore
295,Flat,Sindh,Karachi,"DHA Defence, Karachi, Sindh",3,2,216 Sq. Yd.,For Sale,7/2/2023,PKR7.95 Crore
296,House,Sindh,Karachi,"Clifton, Karachi, Sindh",6,6,520 Sq. Yd.,For Sale,7/2/2023,PKR13.75 Crore
297,House,Sindh,Karachi,"Zamzama, Karachi, Sindh",6,6,520 Sq. Yd.,For Sale,7/2/2023,PKR13.75 Crore
298,Flat,Sindh,Karachi,"Scheme 33, Karachi, Sindh",2,2,122 Sq. Yd.,For Sale,6/30/2023,PKR80 Lakh
299,Flat,Sindh,Karachi,"Chapal Courtyard, Karachi, Sindh",2,2,106 Sq. Yd.,For Sale,6/30/2023,PKR1.1 Crore
300,Flat,Sindh,Karachi,"Clifton, Karachi, Sindh",4,3,256 Sq. Yd.,For Sale,6/30/2023,PKR6 Crore
301,Flat,Sindh,Karachi,"Gulshan-e-Iqbal Town, Karachi, Sindh",3,3,200 Sq. Yd.,For Sale,6/27/2023,PKR2.4 Crore
302,House,Sindh,Karachi,"DHA Defence, Karachi, Sindh",6,6,500 Sq. Yd.,For Sale,6/30/2023,PKR10 Crore
303,House,Sindh,Karachi,"Bahria Town Karachi, Karachi, Sindh",3,3,200 Sq. Yd.,For Sale,6/29/2023,PKR1.75 Crore
304,House,Sindh,Karachi,"Bahria Town Karachi, Karachi, Sindh",4,4,125 Sq. Yd.,For Sale,6/29/2023,PKR1.45 Crore
305,House,Sindh,Karachi,"Gulshan-e-Iqbal Town, Karachi, Sindh",6,6,120 Sq. Yd.,For Sale,6/29/2023,PKR3.15 Crore
306,Upper Portion,Sindh,Karachi,"North Nazimabad, Karachi, Sindh",3,3,170 Sq. Yd.,For Sale,6/29/2023,PKR1.75 Crore
307,Flat,Sindh,Karachi,"North Nazimabad, Karachi, Sindh",3,3,200 Sq. Yd.,For Sale,6/29/2023,PKR1.75 Crore
308,Upper Portion,Sindh,Karachi,"North Nazimabad, Karachi, Sindh",4,3,256 Sq. Yd.,For Sale,6/29/2023,PKR3.6 Crore
309,House,Sindh,Karachi,"North Nazimabad, Karachi, Sindh",6,9,410 Sq. Yd.,For Sale,6/29/2023,PKR6 Crore
310,Flat,Sindh,Karachi,"Naya Nazimabad, Karachi, Sindh",2,2,139 Sq. Yd.,For Sale,6/29/2023,PKR1.45 Crore
311,Flat,Sindh,Karachi,"Naya Nazimabad, Karachi, Sindh",2,2,139 Sq. Yd.,For Sale,6/27/2023,PKR1.4 Crore
312,Flat,Sindh,Karachi,"Naya Nazimabad, Karachi, Sindh",2,2,139 Sq. Yd.,For Sale,6/29/2023,PKR1.62 Crore
313,Flat,Sindh,Karachi,"Naya Nazimabad, Karachi, Sindh",3,3,198 Sq. Yd.,For Sale,6/29/2023,PKR2.19 Crore
314,Flat,Sindh,Karachi,"Naya Nazimabad, Karachi, Sindh",3,3,198 Sq. Yd.,For Sale,6/29/2023,PKR2.19 Crore
315,Flat,Sindh,Karachi,"Naya Nazimabad, Karachi, Sindh",3,3,198 Sq. Yd.,For Sale,6/29/2023,PKR2.19 Crore
316,House,Sindh,Karachi,"Naya Nazimabad, Karachi, Sindh",5,5,160 Sq. Yd.,For Sale,6/29/2023,PKR3.1 Crore
317,House,Sindh,Karachi,"Naya Nazimabad, Karachi, Sindh",5,5,160 Sq. Yd.,For Sale,6/29/2023,PKR3.08 Crore
318,House,Sindh,Karachi,"DHA Defence, Karachi, Sindh",6,6,"1,000 Sq. Yd.",For Sale,7/2/2023,PKR21 Crore
319,Flat,Sindh,Karachi,"Bahria Town Karachi, Karachi, Sindh",2,2,122 Sq. Yd.,For Sale,7/2/2023,PKR80 Lakh
320,House,Sindh,Karachi,"Bahria Town Karachi, Karachi, Sindh",3,3,125 Sq. Yd.,For Sale,7/2/2023,PKR1.45 Crore
321,Flat,Sindh,Karachi,"Gadap Town, Karachi, Sindh",3,2,134 Sq. Yd.,For Sale,7/3/2023,PKR1.25 Crore
322,House,Sindh,Karachi,"Bahria Town Karachi, Karachi, Sindh",4,3,125 Sq. Yd.,For Sale,7/3/2023,PKR1.75 Crore
323,House,Sindh,Karachi,"DHA Defence, Karachi, Sindh",5,4,150 Sq. Yd.,For Sale,6/30/2023,PKR5 Crore
324,House,Sindh,Karachi,"DHA Defence, Karachi, Sindh",7,5,500 Sq. Yd.,For Sale,6/30/2023,PKR17 Crore
325,House,Sindh,Karachi,"Bahria Town Karachi, Karachi, Sindh",3,3,350 Sq. Yd.,For Sale,6/30/2023,PKR2.2 Crore
326,House,Sindh,Karachi,"Federal B Area, Karachi, Sindh",6,6,160 Sq. Yd.,For Sale,6/30/2023,PKR3.75 Crore
327,Flat,Sindh,Karachi,"Bahria Town Karachi, Karachi, Sindh",3,2,122 Sq. Yd.,For Sale,6/29/2023,PKR80 Lakh
328,House,Sindh,Karachi,"Bahria Town Karachi, Karachi, Sindh",6,5,272 Sq. Yd.,For Sale,6/29/2023,PKR3.65 Crore
329,House,Sindh,Karachi,"DHA Defence, Karachi, Sindh",-,-,"1,000 Sq. Yd.",For Sale,6/29/2023,PKR22 Crore
330,House,Sindh,Karachi,"DHA Defence, Karachi, Sindh",4,4,300 Sq. Yd.,For Sale,6/29/2023,PKR6.75 Crore
331,Flat,Sindh,Karachi,"DHA Defence, Karachi, Sindh",3,3,256 Sq. Yd.,For Sale,6/29/2023,PKR4 Crore
332,House,Sindh,Karachi,"North Nazimabad, Karachi, Sindh",5,5,200 Sq. Yd.,For Sale,6/29/2023,PKR3.75 Crore
333,House,Sindh,Karachi,"North Nazimabad, Karachi, Sindh",4,4,280 Sq. Yd.,For Sale,6/29/2023,PKR4.25 Crore
334,House,Sindh,Karachi,"Naya Nazimabad, Karachi, Sindh",4,4,120 Sq. Yd.,For Sale,6/29/2023,PKR2.58 Crore
335,House,Sindh,Karachi,"Naya Nazimabad, Karachi, Sindh",4,4,120 Sq. Yd.,For Sale,6/29/2023,PKR2.62 Crore
336,House,Sindh,Karachi,"Naya Nazimabad, Karachi, Sindh",4,4,120 Sq. Yd.,For Sale,6/29/2023,PKR2.65 Crore
337,House,Sindh,Karachi,"Naya Nazimabad, Karachi, Sindh",4,4,120 Sq. Yd.,For Sale,6/29/2023,PKR2.65 Crore
338,House,Sindh,Karachi,"Naya Nazimabad, Karachi, Sindh",4,4,120 Sq. Yd.,For Sale,6/29/2023,PKR2.62 Crore
339,House,Sindh,Karachi,"Naya Nazimabad, Karachi, Sindh",4,4,120 Sq. Yd.,For Sale,6/29/2023,PKR2.6 Crore
340,House,Sindh,Karachi,"Naya Nazimabad, Karachi, Sindh",4,4,120 Sq. Yd.,For Sale,6/29/2023,PKR2.58 Crore
341,House,Sindh,Karachi,"Naya Nazimabad, Karachi, Sindh",4,4,120 Sq. Yd.,For Sale,6/29/2023,PKR2.55 Crore
342,House,Sindh,Karachi,"Bahria Town Karachi, Karachi, Sindh",5,4,125 Sq. Yd.,For Sale,7/3/2023,PKR1.72 Crore
343,House,Sindh,Karachi,"Bahria Town Karachi, Karachi, Sindh",4,4,125 Sq. Yd.,For Sale,7/3/2023,PKR1.7 Crore
344,House,Sindh,Karachi,"Bahria Town Karachi, Karachi, Sindh",4,4,125 Sq. Yd.,For Sale,7/3/2023,PKR1.8 Crore
345,House,Sindh,Karachi,"Bahria Town Karachi, Karachi, Sindh",4,3,125 Sq. Yd.,For Sale,7/3/2023,PKR1.63 Crore
346,Flat,Sindh,Karachi,"DHA Defence, Karachi, Sindh",4,3,311 Sq. Yd.,For Sale,7/3/2023,PKR6.65 Crore
347,Upper Portion,Sindh,Karachi,"Federal B Area, Karachi, Sindh",3,3,120 Sq. Yd.,For Sale,6/30/2023,PKR1.25 Crore
348,Flat,Sindh,Karachi,"Korangi, Karachi, Sindh",2,2,84 Sq. Yd.,For Sale,6/30/2023,PKR44 Lakh
349,Flat,Sindh,Karachi,"Korangi, Karachi, Sindh",2,2,45 Sq. Yd.,For Sale,6/30/2023,PKR29 Lakh
350,Flat,Sindh,Karachi,"Scheme 33, Karachi, Sindh",3,3,200 Sq. Yd.,For Sale,6/30/2023,PKR1.45 Crore
351,Flat,Sindh,Karachi,"Korangi, Karachi, Sindh",2,2,50 Sq. Yd.,For Sale,6/30/2023,PKR26.5 Lakh
352,Flat,Sindh,Karachi,"Bahria Town Karachi, Karachi, Sindh",3,2,122 Sq. Yd.,For Sale,6/29/2023,PKR84 Lakh
353,House,Sindh,Karachi,"Bahria Town Karachi, Karachi, Sindh",4,3,125 Sq. Yd.,For Sale,6/29/2023,PKR1.59 Crore
354,Flat,Sindh,Karachi,"North Nazimabad, Karachi, Sindh",-,-,122 Sq. Yd.,For Sale,6/29/2023,PKR65 Lakh
355,Flat,Sindh,Karachi,"North Nazimabad, Karachi, Sindh",-,-,122 Sq. Yd.,For Sale,6/29/2023,PKR72 Lakh
356,Flat,Sindh,Karachi,"North Nazimabad, Karachi, Sindh",-,-,111 Sq. Yd.,For Sale,6/29/2023,PKR56 Lakh
357,Flat,Sindh,Karachi,"North Nazimabad, Karachi, Sindh",3,3,133 Sq. Yd.,For Sale,6/29/2023,PKR72 Lakh
358,House,Sindh,Karachi,"Naya Nazimabad, Karachi, Sindh",2,2,120 Sq. Yd.,For Sale,6/29/2023,PKR2.12 Crore
359,House,Sindh,Karachi,"Naya Nazimabad, Karachi, Sindh",5,5,160 Sq. Yd.,For Sale,6/29/2023,PKR3 Crore
360,House,Sindh,Karachi,"Naya Nazimabad, Karachi, Sindh",5,5,160 Sq. Yd.,For Sale,6/29/2023,PKR3.05 Crore
361,Flat,Sindh,Karachi,"Gadap Town, Karachi, Sindh",5,5,400 Sq. Yd.,For Sale,6/27/2023,PKR5.25 Crore
362,Flat,Sindh,Karachi,"Nazimabad, Karachi, Sindh",4,4,133 Sq. Yd.,For Sale,6/29/2023,PKR1.28 Crore
363,Flat,Sindh,Karachi,"Nazimabad, Karachi, Sindh",3,3,89 Sq. Yd.,For Sale,6/29/2023,PKR78 Lakh
364,Flat,Sindh,Karachi,"Nazimabad, Karachi, Sindh",4,4,133 Sq. Yd.,For Sale,6/29/2023,PKR1.28 Crore
365,Flat,Sindh,Karachi,"Nazimabad, Karachi, Sindh",3,3,89 Sq. Yd.,For Sale,6/29/2023,PKR78 Lakh
366,Flat,Sindh,Karachi,"Nazimabad, Karachi, Sindh",2,2,78 Sq. Yd.,For Sale,6/29/2023,PKR73 Lakh
367,House,Sindh,Karachi,"DHA Defence, Karachi, Sindh",3,3,100 Sq. Yd.,For Sale,7/3/2023,PKR4 Crore
368,Flat,Sindh,Karachi,"DHA Defence, Karachi, Sindh",2,2,182 Sq. Yd.,For Sale,7/3/2023,PKR5.25 Crore
369,Flat,Sindh,Karachi,"DHA Defence, Karachi, Sindh",2,2,233 Sq. Yd.,For Sale,7/3/2023,PKR5 Crore
370,House,Sindh,Karachi,"DHA Defence, Karachi, Sindh",6,6,500 Sq. Yd.,For Sale,7/3/2023,PKR12.5 Crore
371,House,Sindh,Karachi,"DHA Defence, Karachi, Sindh",5,5,300 Sq. Yd.,For Sale,7/3/2023,PKR11.5 Crore
372,Flat,Sindh,Karachi,"Bahria Town Karachi, Karachi, Sindh",3,3,178 Sq. Yd.,For Sale,6/30/2023,PKR1 Crore
373,House,Sindh,Karachi,"Bahria Town Karachi, Karachi, Sindh",4,4,350 Sq. Yd.,For Sale,6/30/2023,PKR2 Crore
374,House,Sindh,Karachi,"Bahria Town Karachi, Karachi, Sindh",4,3,200 Sq. Yd.,For Sale,6/30/2023,PKR1.69 Crore
375,Flat,Sindh,Karachi,"Malir, Karachi, Sindh",2,2,133 Sq. Yd.,For Sale,6/30/2023,PKR98 Lakh
376,House,Sindh,Karachi,"Naya Nazimabad, Karachi, Sindh",2,2,120 Sq. Yd.,For Sale,6/30/2023,PKR2.18 Crore
377,Flat,Sindh,Karachi,"Bahria Town Karachi, Karachi, Sindh",3,3,45 Sq. Yd.,For Sale,6/29/2023,PKR35.74 Lakh
378,House,Sindh,Karachi,"DHA Defence, Karachi, Sindh",6,6,500 Sq. Yd.,For Sale,6/29/2023,PKR20 Crore
379,House,Sindh,Karachi,"Gadap Town, Karachi, Sindh",8,7,600 Sq. Yd.,For Sale,6/29/2023,PKR7.1 Crore
380,Flat,Sindh,Karachi,"North Karachi, Karachi, Sindh",3,3,150 Sq. Yd.,For Sale,6/29/2023,PKR1.2 Crore
381,Flat,Sindh,Karachi,"Gulshan-e-Iqbal Town, Karachi, Sindh",2,2,117 Sq. Yd.,For Sale,6/29/2023,PKR1.2 Crore
382,Flat,Sindh,Karachi,"Gulshan-e-Iqbal Town, Karachi, Sindh",2,2,83 Sq. Yd.,For Sale,6/29/2023,PKR80 Lakh
383,Flat,Sindh,Karachi,"Nazimabad, Karachi, Sindh",2,2,83 Sq. Yd.,For Sale,6/29/2023,PKR80 Lakh
384,Flat,Sindh,Karachi,"Nazimabad, Karachi, Sindh",4,4,133 Sq. Yd.,For Sale,6/29/2023,PKR1.2 Crore
385,Flat,Sindh,Karachi,"Nazimabad, Karachi, Sindh",3,3,89 Sq. Yd.,For Sale,6/29/2023,PKR73 Lakh
386,Flat,Sindh,Karachi,"Nazimabad, Karachi, Sindh",2,2,78 Sq. Yd.,For Sale,6/29/2023,PKR70 Lakh
387,Flat,Sindh,Karachi,"Nazimabad, Karachi, Sindh",3,3,117 Sq. Yd.,For Sale,6/29/2023,PKR80 Lakh
388,Flat,Sindh,Karachi,"Nazimabad, Karachi, Sindh",2,2,94 Sq. Yd.,For Sale,6/29/2023,PKR75 Lakh
389,Flat,Sindh,Karachi,"Nazimabad, Karachi, Sindh",2,2,94 Sq. Yd.,For Sale,6/29/2023,PKR70 Lakh
390,Flat,Sindh,Karachi,"Nazimabad, Karachi, Sindh",3,3,117 Sq. Yd.,For Sale,6/29/2023,PKR95 Lakh
391,Flat,Sindh,Karachi,"Nazimabad, Karachi, Sindh",2,2,94 Sq. Yd.,For Sale,6/29/2023,PKR75 Lakh
392,House,Sindh,Karachi,"DHA Defence, Karachi, Sindh",6,6,"1,000 Sq. Yd.",For Sale,7/3/2023,PKR28.5 Crore
393,House,Sindh,Karachi,"DHA Defence, Karachi, Sindh",6,8,"2,000 Sq. Yd.",For Sale,7/3/2023,PKR75 Crore
394,Flat,Sindh,Karachi,"Shaheed Millat Road, Karachi, Sindh",3,3,207 Sq. Yd.,For Sale,7/3/2023,PKR4 Crore
395,Flat,Sindh,Karachi,"Tariq Road, Karachi, Sindh",4,4,278 Sq. Yd.,For Sale,7/3/2023,PKR7 Crore
396,Flat,Sindh,Karachi,"Bahria Town Karachi, Karachi, Sindh",3,3,206 Sq. Yd.,For Sale,6/30/2023,PKR1.67 Crore
397,House,Sindh,Karachi,"Scheme 33, Karachi, Sindh",8,7,400 Sq. Yd.,For Sale,6/30/2023,PKR5.7 Crore
398,House,Sindh,Karachi,"DHA Defence, Karachi, Sindh",5,4,250 Sq. Yd.,For Sale,6/30/2023,PKR7 Crore
399,Flat,Sindh,Karachi,"Cantt, Karachi, Sindh",3,3,300 Sq. Yd.,For Sale,7/1/2023,PKR4 Crore
400,House,Sindh,Karachi,"DHA Defence, Karachi, Sindh",8,6,"2,000 Sq. Yd.",For Sale,7/1/2023,PKR65 Crore
401,House,Sindh,Karachi,"Bahria Town Karachi, Karachi, Sindh",3,3,200 Sq. Yd.,For Sale,6/29/2023,PKR1.8 Crore
402,House,Sindh,Karachi,"Bahria Town Karachi, Karachi, Sindh",3,3,152 Sq. Yd.,For Sale,6/29/2023,PKR1.38 Crore
403,Flat,Sindh,Karachi,"Nazimabad, Karachi, Sindh",2,2,117 Sq. Yd.,For Sale,6/29/2023,PKR1 Crore
404,Flat,Sindh,Karachi,"Gulshan-e-Iqbal Town, Karachi, Sindh",2,2,117 Sq. Yd.,For Sale,6/29/2023,PKR1.2 Crore
405,Flat,Sindh,Karachi,"North Nazimabad, Karachi, Sindh",2,2,111 Sq. Yd.,For Sale,6/29/2023,PKR1.45 Crore
406,Flat,Sindh,Karachi,"Gulshan-e-Iqbal Town, Karachi, Sindh",2,2,83 Sq. Yd.,For Sale,6/29/2023,PKR80 Lakh
407,Flat,Sindh,Karachi,"North Karachi, Karachi, Sindh",2,2,167 Sq. Yd.,For Sale,6/29/2023,PKR80 Lakh
408,Flat,Sindh,Karachi,"Nazimabad, Karachi, Sindh",2,2,94 Sq. Yd.,For Sale,6/29/2023,PKR70 Lakh
409,Flat,Sindh,Karachi,"Nazimabad, Karachi, Sindh",3,3,117 Sq. Yd.,For Sale,6/29/2023,PKR80 Lakh
410,Flat,Sindh,Karachi,"Nazimabad, Karachi, Sindh",3,3,117 Sq. Yd.,For Sale,6/29/2023,PKR95 Lakh
411,Flat,Sindh,Karachi,"Nazimabad, Karachi, Sindh",3,3,117 Sq. Yd.,For Sale,6/29/2023,PKR1.05 Crore
412,Flat,Sindh,Karachi,"Nazimabad, Karachi, Sindh",3,3,117 Sq. Yd.,For Sale,6/29/2023,PKR98 Lakh
413,Flat,Sindh,Karachi,"Nazimabad, Karachi, Sindh",3,3,117 Sq. Yd.,For Sale,6/29/2023,PKR1 Crore
414,Flat,Sindh,Karachi,"Nazimabad, Karachi, Sindh",3,3,117 Sq. Yd.,For Sale,6/29/2023,PKR1.2 Crore
415,Flat,Sindh,Karachi,"Nazimabad, Karachi, Sindh",3,3,117 Sq. Yd.,For Sale,6/29/2023,PKR98 Lakh
416,House,Sindh,Karachi,"Bahria Town Karachi, Karachi, Sindh",5,5,250 Sq. Yd.,For Sale,7/3/2023,PKR1.95 Crore
417,House,Sindh,Karachi,"Bahria Town Karachi, Karachi, Sindh",3,3,200 Sq. Yd.,For Sale,7/3/2023,PKR1.73 Crore
418,House,Sindh,Karachi,"Bahria Town Karachi, Karachi, Sindh",4,4,125 Sq. Yd.,For Sale,7/3/2023,PKR1.5 Crore
419,House,Sindh,Karachi,"DHA Defence, Karachi, Sindh",3,3,359 Sq. Yd.,For Sale,7/3/2023,PKR9.75 Crore
420,House,Sindh,Karachi,"DHA Defence, Karachi, Sindh",6,6,500 Sq. Yd.,For Sale,7/3/2023,PKR12.5 Crore
421,House,Sindh,Karachi,"DHA Defence, Karachi, Sindh",4,4,133 Sq. Yd.,For Sale,7/1/2023,PKR5 Crore
422,House,Sindh,Karachi,"DHA Defence, Karachi, Sindh",-,-,500 Sq. Yd.,For Sale,7/1/2023,PKR16 Crore
423,Flat,Sindh,Karachi,"DHA Defence, Karachi, Sindh",3,3,200 Sq. Yd.,For Sale,7/1/2023,PKR3.8 Crore
424,Flat,Sindh,Karachi,"Cantt, Karachi, Sindh",3,3,300 Sq. Yd.,For Sale,7/1/2023,PKR4 Crore
425,House,Sindh,Karachi,"Cantt, Karachi, Sindh",5,5,375 Sq. Yd.,For Sale,7/1/2023,PKR7.35 Crore
426,House,Sindh,Karachi,"Bahria Town Karachi, Karachi, Sindh",3,3,350 Sq. Yd.,For Sale,6/29/2023,PKR2 Crore
427,Flat,Sindh,Karachi,"DHA Defence, Karachi, Sindh",4,3,200 Sq. Yd.,For Sale,6/29/2023,PKR6.7 Crore
428,Flat,Sindh,Karachi,"Gulshan-e-Iqbal Town, Karachi, Sindh",2,2,117 Sq. Yd.,For Sale,6/29/2023,PKR1.2 Crore
429,Upper Portion,Sindh,Karachi,"North Nazimabad, Karachi, Sindh",2,2,110 Sq. Yd.,For Sale,6/29/2023,PKR1.25 Crore
430,Flat,Sindh,Karachi,"North Nazimabad, Karachi, Sindh",2,2,106 Sq. Yd.,For Sale,6/29/2023,PKR1.4 Crore
431,Flat,Sindh,Karachi,"Bahria Town Karachi, Karachi, Sindh",1,1,58 Sq. Yd.,For Sale,6/27/2023,PKR42 Lakh
432,Flat,Sindh,Karachi,"North Nazimabad, Karachi, Sindh",2,2,106 Sq. Yd.,For Sale,6/29/2023,PKR62 Lakh
433,Flat,Sindh,Karachi,"Nazimabad, Karachi, Sindh",3,3,117 Sq. Yd.,For Sale,6/29/2023,PKR1 Crore
434,Flat,Sindh,Karachi,"Nazimabad, Karachi, Sindh",3,3,117 Sq. Yd.,For Sale,6/29/2023,PKR1.05 Crore
435,Flat,Sindh,Karachi,"Nazimabad, Karachi, Sindh",3,3,117 Sq. Yd.,For Sale,6/29/2023,PKR98 Lakh
436,Flat,Sindh,Karachi,"Nazimabad, Karachi, Sindh",3,3,117 Sq. Yd.,For Sale,6/29/2023,PKR98 Lakh
437,Flat,Sindh,Karachi,"Nazimabad, Karachi, Sindh",3,3,117 Sq. Yd.,For Sale,6/29/2023,PKR1 Crore
438,Flat,Sindh,Karachi,"Nazimabad, Karachi, Sindh",3,3,117 Sq. Yd.,For Sale,6/29/2023,PKR1 Crore
439,Flat,Sindh,Karachi,"Nazimabad, Karachi, Sindh",3,3,117 Sq. Yd.,For Sale,6/29/2023,PKR1.2 Crore
440,Flat,Sindh,Karachi,"Nazimabad, Karachi, Sindh",3,3,89 Sq. Yd.,For Sale,6/29/2023,PKR78 Lakh
441,Flat,Sindh,Karachi,"Jamshed Town, Karachi, Sindh",2,2,122 Sq. Yd.,For Sale,7/3/2023,PKR1.8 Crore
442,Flat,Sindh,Karachi,"DHA Defence, Karachi, Sindh",3,2,182 Sq. Yd.,For Sale,6/27/2023,PKR5.75 Crore
443,House,Sindh,Karachi,"Clifton, Karachi, Sindh",6,6,400 Sq. Yd.,For Sale,7/3/2023,PKR7.25 Crore
444,House,Sindh,Karachi,"DHA Defence, Karachi, Sindh",6,6,"1,000 Sq. Yd.",For Sale,7/3/2023,PKR36 Crore
445,Flat,Sindh,Karachi,"DHA Defence, Karachi, Sindh",3,3,246 Sq. Yd.,For Sale,7/3/2023,PKR7.1 Crore
446,Flat,Sindh,Karachi,"Rashid Minhas Road, Karachi, Sindh",5,4,370 Sq. Yd.,For Sale,7/1/2023,PKR4.7 Crore
447,House,Sindh,Karachi,"DHA Defence, Karachi, Sindh",5,4,120 Sq. Yd.,For Sale,7/1/2023,PKR4.5 Crore
448,Flat,Sindh,Karachi,"DHA Defence, Karachi, Sindh",5,3,243 Sq. Yd.,For Sale,7/1/2023,PKR6.9 Crore
449,Flat,Sindh,Karachi,"Scheme 33, Karachi, Sindh",3,3,100 Sq. Yd.,For Sale,7/1/2023,PKR78 Lakh
450,Flat,Sindh,Karachi,"Defence View Society, Karachi, Sindh",3,3,194 Sq. Yd.,For Sale,7/1/2023,PKR2.25 Crore
451,Flat,Sindh,Karachi,"DHA Defence, Karachi, Sindh",2,2,111 Sq. Yd.,For Sale,6/29/2023,PKR1.15 Crore
452,Flat,Sindh,Karachi,"DHA Defence, Karachi, Sindh",4,3,256 Sq. Yd.,For Sale,6/29/2023,PKR6.75 Crore
453,Flat,Sindh,Karachi,"North Nazimabad, Karachi, Sindh",2,2,83 Sq. Yd.,For Sale,6/29/2023,PKR40 Lakh
454,House,Sindh,Karachi,"Naya Nazimabad, Karachi, Sindh",6,5,160 Sq. Yd.,For Sale,6/29/2023,PKR3.5 Crore
455,House,Sindh,Karachi,"Naya Nazimabad, Karachi, Sindh",6,5,160 Sq. Yd.,For Sale,6/29/2023,PKR3.5 Crore
456,House,Sindh,Karachi,"Naya Nazimabad, Karachi, Sindh",6,5,160 Sq. Yd.,For Sale,6/29/2023,PKR3.5 Crore
457,House,Sindh,Karachi,"Naya Nazimabad, Karachi, Sindh",6,5,160 Sq. Yd.,For Sale,6/29/2023,PKR3.5 Crore
458,Flat,Sindh,Karachi,"Nazimabad, Karachi, Sindh",3,3,117 Sq. Yd.,For Sale,6/29/2023,PKR80 Lakh
459,Flat,Sindh,Karachi,"Nazimabad, Karachi, Sindh",2,2,83 Sq. Yd.,For Sale,6/29/2023,PKR57 Lakh
460,Flat,Sindh,Karachi,"Nazimabad, Karachi, Sindh",4,4,133 Sq. Yd.,For Sale,6/29/2023,PKR1.28 Crore
461,Flat,Sindh,Karachi,"Nazimabad, Karachi, Sindh",3,3,78 Sq. Yd.,For Sale,6/29/2023,PKR73 Lakh
462,Flat,Sindh,Karachi,"Nazimabad, Karachi, Sindh",4,4,133 Sq. Yd.,For Sale,6/29/2023,PKR1.2 Crore
463,Flat,Sindh,Karachi,"Nazimabad, Karachi, Sindh",3,3,89 Sq. Yd.,For Sale,6/29/2023,PKR72 Lakh
464,Flat,Sindh,Karachi,"Nazimabad, Karachi, Sindh",3,3,78 Sq. Yd.,For Sale,6/29/2023,PKR70 Lakh
465,House,Sindh,Karachi,"Naya Nazimabad, Karachi, Sindh",4,4,120 Sq. Yd.,For Sale,6/29/2023,PKR3.22 Crore
466,Flat,Sindh,Karachi,"Cantt, Karachi, Sindh",3,3,156 Sq. Yd.,For Sale,7/4/2023,PKR2 Crore
467,Flat,Sindh,Karachi,"Cantt, Karachi, Sindh",3,3,267 Sq. Yd.,For Sale,7/4/2023,PKR2 Crore
468,Flat,Sindh,Karachi,"Scheme 33, Karachi, Sindh",2,2,83 Sq. Yd.,For Sale,7/4/2023,PKR70 Lakh
469,Flat,Sindh,Karachi,"Scheme 33, Karachi, Sindh",3,3,161 Sq. Yd.,For Sale,7/4/2023,PKR1.4 Crore
470,Flat,Sindh,Karachi,"Gulistan-e-Jauhar, Karachi, Sindh",3,3,172 Sq. Yd.,For Sale,7/4/2023,PKR2.7 Crore
471,Flat,Sindh,Karachi,"Jamshed Town, Karachi, Sindh",3,3,200 Sq. Yd.,For Sale,6/27/2023,PKR1.9 Crore
472,House,Sindh,Karachi,"DHA Defence, Karachi, Sindh",5,4,120 Sq. Yd.,For Sale,7/1/2023,PKR5.5 Crore
473,House,Sindh,Karachi,"Gadap Town, Karachi, Sindh",6,6,233 Sq. Yd.,For Sale,7/1/2023,PKR3.4 Crore
474,House,Sindh,Karachi,"Malir, Karachi, Sindh",6,5,500 Sq. Yd.,For Sale,7/1/2023,PKR12.5 Crore
475,House,Sindh,Karachi,"Gadap Town, Karachi, Sindh",3,3,240 Sq. Yd.,For Sale,7/1/2023,PKR2.6 Crore
476,House,Sindh,Karachi,"Bahria Town Karachi, Karachi, Sindh",4,4,125 Sq. Yd.,For Sale,6/29/2023,PKR1.45 Crore
477,House,Sindh,Karachi,"Bahria Town Karachi, Karachi, Sindh",4,4,125 Sq. Yd.,For Sale,6/29/2023,PKR1.45 Crore
478,House,Sindh,Karachi,"North Nazimabad, Karachi, Sindh",-,-,600 Sq. Yd.,For Sale,6/29/2023,PKR6.5 Crore
479,Flat,Sindh,Karachi,"North Nazimabad, Karachi, Sindh",2,2,111 Sq. Yd.,For Sale,6/29/2023,PKR78 Lakh
480,House,Sindh,Karachi,"Naya Nazimabad, Karachi, Sindh",2,2,120 Sq. Yd.,For Sale,6/29/2023,PKR2.1 Crore
481,House,Sindh,Karachi,"Naya Nazimabad, Karachi, Sindh",4,4,240 Sq. Yd.,For Sale,6/29/2023,PKR3.7 Crore
482,House,Sindh,Karachi,"Naya Nazimabad, Karachi, Sindh",2,2,120 Sq. Yd.,For Sale,6/29/2023,PKR2.7 Crore
483,House,Sindh,Karachi,"Naya Nazimabad, Karachi, Sindh",4,4,120 Sq. Yd.,For Sale,6/29/2023,PKR2.75 Crore
484,House,Sindh,Karachi,"Naya Nazimabad, Karachi, Sindh",4,4,120 Sq. Yd.,For Sale,6/29/2023,PKR2.78 Crore
485,House,Sindh,Karachi,"Naya Nazimabad, Karachi, Sindh",4,4,120 Sq. Yd.,For Sale,6/29/2023,PKR2.72 Crore
486,House,Sindh,Karachi,"Naya Nazimabad, Karachi, Sindh",4,4,120 Sq. Yd.,For Sale,6/29/2023,PKR2.7 Crore
487,House,Sindh,Karachi,"Naya Nazimabad, Karachi, Sindh",4,4,120 Sq. Yd.,For Sale,6/29/2023,PKR3.2 Crore
488,House,Sindh,Karachi,"Naya Nazimabad, Karachi, Sindh",4,4,120 Sq. Yd.,For Sale,6/29/2023,PKR3.25 Crore
489,House,Sindh,Karachi,"Naya Nazimabad, Karachi, Sindh",4,4,120 Sq. Yd.,For Sale,6/29/2023,PKR3.28 Crore
490,House,Sindh,Karachi,"Naya Nazimabad, Karachi, Sindh",4,4,120 Sq. Yd.,For Sale,6/29/2023,PKR2.6 Crore
491,Flat,Sindh,Karachi,"Bahria Town Karachi, Karachi, Sindh",2,2,103 Sq. Yd.,For Sale,7/4/2023,PKR1.02 Crore
492,Flat,Sindh,Karachi,"DHA Defence, Karachi, Sindh",4,2,182 Sq. Yd.,For Sale,7/4/2023,PKR5 Crore
493,Flat,Sindh,Karachi,"DHA Defence, Karachi, Sindh",5,3,276 Sq. Yd.,For Sale,7/4/2023,PKR7.5 Crore
494,Lower Portion,Sindh,Karachi,"Amir Khusro, Karachi, Sindh",5,4,350 Sq. Yd.,For Sale,7/4/2023,PKR5 Crore
495,Flat,Sindh,Karachi,"DHA Defence, Karachi, Sindh",3,2,198 Sq. Yd.,For Sale,7/4/2023,PKR6.5 Crore
496,House,Sindh,Karachi,"Gadap Town, Karachi, Sindh",6,6,240 Sq. Yd.,For Sale,7/1/2023,PKR3.6 Crore
497,House,Sindh,Karachi,"Gadap Town, Karachi, Sindh",6,6,200 Sq. Yd.,For Sale,7/1/2023,PKR3.2 Crore
498,House,Sindh,Karachi,"Jamshed Town, Karachi, Sindh",5,5,215 Sq. Yd.,For Sale,7/1/2023,PKR9.25 Crore
499,Lower Portion,Sindh,Karachi,"Jamshed Town, Karachi, Sindh",3,3,300 Sq. Yd.,For Sale,7/1/2023,PKR5 Crore
500,Flat,Sindh,Karachi,"Shaheed Millat Road, Karachi, Sindh",3,3,183 Sq. Yd.,For Sale,7/1/2023,PKR4.5 Crore
501,House,Sindh,Karachi,"Bahria Town Karachi, Karachi, Sindh",5,4,350 Sq. Yd.,For Sale,6/29/2023,PKR1.97 Crore
502,House,Sindh,Karachi,"Bahria Town Karachi, Karachi, Sindh",3,3,235 Sq. Yd.,For Sale,6/29/2023,PKR1.4 Crore
503,House,Sindh,Karachi,"Naya Nazimabad, Karachi, Sindh",2,2,120 Sq. Yd.,For Sale,6/29/2023,PKR2.4 Crore
504,House,Sindh,Karachi,"Gulshan-e-Iqbal Town, Karachi, Sindh",5,5,"1,000 Sq. Yd.",For Sale,6/29/2023,PKR18.5 Crore
505,House,Sindh,Karachi,"Gulistan-e-Jauhar, Karachi, Sindh",6,-,411 Sq. Yd.,For Sale,6/29/2023,PKR7.5 Crore
506,House,Sindh,Karachi,"Bahria Town Karachi, Karachi, Sindh",4,4,125 Sq. Yd.,For Sale,6/29/2023,PKR1.38 Crore
507,House,Sindh,Karachi,"Bahria Town Karachi, Karachi, Sindh",4,4,350 Sq. Yd.,For Sale,6/29/2023,PKR1.88 Crore
508,House,Sindh,Karachi,"Naya Nazimabad, Karachi, Sindh",4,4,120 Sq. Yd.,For Sale,6/29/2023,PKR2.55 Crore
509,Flat,Sindh,Karachi,"Naya Nazimabad, Karachi, Sindh",2,2,159 Sq. Yd.,For Sale,6/29/2023,PKR1.8 Crore
510,Flat,Sindh,Karachi,"Naya Nazimabad, Karachi, Sindh",2,2,159 Sq. Yd.,For Sale,6/29/2023,PKR1.86 Crore
511,Flat,Sindh,Karachi,"Naya Nazimabad, Karachi, Sindh",2,2,141 Sq. Yd.,For Sale,6/29/2023,PKR1.84 Crore
512,Flat,Sindh,Karachi,"Naya Nazimabad, Karachi, Sindh",2,2,141 Sq. Yd.,For Sale,6/29/2023,PKR1.65 Crore
513,Flat,Sindh,Karachi,"Naya Nazimabad, Karachi, Sindh",2,2,141 Sq. Yd.,For Sale,6/29/2023,PKR1.71 Crore
514,Flat,Sindh,Karachi,"Naya Nazimabad, Karachi, Sindh",2,2,141 Sq. Yd.,For Sale,6/29/2023,PKR1.78 Crore
515,Flat,Sindh,Karachi,"Naya Nazimabad, Karachi, Sindh",2,2,141 Sq. Yd.,For Sale,6/29/2023,PKR1.84 Crore
516,House,Sindh,Karachi,"DHA Defence, Karachi, Sindh",5,5,300 Sq. Yd.,For Sale,7/4/2023,PKR11.5 Crore
517,House,Sindh,Karachi,"Bahria Town Karachi, Karachi, Sindh",5,5,500 Sq. Yd.,For Sale,7/4/2023,PKR3.5 Crore
518,House,Sindh,Karachi,"Bahria Town Karachi, Karachi, Sindh",4,4,350 Sq. Yd.,For Sale,7/4/2023,PKR1.7 Crore
519,Flat,Sindh,Karachi,"Bahria Town Karachi, Karachi, Sindh",2,2,106 Sq. Yd.,For Sale,7/4/2023,PKR65 Lakh
520,House,Sindh,Karachi,"Bahria Town Karachi, Karachi, Sindh",5,5,250 Sq. Yd.,For Sale,7/4/2023,PKR3.2 Crore
521,Upper Portion,Sindh,Karachi,"Gulshan-e-Iqbal Town, Karachi, Sindh",4,4,267 Sq. Yd.,For Sale,7/1/2023,PKR5.75 Crore
522,Flat,Sindh,Karachi,"Scheme 33, Karachi, Sindh",3,-,156 Sq. Yd.,For Sale,7/1/2023,PKR1.2 Crore
523,Flat,Sindh,Karachi,"Scheme 33, Karachi, Sindh",3,3,156 Sq. Yd.,For Sale,7/1/2023,PKR1.2 Crore
524,Flat,Sindh,Karachi,"Clifton, Karachi, Sindh",4,3,233 Sq. Yd.,For Sale,7/1/2023,PKR5 Crore
525,House,Sindh,Karachi,"DHA Defence, Karachi, Sindh",6,5,500 Sq. Yd.,For Sale,7/1/2023,PKR9.25 Crore
526,House,Sindh,Karachi,"Bahria Town Karachi, Karachi, Sindh",3,3,200 Sq. Yd.,For Sale,6/29/2023,PKR2.25 Crore
527,House,Sindh,Karachi,"DHA Defence, Karachi, Sindh",6,9,600 Sq. Yd.,For Sale,6/29/2023,PKR13 Crore
528,House,Sindh,Karachi,"Bahria Town Karachi, Karachi, Sindh",3,3,125 Sq. Yd.,For Sale,6/29/2023,PKR1.25 Crore
529,House,Sindh,Karachi,"Gadap Town, Karachi, Sindh",3,2,80 Sq. Yd.,For Sale,6/29/2023,PKR50 Lakh
530,House,Sindh,Karachi,"Gadap Town, Karachi, Sindh",5,4,120 Sq. Yd.,For Sale,6/29/2023,PKR98 Lakh
531,House,Sindh,Karachi,"Gadap Town, Karachi, Sindh",3,2,120 Sq. Yd.,For Sale,6/29/2023,PKR66 Lakh
532,House,Sindh,Karachi,"DHA Defence, Karachi, Sindh",6,7,500 Sq. Yd.,For Sale,6/29/2023,PKR7.85 Crore
533,Flat,Sindh,Karachi,"Naya Nazimabad, Karachi, Sindh",2,2,139 Sq. Yd.,For Sale,6/29/2023,PKR1.62 Crore
534,Flat,Sindh,Karachi,"Naya Nazimabad, Karachi, Sindh",2,2,139 Sq. Yd.,For Sale,6/29/2023,PKR1.45 Crore
535,Flat,Sindh,Karachi,"Naya Nazimabad, Karachi, Sindh",2,2,139 Sq. Yd.,For Sale,6/29/2023,PKR1.42 Crore
536,Flat,Sindh,Karachi,"Naya Nazimabad, Karachi, Sindh",2,2,159 Sq. Yd.,For Sale,6/29/2023,PKR1.85 Crore
537,Flat,Sindh,Karachi,"Naya Nazimabad, Karachi, Sindh",2,2,159 Sq. Yd.,For Sale,6/29/2023,PKR1.82 Crore
538,Flat,Sindh,Karachi,"Naya Nazimabad, Karachi, Sindh",2,2,159 Sq. Yd.,For Sale,6/29/2023,PKR1.88 Crore
539,House,Sindh,Karachi,"Cantt, Karachi, Sindh",6,5,375 Sq. Yd.,For Sale,6/29/2023,PKR6.45 Crore
540,House,Sindh,Karachi,"Scheme 33, Karachi, Sindh",4,4,120 Sq. Yd.,For Sale,6/29/2023,PKR2.1 Crore
541,Flat,Sindh,Karachi,"DHA Defence, Karachi, Sindh",2,2,100 Sq. Yd.,For Sale,7/4/2023,PKR1.15 Crore
542,Flat,Sindh,Karachi,"DHA Defence, Karachi, Sindh",3,3,296 Sq. Yd.,For Sale,7/4/2023,PKR6.5 Crore
543,Flat,Sindh,Karachi,"Bath Island, Karachi, Sindh",4,3,278 Sq. Yd.,For Sale,7/4/2023,PKR5 Crore
544,Flat,Sindh,Karachi,"DHA Defence, Karachi, Sindh",3,2,206 Sq. Yd.,For Sale,7/4/2023,PKR5.8 Crore
545,Flat,Sindh,Karachi,"Qayyumabad, Karachi, Sindh",5,3,250 Sq. Yd.,For Sale,7/4/2023,PKR5.6 Crore
546,Flat,Sindh,Karachi,"Bahria Town Karachi, Karachi, Sindh",1,1,67 Sq. Yd.,For Sale,7/1/2023,PKR64.8 Lakh
547,House,Sindh,Karachi,"DHA Defence, Karachi, Sindh",5,4,500 Sq. Yd.,For Sale,7/1/2023,PKR9.75 Crore
548,Flat,Sindh,Karachi,"DHA Defence, Karachi, Sindh",2,2,100 Sq. Yd.,For Sale,7/1/2023,PKR1.1 Crore
549,House,Sindh,Karachi,"DHA Defence, Karachi, Sindh",4,4,300 Sq. Yd.,For Sale,7/1/2023,PKR7.5 Crore
550,House,Sindh,Karachi,"Gulshan-e-Iqbal Town, Karachi, Sindh",-,5,225 Sq. Yd.,For Sale,7/1/2023,PKR9.5 Crore
551,Flat,Sindh,Karachi,"DHA Defence, Karachi, Sindh",3,3,222 Sq. Yd.,For Sale,6/29/2023,PKR3.1 Crore
552,Flat,Sindh,Karachi,"DHA Defence, Karachi, Sindh",3,3,167 Sq. Yd.,For Sale,6/29/2023,PKR2.55 Crore
553,Flat,Sindh,Karachi,"Clifton, Karachi, Sindh",4,3,250 Sq. Yd.,For Sale,6/29/2023,PKR4.35 Crore
554,House,Sindh,Karachi,"DHA Defence, Karachi, Sindh",6,6,500 Sq. Yd.,For Sale,6/29/2023,PKR10.4 Crore
555,House,Sindh,Karachi,"DHA Defence, Karachi, Sindh",5,4,250 Sq. Yd.,For Sale,6/29/2023,PKR6.3 Crore
556,House,Sindh,Karachi,"North Nazimabad, Karachi, Sindh",6,6,240 Sq. Yd.,For Sale,6/29/2023,PKR4.35 Crore
557,House,Sindh,Karachi,"North Nazimabad, Karachi, Sindh",6,6,240 Sq. Yd.,For Sale,6/29/2023,PKR5.5 Crore
558,Flat,Sindh,Karachi,"Bahria Town Karachi, Karachi, Sindh",2,2,128 Sq. Yd.,For Sale,6/29/2023,PKR80 Lakh
559,House,Sindh,Karachi,"North Nazimabad, Karachi, Sindh",6,11,"1,000 Sq. Yd.",For Sale,6/29/2023,PKR14 Crore
560,Upper Portion,Sindh,Karachi,"Scheme 33, Karachi, Sindh",3,3,133 Sq. Yd.,For Sale,6/29/2023,PKR1.25 Crore
561,Flat,Sindh,Karachi,"Scheme 33, Karachi, Sindh",2,2,94 Sq. Yd.,For Sale,6/29/2023,PKR72 Lakh
562,House,Sindh,Karachi,"Bahria Town Karachi, Karachi, Sindh",3,3,152 Sq. Yd.,For Sale,6/29/2023,PKR1.38 Crore
563,House,Sindh,Karachi,"Bahria Town Karachi, Karachi, Sindh",3,3,152 Sq. Yd.,For Sale,6/29/2023,PKR1.45 Crore
564,House,Sindh,Karachi,"Bahria Town Karachi, Karachi, Sindh",3,3,152 Sq. Yd.,For Sale,6/29/2023,PKR1.65 Crore
565,House,Sindh,Karachi,"Naya Nazimabad, Karachi, Sindh",4,4,133 Sq. Yd.,For Sale,6/29/2023,PKR2.9 Crore
566,House,Sindh,Karachi,"DHA Defence, Karachi, Sindh",6,5,500 Sq. Yd.,For Sale,7/4/2023,PKR6.85 Crore
567,Flat,Sindh,Karachi,"Qayyumabad, Karachi, Sindh",5,3,250 Sq. Yd.,For Sale,7/4/2023,PKR5.6 Crore
568,House,Sindh,Karachi,"Bahria Town Karachi, Karachi, Sindh",4,4,272 Sq. Yd.,For Sale,7/4/2023,PKR3.2 Crore
569,House,Sindh,Karachi,"DHA Defence, Karachi, Sindh",6,6,"1,000 Sq. Yd.",For Sale,7/4/2023,PKR21 Crore
570,House,Sindh,Karachi,"Bahria Town Karachi, Karachi, Sindh",5,5,500 Sq. Yd.,For Sale,7/4/2023,PKR4.2 Crore
571,House,Sindh,Karachi,"DHA Defence, Karachi, Sindh",8,8,600 Sq. Yd.,For Sale,7/2/2023,PKR15 Crore
572,Flat,Sindh,Karachi,"DHA Defence, Karachi, Sindh",3,3,189 Sq. Yd.,For Sale,6/29/2023,PKR2.9 Crore
573,House,Sindh,Karachi,"DHA Defence, Karachi, Sindh",6,5,300 Sq. Yd.,For Sale,6/29/2023,PKR10.25 Crore
574,Flat,Sindh,Karachi,"Federal B Area, Karachi, Sindh",2,2,120 Sq. Yd.,For Sale,6/29/2023,PKR85 Lakh
575,Flat,Sindh,Karachi,"Gulistan-e-Jauhar, Karachi, Sindh",2,2,106 Sq. Yd.,For Sale,6/27/2023,PKR1.35 Crore
576,Flat,Sindh,Karachi,"DHA Defence, Karachi, Sindh",3,2,100 Sq. Yd.,For Sale,6/29/2023,PKR1.25 Crore
577,Flat,Sindh,Karachi,"Scheme 33, Karachi, Sindh",2,2,72 Sq. Yd.,For Sale,6/29/2023,PKR60 Lakh
578,Flat,Sindh,Karachi,"Federal B Area, Karachi, Sindh",2,2,117 Sq. Yd.,For Sale,6/29/2023,PKR1.3 Crore
579,House,Sindh,Karachi,"DHA Defence, Karachi, Sindh",6,6,600 Sq. Yd.,For Sale,6/28/2023,PKR11 Crore
580,House,Sindh,Karachi,"North Nazimabad, Karachi, Sindh",6,10,"1,000 Sq. Yd.",For Sale,6/29/2023,PKR14 Crore
581,House,Sindh,Karachi,"North Nazimabad, Karachi, Sindh",6,6,256 Sq. Yd.,For Sale,6/29/2023,PKR4.5 Crore
582,House,Sindh,Karachi,"North Nazimabad, Karachi, Sindh",-,10,600 Sq. Yd.,For Sale,6/29/2023,PKR9 Crore
583,House,Sindh,Karachi,"North Nazimabad, Karachi, Sindh",-,6,400 Sq. Yd.,For Sale,6/29/2023,PKR9.5 Crore
584,House,Sindh,Karachi,"North Nazimabad, Karachi, Sindh",-,9,200 Sq. Yd.,For Sale,6/29/2023,PKR5.6 Crore
585,Upper Portion,Sindh,Karachi,"Nazimabad, Karachi, Sindh",3,3,111 Sq. Yd.,For Sale,6/29/2023,PKR75 Lakh
586,Flat,Sindh,Karachi,"Bahria Town Karachi, Karachi, Sindh",1,1,60 Sq. Yd.,For Sale,7/4/2023,PKR42 Lakh
587,House,Sindh,Karachi,"Cantt, Karachi, Sindh",5,5,500 Sq. Yd.,For Sale,7/4/2023,PKR8.5 Crore
588,House,Sindh,Karachi,"Cantt, Karachi, Sindh",5,5,427 Sq. Yd.,For Sale,7/4/2023,PKR9.5 Crore
589,Flat,Sindh,Karachi,"Cantt, Karachi, Sindh",4,4,333 Sq. Yd.,For Sale,7/4/2023,PKR3.75 Crore
590,Flat,Sindh,Karachi,"DHA Defence, Karachi, Sindh",3,2,227 Sq. Yd.,For Sale,7/4/2023,PKR6.3 Crore
591,House,Sindh,Karachi,"DHA Defence, Karachi, Sindh",6,5,500 Sq. Yd.,For Sale,7/2/2023,PKR8.5 Crore
592,Flat,Sindh,Karachi,"Jamshed Road, Karachi, Sindh",3,3,178 Sq. Yd.,For Sale,7/2/2023,PKR1.75 Crore
593,Flat,Sindh,Karachi,"Tipu Sultan Road, Karachi, Sindh",4,4,311 Sq. Yd.,For Sale,7/2/2023,PKR8 Crore
594,Upper Portion,Sindh,Karachi,"Jamshed Town, Karachi, Sindh",4,4,500 Sq. Yd.,For Sale,7/2/2023,PKR5.3 Crore
595,House,Sindh,Karachi,"DHA Defence, Karachi, Sindh",6,6,500 Sq. Yd.,For Sale,7/2/2023,PKR22 Crore
596,House,Sindh,Karachi,"DHA Defence, Karachi, Sindh",6,9,"1,000 Sq. Yd.",For Sale,6/29/2023,PKR30 Crore
597,House,Sindh,Karachi,"Zamzama, Karachi, Sindh",4,4,350 Sq. Yd.,For Sale,6/29/2023,PKR22 Crore
598,Flat,Sindh,Karachi,"Gulistan-e-Jauhar, Karachi, Sindh",3,3,133 Sq. Yd.,For Sale,6/29/2023,PKR79 Lakh
599,Flat,Sindh,Karachi,"Gadap Town, Karachi, Sindh",2,2,100 Sq. Yd.,For Sale,6/29/2023,PKR68 Lakh
600,Flat,Sindh,Karachi,"Rashid Minhas Road, Karachi, Sindh",4,3,189 Sq. Yd.,For Sale,6/29/2023,PKR2.5 Crore
601,Upper Portion,Sindh,Karachi,"Nazimabad, Karachi, Sindh",2,2,111 Sq. Yd.,For Sale,6/29/2023,PKR90 Lakh
602,Upper Portion,Sindh,Karachi,"Nazimabad, Karachi, Sindh",3,3,115 Sq. Yd.,For Sale,6/29/2023,PKR82 Lakh
603,Flat,Sindh,Karachi,"Nazimabad, Karachi, Sindh",2,2,89 Sq. Yd.,For Sale,6/29/2023,PKR60 Lakh
604,Upper Portion,Sindh,Karachi,"Nazimabad, Karachi, Sindh",-,-,150 Sq. Yd.,For Sale,6/29/2023,PKR60 Lakh
605,Upper Portion,Sindh,Karachi,"Nazimabad, Karachi, Sindh",-,-,94 Sq. Yd.,For Sale,6/29/2023,PKR65 Lakh
606,Upper Portion,Sindh,Karachi,"Nazimabad, Karachi, Sindh",-,-,72 Sq. Yd.,For Sale,6/29/2023,PKR40 Lakh
607,Upper Portion,Sindh,Karachi,"North Nazimabad, Karachi, Sindh",-,-,200 Sq. Yd.,For Sale,6/29/2023,PKR2.1 Crore
608,Upper Portion,Sindh,Karachi,"North Nazimabad, Karachi, Sindh",-,-,200 Sq. Yd.,For Sale,6/29/2023,PKR1.5 Crore
609,House,Sindh,Karachi,"Bahria Town Karachi, Karachi, Sindh",5,5,250 Sq. Yd.,For Sale,7/4/2023,PKR1.95 Crore
610,House,Sindh,Karachi,"Bahria Town Karachi, Karachi, Sindh",3,3,350 Sq. Yd.,For Sale,7/4/2023,PKR2.05 Crore
611,House,Sindh,Karachi,"DHA Defence, Karachi, Sindh",6,6,600 Sq. Yd.,For Sale,7/4/2023,PKR22 Crore
612,House,Sindh,Karachi,"DHA Defence, Karachi, Sindh",4,4,500 Sq. Yd.,For Sale,7/4/2023,PKR9.75 Crore
613,House,Sindh,Karachi,"DHA Defence, Karachi, Sindh",5,4,500 Sq. Yd.,For Sale,7/4/2023,PKR12.5 Crore
614,Flat,Sindh,Karachi,"Bahria Town Karachi, Karachi, Sindh",2,2,106 Sq. Yd.,For Sale,7/2/2023,PKR82 Lakh
615,House,Sindh,Karachi,"Navy Housing Scheme Karsaz, Karachi, Sindh",5,5,350 Sq. Yd.,For Sale,7/2/2023,PKR13 Crore
616,House,Sindh,Karachi,"Cantt, Karachi, Sindh",5,5,500 Sq. Yd.,For Sale,7/2/2023,PKR8.65 Crore
617,Flat,Sindh,Karachi,"Cantt, Karachi, Sindh",3,3,300 Sq. Yd.,For Sale,7/2/2023,PKR3.8 Crore
618,Flat,Sindh,Karachi,"Civil Lines, Karachi, Sindh",4,4,289 Sq. Yd.,For Sale,7/2/2023,PKR5.5 Crore
619,Flat,Sindh,Karachi,"DHA Defence, Karachi, Sindh",3,3,189 Sq. Yd.,For Sale,6/29/2023,PKR1.95 Crore
620,House,Sindh,Karachi,"Bahria Town Karachi, Karachi, Sindh",4,4,125 Sq. Yd.,For Sale,6/29/2023,PKR1.45 Crore
621,Flat,Sindh,Karachi,"DHA Defence, Karachi, Sindh",3,2,182 Sq. Yd.,For Sale,6/29/2023,PKR5.9 Crore
622,Flat,Sindh,Karachi,"DHA Defence, Karachi, Sindh",4,3,272 Sq. Yd.,For Sale,6/29/2023,PKR6.75 Crore
623,Upper Portion,Sindh,Karachi,"Nazimabad, Karachi, Sindh",-,-,89 Sq. Yd.,For Sale,6/29/2023,PKR55 Lakh
624,Upper Portion,Sindh,Karachi,"Nazimabad, Karachi, Sindh",-,-,108 Sq. Yd.,For Sale,6/29/2023,PKR70 Lakh
625,Upper Portion,Sindh,Karachi,"Nazimabad, Karachi, Sindh",3,3,96 Sq. Yd.,For Sale,6/29/2023,PKR75 Lakh
626,Flat,Sindh,Karachi,"Nazimabad, Karachi, Sindh",2,2,78 Sq. Yd.,For Sale,6/29/2023,PKR42 Lakh
627,Upper Portion,Sindh,Karachi,"Nazimabad, Karachi, Sindh",-,-,89 Sq. Yd.,For Sale,6/29/2023,PKR52 Lakh
628,House,Sindh,Karachi,"Gulshan-e-Iqbal Town, Karachi, Sindh",6,6,135 Sq. Yd.,For Sale,6/29/2023,PKR3.3 Crore
629,House,Sindh,Karachi,"Gulshan-e-Iqbal Town, Karachi, Sindh",6,6,160 Sq. Yd.,For Sale,6/29/2023,PKR2.85 Crore
630,House,Sindh,Karachi,"Gulshan-e-Iqbal Town, Karachi, Sindh",6,8,400 Sq. Yd.,For Sale,6/29/2023,PKR8 Crore
631,House,Sindh,Karachi,"DHA Defence, Karachi, Sindh",5,5,500 Sq. Yd.,For Sale,7/4/2023,PKR12.5 Crore
632,House,Sindh,Karachi,"DHA Defence, Karachi, Sindh",6,6,500 Sq. Yd.,For Sale,7/4/2023,PKR20 Crore
633,Flat,Sindh,Karachi,"Cantt, Karachi, Sindh",4,3,289 Sq. Yd.,For Sale,7/4/2023,PKR3.75 Crore
634,Flat,Sindh,Karachi,"DHA Defence, Karachi, Sindh",3,2,167 Sq. Yd.,For Sale,7/4/2023,PKR4.5 Crore
635,House,Sindh,Karachi,"Cantt, Karachi, Sindh",6,5,375 Sq. Yd.,For Sale,7/4/2023,PKR7.5 Crore
636,House,Sindh,Karachi,"Gadap Town, Karachi, Sindh",4,4,120 Sq. Yd.,For Sale,6/28/2023,PKR2.3 Crore
637,House,Sindh,Karachi,"Naya Nazimabad, Karachi, Sindh",5,4,160 Sq. Yd.,For Sale,7/2/2023,PKR3.7 Crore
638,House,Sindh,Karachi,"Naya Nazimabad, Karachi, Sindh",5,4,120 Sq. Yd.,For Sale,7/2/2023,PKR3.25 Crore
639,House,Sindh,Karachi,"North Karachi, Karachi, Sindh",6,11,240 Sq. Yd.,For Sale,7/2/2023,PKR6.5 Crore
640,House,Sindh,Karachi,"DHA Defence, Karachi, Sindh",6,6,"1,000 Sq. Yd.",For Sale,6/29/2023,PKR25 Crore
641,House,Sindh,Karachi,"Bahria Town Karachi, Karachi, Sindh",4,4,125 Sq. Yd.,For Sale,6/29/2023,PKR1.45 Crore
642,Flat,Sindh,Karachi,"DHA Defence, Karachi, Sindh",4,3,272 Sq. Yd.,For Sale,6/29/2023,PKR7.25 Crore
643,Flat,Sindh,Karachi,"Bahria Town Karachi, Karachi, Sindh",1,1,58 Sq. Yd.,For Sale,6/27/2023,PKR42 Lakh
644,House,Sindh,Karachi,"Bahria Town Karachi, Karachi, Sindh",5,5,275 Sq. Yd.,For Sale,6/29/2023,PKR3.65 Crore
645,Flat,Sindh,Karachi,"Amil Colony, Karachi, Sindh",-,-,333 Sq. Yd.,For Sale,6/29/2023,PKR4.2 Crore
646,Flat,Sindh,Karachi,"Cosmopolitan Society, Karachi, Sindh",-,-,178 Sq. Yd.,For Sale,6/29/2023,PKR3.2 Crore
647,Lower Portion,Sindh,Karachi,"North Nazimabad, Karachi, Sindh",3,3,200 Sq. Yd.,For Sale,6/29/2023,PKR1.8 Crore
648,Lower Portion,Sindh,Karachi,"North Nazimabad, Karachi, Sindh",3,3,256 Sq. Yd.,For Sale,6/29/2023,PKR2.65 Crore
649,Upper Portion,Sindh,Karachi,"North Nazimabad, Karachi, Sindh",5,4,300 Sq. Yd.,For Sale,6/29/2023,PKR2.8 Crore
650,Flat,Sindh,Karachi,"North Nazimabad, Karachi, Sindh",2,2,117 Sq. Yd.,For Sale,6/29/2023,PKR1.55 Crore
651,Flat,Sindh,Karachi,"North Nazimabad, Karachi, Sindh",2,2,111 Sq. Yd.,For Sale,6/29/2023,PKR1.4 Crore
652,Flat,Sindh,Karachi,"North Nazimabad, Karachi, Sindh",2,2,111 Sq. Yd.,For Sale,6/29/2023,PKR98 Lakh
653,House,Sindh,Karachi,"Malir, Karachi, Sindh",5,4,350 Sq. Yd.,For Sale,7/4/2023,PKR8 Crore
654,House,Sindh,Karachi,"Malir, Karachi, Sindh",6,5,500 Sq. Yd.,For Sale,7/4/2023,PKR9.5 Crore
655,Flat,Sindh,Karachi,"Navy Housing Scheme Karsaz, Karachi, Sindh",6,5,467 Sq. Yd.,For Sale,7/4/2023,PKR8.2 Crore
656,House,Sindh,Karachi,"Navy Housing Scheme Karsaz, Karachi, Sindh",6,5,350 Sq. Yd.,For Sale,7/4/2023,PKR11 Crore
657,Flat,Sindh,Karachi,"Gulistan-e-Jauhar, Karachi, Sindh",2,2,122 Sq. Yd.,For Sale,7/4/2023,PKR65 Lakh
658,House,Sindh,Karachi,"DHA Defence, Karachi, Sindh",6,7,"1,000 Sq. Yd.",For Sale,7/2/2023,PKR20 Crore
659,Flat,Sindh,Karachi,"Frere Town, Karachi, Sindh",2,2,122 Sq. Yd.,For Sale,7/2/2023,PKR3.15 Crore
660,Flat,Sindh,Karachi,"Gadap Town, Karachi, Sindh",3,3,122 Sq. Yd.,For Sale,6/28/2023,PKR80 Lakh
661,Flat,Sindh,Karachi,"Gadap Town, Karachi, Sindh",3,3,144 Sq. Yd.,For Sale,7/2/2023,PKR1.15 Crore
662,Upper Portion,Sindh,Karachi,"Nazimabad, Karachi, Sindh",3,2,108 Sq. Yd.,For Sale,7/2/2023,PKR78 Lakh
663,House,Sindh,Karachi,"Bahria Town Karachi, Karachi, Sindh",4,4,125 Sq. Yd.,For Sale,6/29/2023,PKR1.45 Crore
664,House,Sindh,Karachi,"Bahria Town Karachi, Karachi, Sindh",4,4,125 Sq. Yd.,For Sale,6/29/2023,PKR1.45 Crore
665,House,Sindh,Karachi,"Bahria Town Karachi, Karachi, Sindh",4,4,350 Sq. Yd.,For Sale,6/29/2023,PKR2.17 Crore
666,House,Sindh,Karachi,"DHA Defence, Karachi, Sindh",-,-,500 Sq. Yd.,For Sale,6/29/2023,PKR8.5 Crore
667,House,Sindh,Karachi,"DHA Defence, Karachi, Sindh",4,3,600 Sq. Yd.,For Sale,6/29/2023,PKR8.5 Crore
668,House,Sindh,Karachi,"DHA Defence, Karachi, Sindh",5,4,500 Sq. Yd.,For Sale,6/29/2023,PKR8.5 Crore
669,House,Sindh,Karachi,"Bahria Town Karachi, Karachi, Sindh",3,3,350 Sq. Yd.,For Sale,6/29/2023,PKR2 Crore
670,Flat,Sindh,Karachi,"North Nazimabad, Karachi, Sindh",2,2,122 Sq. Yd.,For Sale,6/29/2023,PKR1.25 Crore
671,Lower Portion,Sindh,Karachi,"North Nazimabad, Karachi, Sindh",3,3,200 Sq. Yd.,For Sale,6/29/2023,PKR1.8 Crore
672,Lower Portion,Sindh,Karachi,"North Nazimabad, Karachi, Sindh",3,3,140 Sq. Yd.,For Sale,6/29/2023,PKR1.45 Crore
673,House,Sindh,Karachi,"North Nazimabad, Karachi, Sindh",5,5,256 Sq. Yd.,For Sale,6/29/2023,PKR5.5 Crore
674,Flat,Sindh,Karachi,"North Nazimabad, Karachi, Sindh",3,3,161 Sq. Yd.,For Sale,6/29/2023,PKR1.9 Crore
675,Flat,Sindh,Karachi,"North Nazimabad, Karachi, Sindh",4,4,222 Sq. Yd.,For Sale,6/29/2023,PKR2.6 Crore
676,Flat,Sindh,Karachi,"North Nazimabad, Karachi, Sindh",3,3,161 Sq. Yd.,For Sale,6/29/2023,PKR1.45 Crore
677,Lower Portion,Sindh,Karachi,"North Nazimabad, Karachi, Sindh",3,3,200 Sq. Yd.,For Sale,6/29/2023,PKR2.3 Crore
678,House,Sindh,Karachi,"DHA Defence, Karachi, Sindh",5,5,500 Sq. Yd.,For Sale,7/4/2023,PKR12 Crore
679,House,Sindh,Karachi,"Bahria Town Karachi, Karachi, Sindh",4,4,350 Sq. Yd.,For Sale,7/4/2023,PKR2.1 Crore
680,Flat,Sindh,Karachi,"DHA Defence, Karachi, Sindh",3,2,167 Sq. Yd.,For Sale,7/4/2023,PKR4.65 Crore
681,Flat,Sindh,Karachi,"DHA Defence, Karachi, Sindh",2,2,100 Sq. Yd.,For Sale,7/4/2023,PKR1.3 Crore
682,House,Sindh,Karachi,"Cantt, Karachi, Sindh",5,5,375 Sq. Yd.,For Sale,7/4/2023,PKR7.3 Crore
683,Flat,Sindh,Karachi,"Saddar Town, Karachi, Sindh",-,2,67 Sq. Yd.,For Sale,7/2/2023,PKR40 Lakh
684,House,Sindh,Karachi,"North Nazimabad, Karachi, Sindh",6,6,200 Sq. Yd.,For Sale,7/2/2023,PKR5.5 Crore
685,House,Sindh,Karachi,"North Nazimabad, Karachi, Sindh",8,6,200 Sq. Yd.,For Sale,7/2/2023,PKR5.75 Crore
686,Upper Portion,Sindh,Karachi,"Federal B Area, Karachi, Sindh",3,3,155 Sq. Yd.,For Sale,7/2/2023,PKR1.3 Crore
687,Flat,Sindh,Karachi,"Clifton, Karachi, Sindh",4,4,311 Sq. Yd.,For Sale,7/2/2023,PKR10.5 Crore
688,House,Sindh,Karachi,"Bahria Town Karachi, Karachi, Sindh",4,3,125 Sq. Yd.,For Sale,6/29/2023,PKR1.3 Crore
689,House,Sindh,Karachi,"DHA Defence, Karachi, Sindh",6,5,600 Sq. Yd.,For Sale,6/29/2023,PKR17.5 Crore
690,House,Sindh,Karachi,"Bahria Town Karachi, Karachi, Sindh",3,3,125 Sq. Yd.,For Sale,6/29/2023,PKR1.4 Crore
691,House,Sindh,Karachi,"Bahria Town Karachi, Karachi, Sindh",3,3,152 Sq. Yd.,For Sale,6/29/2023,PKR1.4 Crore
692,House,Sindh,Karachi,"Bahria Town Karachi, Karachi, Sindh",3,3,200 Sq. Yd.,For Sale,6/29/2023,PKR1.65 Crore
693,House,Sindh,Karachi,"Bahria Town Karachi, Karachi, Sindh",3,3,125 Sq. Yd.,For Sale,6/29/2023,PKR1.4 Crore
694,House,Sindh,Karachi,"Gulshan-e-Iqbal Town, Karachi, Sindh",6,8,400 Sq. Yd.,For Sale,6/29/2023,PKR7.5 Crore
695,Upper Portion,Sindh,Karachi,"North Nazimabad, Karachi, Sindh",3,3,220 Sq. Yd.,For Sale,6/29/2023,PKR2.25 Crore
696,Lower Portion,Sindh,Karachi,"North Nazimabad, Karachi, Sindh",2,2,100 Sq. Yd.,For Sale,6/29/2023,PKR95 Lakh
697,Flat,Sindh,Karachi,"North Nazimabad, Karachi, Sindh",2,2,89 Sq. Yd.,For Sale,6/29/2023,PKR87 Lakh
698,Flat,Sindh,Karachi,"North Nazimabad, Karachi, Sindh",2,2,122 Sq. Yd.,For Sale,6/29/2023,PKR1.4 Crore
699,Upper Portion,Sindh,Karachi,"North Nazimabad, Karachi, Sindh",4,3,150 Sq. Yd.,For Sale,6/29/2023,PKR1.45 Crore
700,Upper Portion,Sindh,Karachi,"North Nazimabad, Karachi, Sindh",4,4,512 Sq. Yd.,For Sale,6/29/2023,PKR2.9 Crore
701,Flat,Sindh,Karachi,"North Nazimabad, Karachi, Sindh",2,2,122 Sq. Yd.,For Sale,6/29/2023,PKR1.35 Crore
702,Flat,Sindh,Karachi,"North Nazimabad, Karachi, Sindh",3,3,178 Sq. Yd.,For Sale,6/29/2023,PKR1.9 Crore
703,House,Sindh,Karachi,"Cantt, Karachi, Sindh",5,5,500 Sq. Yd.,For Sale,7/4/2023,PKR8.5 Crore
704,Flat,Sindh,Karachi,"Cantt, Karachi, Sindh",4,4,367 Sq. Yd.,For Sale,7/4/2023,PKR5 Crore
705,House,Sindh,Karachi,"Cantt, Karachi, Sindh",5,5,375 Sq. Yd.,For Sale,7/4/2023,PKR7.5 Crore
706,House,Sindh,Karachi,"Cantt, Karachi, Sindh",5,5,375 Sq. Yd.,For Sale,7/4/2023,PKR7.25 Crore
707,House,Sindh,Karachi,"Cantt, Karachi, Sindh",5,5,500 Sq. Yd.,For Sale,7/4/2023,PKR8.75 Crore
708,House,Sindh,Karachi,"Malir, Karachi, Sindh",3,3,120 Sq. Yd.,For Sale,7/2/2023,PKR2.25 Crore
709,House,Sindh,Karachi,"Bahria Town Karachi, Karachi, Sindh",5,4,350 Sq. Yd.,For Sale,7/2/2023,PKR2.1 Crore
710,House,Sindh,Karachi,"Scheme 33, Karachi, Sindh",6,6,240 Sq. Yd.,For Sale,7/2/2023,PKR4 Crore
711,House,Sindh,Karachi,"Naya Nazimabad, Karachi, Sindh",4,4,160 Sq. Yd.,For Sale,7/2/2023,PKR3.85 Crore
712,Flat,Sindh,Karachi,"Bahria Town Karachi, Karachi, Sindh",1,-,29 Sq. Yd.,For Sale,7/2/2023,PKR26 Lakh
713,House,Sindh,Karachi,"Bahria Town Karachi, Karachi, Sindh",3,3,79 Sq. Yd.,For Sale,6/29/2023,PKR71.23 Lakh
714,Flat,Sindh,Karachi,"Bahria Town Karachi, Karachi, Sindh",3,3,45 Sq. Yd.,For Sale,6/29/2023,PKR35.74 Lakh
715,Flat,Sindh,Karachi,"Cantt, Karachi, Sindh",4,3,194 Sq. Yd.,For Sale,6/29/2023,PKR1.65 Crore
716,Flat,Sindh,Karachi,"Gulshan-e-Iqbal Town, Karachi, Sindh",3,2,128 Sq. Yd.,For Sale,6/29/2023,PKR1.55 Crore
717,Flat,Sindh,Karachi,"DHA Defence, Karachi, Sindh",2,2,111 Sq. Yd.,For Sale,6/29/2023,PKR1.25 Crore
718,Flat,Sindh,Karachi,"DHA Defence, Karachi, Sindh",3,3,122 Sq. Yd.,For Sale,6/29/2023,PKR1.4 Crore
719,Flat,Sindh,Karachi,"North Nazimabad, Karachi, Sindh",3,3,172 Sq. Yd.,For Sale,6/29/2023,PKR80 Lakh
720,Flat,Sindh,Karachi,"North Nazimabad, Karachi, Sindh",3,3,178 Sq. Yd.,For Sale,6/29/2023,PKR1.9 Crore
721,Flat,Sindh,Karachi,"North Nazimabad, Karachi, Sindh",3,3,161 Sq. Yd.,For Sale,6/29/2023,PKR1.85 Crore
722,Flat,Sindh,Karachi,"North Nazimabad, Karachi, Sindh",3,3,167 Sq. Yd.,For Sale,6/29/2023,PKR1.6 Crore
723,Flat,Sindh,Karachi,"North Nazimabad, Karachi, Sindh",2,2,89 Sq. Yd.,For Sale,6/29/2023,PKR50 Lakh
724,Flat,Sindh,Karachi,"North Nazimabad, Karachi, Sindh",3,3,178 Sq. Yd.,For Sale,6/29/2023,PKR2.6 Crore
725,Upper Portion,Sindh,Karachi,"North Nazimabad, Karachi, Sindh",3,3,256 Sq. Yd.,For Sale,6/29/2023,PKR2.6 Crore
726,Flat,Sindh,Karachi,"North Nazimabad, Karachi, Sindh",2,2,111 Sq. Yd.,For Sale,6/29/2023,PKR1.2 Crore
727,House,Sindh,Karachi,"DHA Defence, Karachi, Sindh",6,7,"1,000 Sq. Yd.",For Sale,6/29/2023,PKR12 Crore
728,House,Sindh,Karachi,"Cantt, Karachi, Sindh",5,5,375 Sq. Yd.,For Sale,7/4/2023,PKR7.15 Crore
729,Flat,Sindh,Karachi,"Cantt, Karachi, Sindh",3,3,300 Sq. Yd.,For Sale,7/4/2023,PKR4.15 Crore
730,Flat,Sindh,Karachi,"Cantt, Karachi, Sindh",4,4,333 Sq. Yd.,For Sale,7/4/2023,PKR4.6 Crore
731,House,Sindh,Karachi,"Cantt, Karachi, Sindh",6,6,550 Sq. Yd.,For Sale,7/4/2023,PKR12.75 Crore
732,House,Sindh,Karachi,"Cantt, Karachi, Sindh",5,5,500 Sq. Yd.,For Sale,7/4/2023,PKR8.6 Crore
733,Upper Portion,Sindh,Karachi,"North Nazimabad, Karachi, Sindh",3,3,200 Sq. Yd.,For Sale,7/3/2023,PKR1.7 Crore
734,House,Sindh,Karachi,"DHA Defence, Karachi, Sindh",6,6,500 Sq. Yd.,For Sale,6/27/2023,PKR17 Crore
735,House,Sindh,Karachi,"Scheme 33, Karachi, Sindh",6,6,200 Sq. Yd.,For Sale,7/3/2023,PKR4.1 Crore
736,House,Sindh,Karachi,"Scheme 33, Karachi, Sindh",6,6,300 Sq. Yd.,For Sale,7/3/2023,PKR4.65 Crore
737,House,Sindh,Karachi,"Bahria Town Karachi, Karachi, Sindh",5,4,350 Sq. Yd.,For Sale,6/30/2023,PKR2.1 Crore
738,House,Sindh,Karachi,"Bahria Town Karachi, Karachi, Sindh",-,3,125 Sq. Yd.,For Sale,6/30/2023,PKR1.65 Crore
739,Flat,Sindh,Karachi,"DHA Defence, Karachi, Sindh",2,2,156 Sq. Yd.,For Sale,6/29/2023,PKR1.65 Crore
740,Flat,Sindh,Karachi,"Gulistan-e-Jauhar, Karachi, Sindh",4,4,244 Sq. Yd.,For Sale,6/29/2023,PKR1.99 Crore
741,Flat,Sindh,Karachi,"Shahra-e-Faisal, Karachi, Sindh",3,4,233 Sq. Yd.,For Sale,6/29/2023,PKR2.75 Crore
742,House,Sindh,Karachi,"Bahria Town Karachi, Karachi, Sindh",5,4,272 Sq. Yd.,For Sale,6/29/2023,PKR3.8 Crore
743,House,Sindh,Karachi,"Bahria Town Karachi, Karachi, Sindh",4,3,125 Sq. Yd.,For Sale,6/29/2023,PKR1.48 Crore
744,Flat,Sindh,Karachi,"DHA Defence, Karachi, Sindh",3,3,122 Sq. Yd.,For Sale,6/29/2023,PKR1.8 Crore
745,House,Sindh,Karachi,"DHA Defence, Karachi, Sindh",4,3,194 Sq. Yd.,For Sale,6/29/2023,PKR1.95 Crore
746,Flat,Sindh,Karachi,"DHA Defence, Karachi, Sindh",3,3,122 Sq. Yd.,For Sale,6/29/2023,PKR1.75 Crore
747,Flat,Sindh,Karachi,"DHA Defence, Karachi, Sindh",3,3,183 Sq. Yd.,For Sale,6/29/2023,PKR2.8 Crore
748,House,Sindh,Karachi,"DHA Defence, Karachi, Sindh",-,-,600 Sq. Yd.,For Sale,6/29/2023,PKR13.5 Crore
749,House,Sindh,Karachi,"DHA Defence, Karachi, Sindh",6,6,"1,000 Sq. Yd.",For Sale,6/29/2023,PKR22 Crore
750,Flat,Sindh,Karachi,"DHA Defence, Karachi, Sindh",2,2,108 Sq. Yd.,For Sale,6/29/2023,PKR1.3 Crore
751,Flat,Sindh,Karachi,"North Nazimabad, Karachi, Sindh",3,3,244 Sq. Yd.,For Sale,6/29/2023,PKR2 Crore
752,House,Sindh,Karachi,"Cantt, Karachi, Sindh",5,5,375 Sq. Yd.,For Sale,7/4/2023,PKR7.4 Crore
753,House,Sindh,Karachi,"Cantt, Karachi, Sindh",5,5,427 Sq. Yd.,For Sale,7/4/2023,PKR9.25 Crore
754,House,Sindh,Karachi,"Bahria Town Karachi, Karachi, Sindh",4,3,125 Sq. Yd.,For Sale,7/4/2023,PKR1.5 Crore
755,Flat,Sindh,Karachi,"DHA Defence, Karachi, Sindh",3,2,180 Sq. Yd.,For Sale,7/4/2023,PKR5.6 Crore
756,Flat,Sindh,Karachi,"North Karachi, Karachi, Sindh",3,5,178 Sq. Yd.,For Sale,7/3/2023,PKR1.2 Crore
757,Flat,Sindh,Karachi,"Gulistan-e-Jauhar, Karachi, Sindh",4,4,300 Sq. Yd.,For Sale,7/3/2023,PKR1.75 Crore
758,House,Sindh,Karachi,"Gulshan-e-Iqbal Town, Karachi, Sindh",6,6,240 Sq. Yd.,For Sale,7/3/2023,PKR4.5 Crore
759,House,Sindh,Karachi,"DHA Defence, Karachi, Sindh",6,9,"1,000 Sq. Yd.",For Sale,7/3/2023,PKR23 Crore
760,House,Sindh,Karachi,"Bahria Town Karachi, Karachi, Sindh",3,3,235 Sq. Yd.,For Sale,6/28/2023,PKR1.3 Crore
761,House,Sindh,Karachi,"Bahria Town Karachi, Karachi, Sindh",3,3,152 Sq. Yd.,For Sale,6/28/2023,PKR1.4 Crore
762,House,Sindh,Karachi,"Bahria Town Karachi, Karachi, Sindh",5,4,272 Sq. Yd.,For Sale,6/29/2023,PKR3.8 Crore
763,Flat,Sindh,Karachi,"Bahria Town Karachi, Karachi, Sindh",2,2,96 Sq. Yd.,For Sale,6/29/2023,PKR86 Lakh
764,Flat,Sindh,Karachi,"Bahria Town Karachi, Karachi, Sindh",2,2,106 Sq. Yd.,For Sale,6/29/2023,PKR92 Lakh
765,House,Sindh,Karachi,"Bahria Town Karachi, Karachi, Sindh",5,4,350 Sq. Yd.,For Sale,6/29/2023,PKR2.25 Crore
766,House,Sindh,Karachi,"Bahria Town Karachi, Karachi, Sindh",3,3,200 Sq. Yd.,For Sale,6/29/2023,PKR1.82 Crore
767,Lower Portion,Sindh,Karachi,"North Nazimabad, Karachi, Sindh",3,3,256 Sq. Yd.,For Sale,6/29/2023,PKR2.5 Crore
768,Flat,Sindh,Karachi,"North Nazimabad, Karachi, Sindh",2,2,106 Sq. Yd.,For Sale,6/29/2023,PKR96 Lakh
769,Flat,Sindh,Karachi,"North Nazimabad, Karachi, Sindh",4,3,200 Sq. Yd.,For Sale,6/29/2023,PKR2.4 Crore
770,Upper Portion,Sindh,Karachi,"North Nazimabad, Karachi, Sindh",4,3,150 Sq. Yd.,For Sale,6/29/2023,PKR1.5 Crore
771,Upper Portion,Sindh,Karachi,"North Karachi, Karachi, Sindh",2,2,120 Sq. Yd.,For Sale,6/29/2023,PKR1.25 Crore
772,Upper Portion,Sindh,Karachi,"North Nazimabad, Karachi, Sindh",5,4,280 Sq. Yd.,For Sale,6/29/2023,PKR2.8 Crore
773,Flat,Sindh,Karachi,"North Nazimabad, Karachi, Sindh",4,3,200 Sq. Yd.,For Sale,6/29/2023,PKR2.4 Crore
774,Flat,Sindh,Karachi,"North Nazimabad, Karachi, Sindh",4,4,200 Sq. Yd.,For Sale,6/29/2023,PKR1.6 Crore
775,Flat,Sindh,Karachi,"DHA Defence, Karachi, Sindh",5,3,290 Sq. Yd.,For Sale,7/4/2023,PKR11.69 Crore
776,Flat,Sindh,Karachi,"Malir, Karachi, Sindh",3,3,244 Sq. Yd.,For Sale,7/4/2023,PKR3.4 Crore
777,House,Sindh,Karachi,"Police Society, Karachi, Sindh",6,11,400 Sq. Yd.,For Sale,7/3/2023,PKR6 Crore
778,Lower Portion,Sindh,Karachi,"Gulshan-e-Iqbal Town, Karachi, Sindh",4,4,284 Sq. Yd.,For Sale,7/3/2023,PKR4.5 Crore
779,Flat,Sindh,Karachi,"Gulistan-e-Jauhar, Karachi, Sindh",2,4,111 Sq. Yd.,For Sale,7/3/2023,PKR65 Lakh
780,House,Sindh,Karachi,"Scheme 33, Karachi, Sindh",6,4,120 Sq. Yd.,For Sale,7/3/2023,PKR2.35 Crore
781,Flat,Sindh,Karachi,"Nazimabad, Karachi, Sindh",3,3,167 Sq. Yd.,For Sale,7/3/2023,PKR1.3 Crore
782,Flat,Sindh,Karachi,"DHA Defence, Karachi, Sindh",5,4,352 Sq. Yd.,For Sale,6/30/2023,PKR6.5 Crore
783,Flat,Sindh,Karachi,"DHA Defence, Karachi, Sindh",4,3,267 Sq. Yd.,For Sale,6/30/2023,PKR6.75 Crore
784,House,Sindh,Karachi,"Bahria Town Karachi, Karachi, Sindh",4,3,200 Sq. Yd.,For Sale,6/29/2023,PKR1.85 Crore
785,House,Sindh,Karachi,"Bahria Town Karachi, Karachi, Sindh",6,5,500 Sq. Yd.,For Sale,6/29/2023,PKR7.1 Crore
786,House,Sindh,Karachi,"Bahria Town Karachi, Karachi, Sindh",4,3,235 Sq. Yd.,For Sale,6/29/2023,PKR1.62 Crore
787,House,Sindh,Karachi,"Bahria Town Karachi, Karachi, Sindh",5,4,350 Sq. Yd.,For Sale,6/29/2023,PKR2.1 Crore
788,House,Sindh,Karachi,"Bahria Town Karachi, Karachi, Sindh",3,3,200 Sq. Yd.,For Sale,6/29/2023,PKR2 Crore
789,Flat,Sindh,Karachi,"North Nazimabad, Karachi, Sindh",2,2,106 Sq. Yd.,For Sale,6/29/2023,PKR83 Lakh
790,Flat,Sindh,Karachi,"North Nazimabad, Karachi, Sindh",2,2,83 Sq. Yd.,For Sale,6/29/2023,PKR85 Lakh
791,Flat,Sindh,Karachi,"North Nazimabad, Karachi, Sindh",3,3,156 Sq. Yd.,For Sale,6/29/2023,PKR1.72 Crore
792,Flat,Sindh,Karachi,"North Nazimabad, Karachi, Sindh",2,2,100 Sq. Yd.,For Sale,6/29/2023,PKR92 Lakh
793,Flat,Sindh,Karachi,"North Karachi, Karachi, Sindh",2,2,83 Sq. Yd.,For Sale,6/27/2023,PKR55 Lakh
794,Flat,Sindh,Karachi,"Bahria Town Karachi, Karachi, Sindh",1,1,58 Sq. Yd.,For Sale,6/29/2023,PKR42 Lakh
795,Flat,Sindh,Karachi,"North Nazimabad, Karachi, Sindh",3,3,156 Sq. Yd.,For Sale,6/29/2023,PKR1.75 Crore
796,Flat,Sindh,Karachi,"North Nazimabad, Karachi, Sindh",2,2,106 Sq. Yd.,For Sale,6/29/2023,PKR1.25 Crore
797,House,Sindh,Karachi,"DHA Defence, Karachi, Sindh",4,4,100 Sq. Yd.,For Sale,7/4/2023,PKR4 Crore
798,House,Sindh,Karachi,"Bahria Town Karachi, Karachi, Sindh",3,3,125 Sq. Yd.,For Sale,7/4/2023,PKR1.4 Crore
799,House,Sindh,Karachi,"Bahria Town Karachi, Karachi, Sindh",3,3,200 Sq. Yd.,For Sale,7/4/2023,PKR1.55 Crore
800,House,Sindh,Karachi,"Bahria Town Karachi, Karachi, Sindh",4,4,350 Sq. Yd.,For Sale,7/4/2023,PKR2.05 Crore
801,House,Sindh,Karachi,"Bahria Town Karachi, Karachi, Sindh",4,4,350 Sq. Yd.,For Sale,7/11/2023,PKR2.05 Crore
802,House,Sindh,Karachi,"Gadap Town, Karachi, Sindh",6,6,240 Sq. Yd.,For Sale,7/3/2023,PKR4.25 Crore
803,House,Sindh,Karachi,"Gadap Town, Karachi, Sindh",6,6,400 Sq. Yd.,For Sale,7/3/2023,PKR7 Crore
804,House,Sindh,Karachi,"DHA Defence, Karachi, Sindh",6,6,"1,000 Sq. Yd.",For Sale,6/27/2023,PKR36 Crore
805,House,Sindh,Karachi,"DHA Defence, Karachi, Sindh",6,6,"1,000 Sq. Yd.",For Sale,7/3/2023,PKR40 Crore
806,House,Sindh,Karachi,"DHA Defence, Karachi, Sindh",5,4,300 Sq. Yd.,For Sale,7/3/2023,PKR6.3 Crore
807,Flat,Sindh,Karachi,"DHA Defence, Karachi, Sindh",5,3,272 Sq. Yd.,For Sale,6/30/2023,PKR6.5 Crore
808,Flat,Sindh,Karachi,"DHA Defence, Karachi, Sindh",5,3,272 Sq. Yd.,For Sale,6/27/2023,PKR6.75 Crore
809,House,Sindh,Karachi,"Bahria Town Karachi, Karachi, Sindh",4,3,200 Sq. Yd.,For Sale,6/29/2023,PKR2.4 Crore
810,Flat,Sindh,Karachi,"Bahria Town Karachi, Karachi, Sindh",2,2,106 Sq. Yd.,For Sale,6/29/2023,PKR85 Lakh
811,Flat,Sindh,Karachi,"DHA Defence, Karachi, Sindh",3,3,133 Sq. Yd.,For Sale,6/29/2023,PKR1.22 Crore
812,House,Sindh,Karachi,"Malir, Karachi, Sindh",3,3,120 Sq. Yd.,For Sale,6/29/2023,PKR2.2 Crore
813,House,Sindh,Karachi,"Malir, Karachi, Sindh",3,3,120 Sq. Yd.,For Sale,6/29/2023,PKR2.25 Crore
814,Flat,Sindh,Karachi,"DHA Defence, Karachi, Sindh",2,1,153 Sq. Yd.,For Sale,6/29/2023,PKR4.5 Crore
815,Flat,Sindh,Karachi,"DHA Defence, Karachi, Sindh",4,4,389 Sq. Yd.,For Sale,6/29/2023,PKR14.3 Crore
816,Flat,Sindh,Karachi,"DHA Defence, Karachi, Sindh",4,4,389 Sq. Yd.,For Sale,6/29/2023,PKR13.14 Crore
817,Flat,Sindh,Karachi,"DHA Defence, Karachi, Sindh",2,2,219 Sq. Yd.,For Sale,6/29/2023,PKR7.9 Crore
818,Flat,Sindh,Karachi,"DHA Defence, Karachi, Sindh",3,3,303 Sq. Yd.,For Sale,6/29/2023,PKR9.92 Crore
819,House,Sindh,Karachi,"Cantt, Karachi, Sindh",5,5,375 Sq. Yd.,For Sale,6/29/2023,PKR7.5 Crore
820,House,Sindh,Karachi,"Cantt, Karachi, Sindh",5,5,500 Sq. Yd.,For Sale,6/29/2023,PKR9 Crore
821,House,Sindh,Karachi,"Cantt, Karachi, Sindh",5,5,500 Sq. Yd.,For Sale,6/29/2023,PKR9 Crore
822,House,Sindh,Karachi,"Bahria Town Karachi, Karachi, Sindh",3,3,125 Sq. Yd.,For Sale,7/11/2023,PKR1.5 Crore
823,House,Sindh,Karachi,"Bahria Town Karachi, Karachi, Sindh",5,5,500 Sq. Yd.,For Sale,7/11/2023,PKR3.25 Crore
824,House,Sindh,Karachi,"DHA Defence, Karachi, Sindh",3,3,289 Sq. Yd.,For Sale,7/11/2023,PKR6.75 Crore
825,House,Sindh,Karachi,"DHA Defence, Karachi, Sindh",6,6,"1,000 Sq. Yd.",For Sale,7/11/2023,PKR40 Crore
826,Flat,Sindh,Karachi,"Bahria Town Karachi, Karachi, Sindh",2,2,106 Sq. Yd.,For Sale,7/11/2023,PKR72 Lakh
827,House,Sindh,Karachi,"Bahria Town Karachi, Karachi, Sindh",5,5,500 Sq. Yd.,For Sale,7/3/2023,PKR3.5 Crore
828,Flat,Sindh,Karachi,"Gulistan-e-Jauhar, Karachi, Sindh",2,2,72 Sq. Yd.,For Sale,6/28/2023,PKR62 Lakh
829,Flat,Sindh,Karachi,"North Nazimabad, Karachi, Sindh",3,3,167 Sq. Yd.,For Sale,7/4/2023,PKR1.6 Crore
830,House,Sindh,Karachi,"DHA Defence, Karachi, Sindh",6,6,"1,000 Sq. Yd.",For Sale,7/4/2023,PKR38 Crore
831,Flat,Sindh,Karachi,"Gulshan-e-Iqbal Town, Karachi, Sindh",2,2,106 Sq. Yd.,For Sale,7/4/2023,PKR87 Lakh
832,House,Sindh,Karachi,"Bahria Town Karachi, Karachi, Sindh",3,3,200 Sq. Yd.,For Sale,6/28/2023,PKR1.5 Crore
833,Flat,Sindh,Karachi,"Bahria Town Karachi, Karachi, Sindh",2,2,122 Sq. Yd.,For Sale,6/28/2023,PKR56 Lakh
834,House,Sindh,Karachi,"DHA Defence, Karachi, Sindh",6,7,"1,000 Sq. Yd.",For Sale,6/29/2023,PKR21 Crore
835,House,Sindh,Karachi,"DHA Defence, Karachi, Sindh",6,5,500 Sq. Yd.,For Sale,6/29/2023,PKR18 Crore
836,House,Sindh,Karachi,"Naya Nazimabad, Karachi, Sindh",4,7,120 Sq. Yd.,For Sale,6/29/2023,PKR2.5 Crore
837,House,Sindh,Karachi,"Malir, Karachi, Sindh",5,4,350 Sq. Yd.,For Sale,6/29/2023,PKR9 Crore
838,Flat,Sindh,Karachi,"ASF Tower, Karachi, Sindh",3,3,189 Sq. Yd.,For Sale,6/29/2023,PKR1.07 Crore
839,House,Sindh,Karachi,"Cantt, Karachi, Sindh",5,5,500 Sq. Yd.,For Sale,6/29/2023,PKR9 Crore
840,Flat,Sindh,Karachi,"Cantt, Karachi, Sindh",6,5,375 Sq. Yd.,For Sale,6/29/2023,PKR8.25 Crore
841,House,Sindh,Karachi,"Navy Housing Scheme Karsaz, Karachi, Sindh",6,5,350 Sq. Yd.,For Sale,6/29/2023,PKR12 Crore
842,Flat,Sindh,Karachi,"DHA Defence, Karachi, Sindh",4,3,233 Sq. Yd.,For Sale,6/29/2023,PKR6.5 Crore
843,Flat,Sindh,Karachi,"DHA Defence, Karachi, Sindh",3,3,243 Sq. Yd.,For Sale,6/29/2023,PKR6.5 Crore
844,Flat,Sindh,Karachi,"DHA Defence, Karachi, Sindh",2,2,227 Sq. Yd.,For Sale,6/29/2023,PKR6.25 Crore
845,Flat,Sindh,Karachi,"DHA Defence, Karachi, Sindh",4,4,292 Sq. Yd.,For Sale,6/29/2023,PKR8.75 Crore
846,Flat,Sindh,Karachi,"DHA Defence, Karachi, Sindh",1,1,136 Sq. Yd.,For Sale,6/29/2023,PKR4.65 Crore
847,House,Sindh,Karachi,"Gulshan-e-Iqbal Town, Karachi, Sindh",6,11,600 Sq. Yd.,For Sale,7/11/2023,PKR13.5 Crore
848,House,Sindh,Karachi,"DHA Defence, Karachi, Sindh",6,7,600 Sq. Yd.,For Sale,7/11/2023,PKR14 Crore
849,Flat,Sindh,Karachi,"DHA Defence, Karachi, Sindh",5,3,272 Sq. Yd.,For Sale,7/11/2023,PKR6.7 Crore
850,House,Sindh,Karachi,"DHA Defence, Karachi, Sindh",6,6,500 Sq. Yd.,For Sale,7/11/2023,PKR19 Crore
851,House,Sindh,Karachi,"DHA Defence, Karachi, Sindh",5,5,500 Sq. Yd.,For Sale,7/11/2023,PKR19 Crore
852,Flat,Sindh,Karachi,"DHA Defence, Karachi, Sindh",2,2,106 Sq. Yd.,For Sale,7/4/2023,PKR90 Lakh
853,Flat,Sindh,Karachi,"Cantt, Karachi, Sindh",4,3,300 Sq. Yd.,For Sale,7/4/2023,PKR4.05 Crore
854,House,Sindh,Karachi,"Cantt, Karachi, Sindh",5,5,500 Sq. Yd.,For Sale,7/4/2023,PKR8.65 Crore
855,Flat,Sindh,Karachi,"North Nazimabad, Karachi, Sindh",2,2,111 Sq. Yd.,For Sale,7/4/2023,PKR1.05 Crore
856,Flat,Sindh,Karachi,"North Nazimabad, Karachi, Sindh",2,2,89 Sq. Yd.,For Sale,7/4/2023,PKR70 Lakh
857,House,Sindh,Karachi,"Bahria Town Karachi, Karachi, Sindh",3,3,152 Sq. Yd.,For Sale,6/28/2023,PKR1.25 Crore
858,House,Sindh,Karachi,"Bahria Town Karachi, Karachi, Sindh",3,3,235 Sq. Yd.,For Sale,6/28/2023,PKR1.37 Crore
859,Flat,Sindh,Karachi,"Korangi, Karachi, Sindh",2,2,84 Sq. Yd.,For Sale,6/29/2023,PKR44 Lakh
860,Flat,Sindh,Karachi,"Korangi, Karachi, Sindh",2,2,60 Sq. Yd.,For Sale,6/29/2023,PKR32 Lakh
861,Flat,Sindh,Karachi,"Korangi, Karachi, Sindh",2,2,60 Sq. Yd.,For Sale,6/29/2023,PKR21 Lakh
862,House,Sindh,Karachi,"Zamzama, Karachi, Sindh",5,5,350 Sq. Yd.,For Sale,6/29/2023,PKR23.25 Crore
863,Flat,Sindh,Karachi,"Korangi, Karachi, Sindh",2,2,50 Sq. Yd.,For Sale,6/29/2023,PKR21 Lakh
864,House,Sindh,Karachi,"Cantt, Karachi, Sindh",5,4,350 Sq. Yd.,For Sale,6/29/2023,PKR6.4 Crore
865,Flat,Sindh,Karachi,"DHA Defence, Karachi, Sindh",2,1,133 Sq. Yd.,For Sale,6/29/2023,PKR4.5 Crore
866,Flat,Sindh,Karachi,"DHA Defence, Karachi, Sindh",3,3,243 Sq. Yd.,For Sale,6/29/2023,PKR7.35 Crore
867,Flat,Sindh,Karachi,"DHA Defence, Karachi, Sindh",2,2,182 Sq. Yd.,For Sale,6/29/2023,PKR6 Crore
868,Flat,Sindh,Karachi,"DHA Defence, Karachi, Sindh",3,3,200 Sq. Yd.,For Sale,6/29/2023,PKR3.5 Crore
869,House,Sindh,Karachi,"DHA Defence, Karachi, Sindh",4,4,300 Sq. Yd.,For Sale,6/29/2023,PKR6.3 Crore
870,House,Sindh,Karachi,"DHA Defence, Karachi, Sindh",6,9,500 Sq. Yd.,For Sale,6/29/2023,PKR15 Crore
871,House,Sindh,Karachi,"Bahria Town Karachi, Karachi, Sindh",6,5,500 Sq. Yd.,For Sale,6/29/2023,PKR4.1 Crore
872,House,Sindh,Karachi,"DHA Defence, Karachi, Sindh",6,6,500 Sq. Yd.,For Sale,7/11/2023,PKR14.25 Crore
873,House,Sindh,Karachi,"DHA Defence, Karachi, Sindh",5,5,500 Sq. Yd.,For Sale,7/11/2023,PKR16.5 Crore
874,House,Sindh,Karachi,"Bahria Town Karachi, Karachi, Sindh",6,5,500 Sq. Yd.,For Sale,7/11/2023,PKR5.5 Crore
875,House,Sindh,Karachi,"DHA Defence, Karachi, Sindh",8,7,600 Sq. Yd.,For Sale,7/4/2023,PKR13.5 Crore
876,Flat,Sindh,Karachi,"Gulshan-e-Iqbal Town, Karachi, Sindh",5,4,200 Sq. Yd.,For Sale,7/4/2023,PKR2.2 Crore
877,Flat,Sindh,Karachi,"Bahria Town Karachi, Karachi, Sindh",4,4,216 Sq. Yd.,For Sale,7/4/2023,PKR1.47 Crore
878,House,Sindh,Karachi,"Naya Nazimabad, Karachi, Sindh",3,3,240 Sq. Yd.,For Sale,7/4/2023,PKR3.5 Crore
879,House,Sindh,Karachi,"Bahria Town Karachi, Karachi, Sindh",3,3,125 Sq. Yd.,For Sale,7/4/2023,PKR1.38 Crore
880,Flat,Sindh,Karachi,"Malir, Karachi, Sindh",4,3,250 Sq. Yd.,For Sale,6/30/2023,PKR3.2 Crore
881,Flat,Sindh,Karachi,"Malir Link To Super Highway, Karachi, Sindh",4,3,250 Sq. Yd.,For Sale,6/30/2023,PKR3.2 Crore
882,Flat,Sindh,Karachi,"Korangi, Karachi, Sindh",1,2,50 Sq. Yd.,For Sale,6/29/2023,PKR20 Lakh
883,House,Sindh,Karachi,"Navy Housing Scheme Karsaz, Karachi, Sindh",5,5,350 Sq. Yd.,For Sale,6/29/2023,PKR13 Crore
884,Flat,Sindh,Karachi,"Korangi, Karachi, Sindh",3,3,84 Sq. Yd.,For Sale,6/29/2023,PKR44 Lakh
885,Flat,Sindh,Karachi,"Korangi, Karachi, Sindh",1,2,50 Sq. Yd.,For Sale,6/29/2023,PKR23 Lakh
886,Flat,Sindh,Karachi,"Korangi, Karachi, Sindh",1,2,50 Sq. Yd.,For Sale,6/29/2023,PKR21 Lakh
887,House,Sindh,Karachi,"Bahria Town Karachi, Karachi, Sindh",4,4,250 Sq. Yd.,For Sale,6/29/2023,PKR3.15 Crore
888,Flat,Sindh,Karachi,"Bahria Town Karachi, Karachi, Sindh",2,2,156 Sq. Yd.,For Sale,6/29/2023,PKR59 Lakh
889,Flat,Sindh,Karachi,"Bahria Town Karachi, Karachi, Sindh",2,2,106 Sq. Yd.,For Sale,6/29/2023,PKR67 Lakh
890,House,Sindh,Karachi,"Bahria Town Karachi, Karachi, Sindh",3,3,152 Sq. Yd.,For Sale,6/29/2023,PKR1.8 Crore
891,House,Sindh,Karachi,"Bahria Town Karachi, Karachi, Sindh",3,3,125 Sq. Yd.,For Sale,6/29/2023,PKR1.15 Crore
892,House,Sindh,Karachi,"Bahria Town Karachi, Karachi, Sindh",3,3,235 Sq. Yd.,For Sale,6/29/2023,PKR1.4 Crore
893,House,Sindh,Karachi,"Bahria Town Karachi, Karachi, Sindh",5,4,350 Sq. Yd.,For Sale,6/29/2023,PKR1.97 Crore
894,House,Sindh,Karachi,"Scheme 33, Karachi, Sindh",6,4,120 Sq. Yd.,For Sale,6/29/2023,PKR2.5 Crore
895,Flat,Sindh,Karachi,"Bahria Town Karachi, Karachi, Sindh",2,2,161 Sq. Yd.,For Sale,7/11/2023,PKR59 Lakh
896,Flat,Sindh,Karachi,"Falaknaz Dynasty, Karachi, Sindh",2,2,120 Sq. Yd.,For Sale,7/11/2023,PKR92 Lakh
897,House,Sindh,Karachi,"DHA Defence, Karachi, Sindh",6,5,500 Sq. Yd.,For Sale,7/11/2023,PKR10.9 Crore
898,Flat,Sindh,Karachi,"DHA Defence, Karachi, Sindh",3,3,356 Sq. Yd.,For Sale,7/11/2023,PKR6.6 Crore
899,House,Sindh,Karachi,"Bahria Town Karachi, Karachi, Sindh",3,3,235 Sq. Yd.,For Sale,7/11/2023,PKR1.5 Crore
900,House,Sindh,Karachi,"DHA Defence, Karachi, Sindh",8,7,600 Sq. Yd.,For Sale,7/4/2023,PKR20 Crore
901,Flat,Sindh,Karachi,"Naya Nazimabad, Karachi, Sindh",3,2,159 Sq. Yd.,For Sale,7/4/2023,PKR1.85 Crore
902,Flat,Sindh,Karachi,"Naya Nazimabad, Karachi, Sindh",2,2,139 Sq. Yd.,For Sale,7/4/2023,PKR1.62 Crore
903,House,Sindh,Karachi,"DHA Defence, Karachi, Sindh",5,4,"1,000 Sq. Yd.",For Sale,7/4/2023,PKR22 Crore
904,House,Sindh,Karachi,"DHA Defence, Karachi, Sindh",7,6,500 Sq. Yd.,For Sale,7/4/2023,PKR12.75 Crore
905,Flat,Sindh,Karachi,"Bahria Town Karachi, Karachi, Sindh",2,2,106 Sq. Yd.,For Sale,6/28/2023,PKR75 Lakh
906,House,Sindh,Karachi,"Bahria Town Karachi, Karachi, Sindh",3,3,200 Sq. Yd.,For Sale,6/28/2023,PKR2.16 Crore
907,Flat,Sindh,Karachi,"Korangi, Karachi, Sindh",1,2,50 Sq. Yd.,For Sale,6/29/2023,PKR21 Lakh
908,House,Sindh,Karachi,"Clifton, Karachi, Sindh",3,3,300 Sq. Yd.,For Sale,6/29/2023,PKR6.26 Crore
909,House,Sindh,Karachi,"Clifton, Karachi, Sindh",5,5,500 Sq. Yd.,For Sale,6/29/2023,PKR12 Crore
910,House,Sindh,Karachi,"Clifton, Karachi, Sindh",5,5,400 Sq. Yd.,For Sale,6/29/2023,PKR7 Crore
911,House,Sindh,Karachi,"DHA Defence, Karachi, Sindh",6,6,666 Sq. Yd.,For Sale,6/29/2023,PKR29 Crore
912,House,Sindh,Karachi,"Scheme 33, Karachi, Sindh",5,4,120 Sq. Yd.,For Sale,6/29/2023,PKR1.9 Crore
913,House,Sindh,Karachi,"Scheme 33, Karachi, Sindh",6,4,120 Sq. Yd.,For Sale,6/29/2023,PKR2.15 Crore
914,House,Sindh,Karachi,"Scheme 33, Karachi, Sindh",6,4,120 Sq. Yd.,For Sale,6/29/2023,PKR2.15 Crore
915,House,Sindh,Karachi,"Bahria Town Karachi, Karachi, Sindh",3,3,235 Sq. Yd.,For Sale,6/29/2023,PKR1.5 Crore
916,House,Sindh,Karachi,"Gadap Town, Karachi, Sindh",6,6,400 Sq. Yd.,For Sale,6/29/2023,PKR5.8 Crore
917,House,Sindh,Karachi,"DHA Defence, Karachi, Sindh",4,4,120 Sq. Yd.,For Sale,6/29/2023,PKR6.15 Crore
918,House,Sindh,Karachi,"Malir, Karachi, Sindh",5,5,500 Sq. Yd.,For Sale,6/29/2023,PKR8.35 Crore
919,House,Sindh,Karachi,"Malir, Karachi, Sindh",4,4,350 Sq. Yd.,For Sale,6/29/2023,PKR7.7 Crore
920,Flat,Sindh,Karachi,"DHA Defence, Karachi, Sindh",3,3,167 Sq. Yd.,For Sale,7/11/2023,PKR2.65 Crore
921,Flat,Sindh,Karachi,"DHA Defence, Karachi, Sindh",3,3,200 Sq. Yd.,For Sale,7/11/2023,PKR1.78 Crore
922,Flat,Sindh,Karachi,"Shaheed Millat Road, Karachi, Sindh",3,2,133 Sq. Yd.,For Sale,7/11/2023,PKR3.5 Crore
923,House,Sindh,Karachi,"Bahria Town Karachi, Karachi, Sindh",5,5,250 Sq. Yd.,For Sale,7/11/2023,PKR2.55 Crore
924,House,Sindh,Karachi,"DHA Defence, Karachi, Sindh",5,5,"1,000 Sq. Yd.",For Sale,7/11/2023,PKR26 Crore
925,House,Sindh,Karachi,"DHA Defence, Karachi, Sindh",7,6,500 Sq. Yd.,For Sale,7/4/2023,PKR11.75 Crore
926,House,Sindh,Karachi,"DHA Defence, Karachi, Sindh",6,5,500 Sq. Yd.,For Sale,7/4/2023,PKR20 Crore
927,House,Sindh,Karachi,"DHA Defence, Karachi, Sindh",6,6,500 Sq. Yd.,For Sale,7/4/2023,PKR22 Crore
928,Flat,Sindh,Karachi,"Gulshan-e-Iqbal Town, Karachi, Sindh",3,3,144 Sq. Yd.,For Sale,7/4/2023,PKR2.3 Crore
929,House,Sindh,Karachi,"Bahria Town Karachi, Karachi, Sindh",3,3,125 Sq. Yd.,For Sale,7/4/2023,PKR1.35 Crore
930,Flat,Sindh,Karachi,"DHA Defence, Karachi, Sindh",4,3,356 Sq. Yd.,For Sale,6/27/2023,PKR6.25 Crore
931,Flat,Sindh,Karachi,"Cantt, Karachi, Sindh",3,3,249 Sq. Yd.,For Sale,6/30/2023,PKR3.2 Crore
932,House,Sindh,Karachi,"DHA Defence, Karachi, Sindh",6,7,"2,000 Sq. Yd.",For Sale,6/29/2023,PKR65 Crore
933,Flat,Sindh,Karachi,"Gulistan-e-Jauhar, Karachi, Sindh",2,2,78 Sq. Yd.,For Sale,6/29/2023,PKR72 Lakh
934,Flat,Sindh,Karachi,"Gulistan-e-Jauhar, Karachi, Sindh",2,2,78 Sq. Yd.,For Sale,6/29/2023,PKR72 Lakh
935,Flat,Sindh,Karachi,"Federal B Area, Karachi, Sindh",4,3,178 Sq. Yd.,For Sale,6/29/2023,PKR1.7 Crore
936,Lower Portion,Sindh,Karachi,"North Nazimabad, Karachi, Sindh",3,3,220 Sq. Yd.,For Sale,6/29/2023,PKR2.4 Crore
937,House,Sindh,Karachi,"Malir, Karachi, Sindh",5,5,500 Sq. Yd.,For Sale,6/29/2023,PKR8.8 Crore
938,House,Sindh,Karachi,"Malir, Karachi, Sindh",5,5,500 Sq. Yd.,For Sale,6/29/2023,PKR8.55 Crore
939,House,Sindh,Karachi,"Malir, Karachi, Sindh",5,5,500 Sq. Yd.,For Sale,6/29/2023,PKR11.5 Crore
940,House,Sindh,Karachi,"Malir, Karachi, Sindh",4,4,350 Sq. Yd.,For Sale,6/29/2023,PKR7.55 Crore
941,House,Sindh,Karachi,"Malir, Karachi, Sindh",5,4,350 Sq. Yd.,For Sale,6/29/2023,PKR9 Crore
942,Upper Portion,Sindh,Karachi,"Tipu Sultan Road, Karachi, Sindh",4,4,278 Sq. Yd.,For Sale,6/29/2023,PKR5.2 Crore
943,Flat,Sindh,Karachi,"Gulistan-e-Jauhar, Karachi, Sindh",2,3,106 Sq. Yd.,For Sale,6/27/2023,PKR85 Lakh
944,Flat,Sindh,Karachi,"North Karachi, Karachi, Sindh",2,2,94 Sq. Yd.,For Sale,6/29/2023,PKR48 Lakh
945,House,Sindh,Karachi,"DHA Defence, Karachi, Sindh",6,6,"1,000 Sq. Yd.",For Sale,7/11/2023,PKR38.5 Crore
946,House,Sindh,Karachi,"DHA Defence, Karachi, Sindh",5,5,500 Sq. Yd.,For Sale,7/11/2023,PKR9.5 Crore
947,House,Sindh,Karachi,"DHA Defence, Karachi, Sindh",6,5,500 Sq. Yd.,For Sale,7/11/2023,PKR9.75 Crore
948,House,Sindh,Karachi,"DHA Defence, Karachi, Sindh",6,5,"1,000 Sq. Yd.",For Sale,7/11/2023,PKR26 Crore
949,House,Sindh,Karachi,"DHA Defence, Karachi, Sindh",6,6,500 Sq. Yd.,For Sale,7/11/2023,PKR16.5 Crore
950,Flat,Sindh,Karachi,"Gulshan-e-Iqbal Town, Karachi, Sindh",4,4,167 Sq. Yd.,For Sale,7/4/2023,PKR2.95 Crore
951,House,Sindh,Karachi,"DHA Defence, Karachi, Sindh",6,6,600 Sq. Yd.,For Sale,7/4/2023,PKR18.5 Crore
952,Upper Portion,Sindh,Karachi,"Gulistan-e-Jauhar, Karachi, Sindh",-,4,300 Sq. Yd.,For Sale,7/4/2023,PKR3.1 Crore
953,House,Sindh,Karachi,"Bahria Town Karachi, Karachi, Sindh",5,4,350 Sq. Yd.,For Sale,7/4/2023,PKR2.21 Crore
954,House,Sindh,Karachi,"Cantt, Karachi, Sindh",5,5,500 Sq. Yd.,For Sale,6/30/2023,PKR9.5 Crore
955,Flat,Sindh,Karachi,"Cantt, Karachi, Sindh",3,3,300 Sq. Yd.,For Sale,6/30/2023,PKR3.8 Crore
956,House,Sindh,Karachi,"DHA Defence, Karachi, Sindh",6,5,500 Sq. Yd.,For Sale,6/29/2023,PKR10 Crore
957,House,Sindh,Karachi,"DHA Defence, Karachi, Sindh",6,6,"1,000 Sq. Yd.",For Sale,6/29/2023,PKR13 Crore
958,House,Sindh,Karachi,"DHA Defence, Karachi, Sindh",6,4,150 Sq. Yd.,For Sale,6/29/2023,PKR5.5 Crore
959,House,Sindh,Karachi,"Gulshan-e-Iqbal Town, Karachi, Sindh",4,4,120 Sq. Yd.,For Sale,6/29/2023,PKR2.5 Crore
960,Flat,Sindh,Karachi,"Scheme 33, Karachi, Sindh",2,3,72 Sq. Yd.,For Sale,6/29/2023,PKR57 Lakh
961,Flat,Sindh,Karachi,"Scheme 33, Karachi, Sindh",2,2,72 Sq. Yd.,For Sale,6/29/2023,PKR57 Lakh
962,Flat,Sindh,Karachi,"Scheme 33, Karachi, Sindh",2,3,72 Sq. Yd.,For Sale,6/29/2023,PKR57 Lakh
963,Flat,Sindh,Karachi,"Gulshan-e-Iqbal Town, Karachi, Sindh",2,3,72 Sq. Yd.,For Sale,6/29/2023,PKR57 Lakh
964,Flat,Sindh,Karachi,"Scheme 33, Karachi, Sindh",2,2,72 Sq. Yd.,For Sale,6/29/2023,PKR57 Lakh
965,House,Sindh,Karachi,"DHA Defence, Karachi, Sindh",6,6,500 Sq. Yd.,For Sale,7/11/2023,PKR17.5 Crore
966,House,Sindh,Karachi,"DHA Defence, Karachi, Sindh",6,6,500 Sq. Yd.,For Sale,7/11/2023,PKR19 Crore
967,Flat,Sindh,Karachi,"DHA Defence, Karachi, Sindh",4,3,182 Sq. Yd.,For Sale,6/27/2023,PKR7.2 Crore
968,House,Sindh,Karachi,"Bahria Town Karachi, Karachi, Sindh",6,5,272 Sq. Yd.,For Sale,7/11/2023,PKR3.75 Crore
969,Flat,Sindh,Karachi,"DHA Defence, Karachi, Sindh",4,3,272 Sq. Yd.,For Sale,7/11/2023,PKR7.25 Crore
970,House,Sindh,Karachi,"Bahria Town Karachi, Karachi, Sindh",3,3,152 Sq. Yd.,For Sale,7/4/2023,PKR1.45 Crore
971,House,Sindh,Karachi,"Bahria Town Karachi, Karachi, Sindh",4,4,350 Sq. Yd.,For Sale,7/4/2023,PKR2.04 Crore
972,House,Sindh,Karachi,"Malir, Karachi, Sindh",3,3,120 Sq. Yd.,For Sale,7/4/2023,PKR2.21 Crore
973,Flat,Sindh,Karachi,"DHA Defence, Karachi, Sindh",3,3,139 Sq. Yd.,For Sale,7/4/2023,PKR1.78 Crore
974,House,Sindh,Karachi,"DHA Defence, Karachi, Sindh",6,6,500 Sq. Yd.,For Sale,7/4/2023,PKR16 Crore
975,House,Sindh,Karachi,"Bahria Town Karachi, Karachi, Sindh",5,4,125 Sq. Yd.,For Sale,6/30/2023,PKR1.7 Crore
976,House,Sindh,Karachi,"Bahria Town Karachi, Karachi, Sindh",6,5,272 Sq. Yd.,For Sale,6/30/2023,PKR3.25 Crore
977,House,Sindh,Karachi,"Gulshan-e-Iqbal Town, Karachi, Sindh",4,4,120 Sq. Yd.,For Sale,6/29/2023,PKR2.5 Crore
978,Upper Portion,Sindh,Karachi,"Gulberg Town, Karachi, Sindh",3,3,120 Sq. Yd.,For Sale,6/29/2023,PKR90 Lakh
979,House,Sindh,Karachi,"Gulshan-e-Iqbal Town, Karachi, Sindh",6,6,500 Sq. Yd.,For Sale,6/29/2023,PKR10.5 Crore
980,House,Sindh,Karachi,"DHA Defence, Karachi, Sindh",6,6,"1,000 Sq. Yd.",For Sale,6/29/2023,PKR18 Crore
981,House,Sindh,Karachi,"DHA Defence, Karachi, Sindh",10,8,600 Sq. Yd.,For Sale,6/29/2023,PKR13 Crore
982,Flat,Sindh,Karachi,"Nazimabad, Karachi, Sindh",2,2,117 Sq. Yd.,For Sale,6/28/2023,PKR98 Lakh
983,House,Sindh,Karachi,"Scheme 33, Karachi, Sindh",6,6,400 Sq. Yd.,For Sale,6/29/2023,PKR6.4 Crore
984,Upper Portion,Sindh,Karachi,"North Karachi, Karachi, Sindh",3,2,120 Sq. Yd.,For Sale,6/27/2023,PKR85 Lakh
985,House,Sindh,Karachi,"North Karachi, Karachi, Sindh",6,4,120 Sq. Yd.,For Sale,6/27/2023,PKR1.95 Crore
986,Lower Portion,Sindh,Karachi,"North Karachi, Karachi, Sindh",2,2,120 Sq. Yd.,For Sale,6/29/2023,PKR76 Lakh
987,House,Sindh,Karachi,"North Karachi, Karachi, Sindh",6,6,288 Sq. Yd.,For Sale,6/29/2023,PKR4.9 Crore
988,House,Sindh,Karachi,"North Karachi, Karachi, Sindh",6,8,240 Sq. Yd.,For Sale,6/27/2023,PKR7.7 Crore
989,Flat,Sindh,Karachi,"North Karachi, Karachi, Sindh",2,2,72 Sq. Yd.,For Sale,6/27/2023,PKR46 Lakh
990,House,Sindh,Karachi,"Bahria Town Karachi, Karachi, Sindh",5,5,272 Sq. Yd.,For Sale,7/11/2023,PKR3 Crore
991,Flat,Sindh,Karachi,"Bahria Town Karachi, Karachi, Sindh",2,2,35 Sq. Yd.,For Sale,7/11/2023,PKR27.84 Lakh
992,House,Sindh,Karachi,"Cantt, Karachi, Sindh",5,5,500 Sq. Yd.,For Sale,7/11/2023,PKR7.7 Crore
993,House,Sindh,Karachi,"Cantt, Karachi, Sindh",5,5,375 Sq. Yd.,For Sale,7/11/2023,PKR7 Crore
994,Flat,Sindh,Karachi,"Bahria Town Karachi, Karachi, Sindh",2,2,35 Sq. Yd.,For Sale,7/11/2023,PKR27.84 Lakh
995,House,Sindh,Karachi,"Bahria Town Karachi, Karachi, Sindh",3,3,235 Sq. Yd.,For Sale,7/4/2023,PKR1.42 Crore
996,House,Sindh,Karachi,"Bahria Town Karachi, Karachi, Sindh",4,4,350 Sq. Yd.,For Sale,7/4/2023,PKR1.9 Crore
997,Flat,Sindh,Karachi,"Bahria Town Karachi, Karachi, Sindh",2,2,106 Sq. Yd.,For Sale,7/4/2023,PKR67 Lakh
998,House,Sindh,Karachi,"Bahria Town Karachi, Karachi, Sindh",3,3,350 Sq. Yd.,For Sale,7/4/2023,PKR1.88 Crore
999,House,Sindh,Karachi,"KN Gohar Green City, Karachi, Sindh",5,7,380 Sq. Yd.,For Sale,7/4/2023,PKR4.4 Crore
1000,House,Sindh,Karachi,"DHA Defence, Karachi, Sindh",4,3,450 Sq. Yd.,For Sale,6/30/2023,PKR8.99 Crore
1001,Flat,Sindh,Karachi,"DHA Defence, Karachi, Sindh",4,5,300 Sq. Yd.,For Sale,6/30/2023,PKR6.3 Crore
1002,House,Sindh,Karachi,"DHA Defence, Karachi, Sindh",6,9,"1,000 Sq. Yd.",For Sale,6/29/2023,PKR30 Crore
1003,Flat,Sindh,Karachi,"DHA Defence, Karachi, Sindh",3,2,100 Sq. Yd.,For Sale,6/29/2023,PKR1.3 Crore
1004,Flat,Sindh,Karachi,"DHA Defence, Karachi, Sindh",4,3,127 Sq. Yd.,For Sale,6/29/2023,PKR1.5 Crore
1005,House,Sindh,Karachi,"DHA Defence, Karachi, Sindh",6,5,500 Sq. Yd.,For Sale,6/29/2023,PKR8.75 Crore
1006,House,Sindh,Karachi,"DHA Defence, Karachi, Sindh",6,5,500 Sq. Yd.,For Sale,6/29/2023,PKR13.75 Crore
1007,House,Sindh,Karachi,"North Karachi, Karachi, Sindh",6,6,120 Sq. Yd.,For Sale,6/27/2023,PKR2.25 Crore
1008,Flat,Sindh,Karachi,"DHA Defence, Karachi, Sindh",2,2,106 Sq. Yd.,For Sale,6/29/2023,PKR1.4 Crore
1009,Flat,Sindh,Karachi,"DHA Defence, Karachi, Sindh",2,2,100 Sq. Yd.,For Sale,6/29/2023,PKR1.6 Crore
1010,House,Sindh,Karachi,"DHA Defence, Karachi, Sindh",5,4,100 Sq. Yd.,For Sale,6/29/2023,PKR3.95 Crore
1011,Flat,Sindh,Karachi,"DHA Defence, Karachi, Sindh",3,3,128 Sq. Yd.,For Sale,6/29/2023,PKR2 Crore
1012,Flat,Sindh,Karachi,"DHA Defence, Karachi, Sindh",2,2,106 Sq. Yd.,For Sale,6/29/2023,PKR1.15 Crore
1013,Flat,Sindh,Karachi,"DHA Defence, Karachi, Sindh",5,3,306 Sq. Yd.,For Sale,6/29/2023,PKR3.5 Crore
1014,House,Sindh,Karachi,"DHA Defence, Karachi, Sindh",4,3,100 Sq. Yd.,For Sale,6/29/2023,PKR3.9 Crore
1015,House,Sindh,Karachi,"Bahria Town Karachi, Karachi, Sindh",3,3,235 Sq. Yd.,For Sale,7/11/2023,PKR1.4 Crore
1016,House,Sindh,Karachi,"DHA Defence, Karachi, Sindh",3,3,100 Sq. Yd.,For Sale,7/11/2023,PKR4 Crore
1017,House,Sindh,Karachi,"Malir, Karachi, Sindh",5,5,500 Sq. Yd.,For Sale,7/11/2023,PKR8.5 Crore
1018,Flat,Sindh,Karachi,"Cantt, Karachi, Sindh",3,3,300 Sq. Yd.,For Sale,7/11/2023,PKR4.05 Crore
1019,House,Sindh,Karachi,"Cantt, Karachi, Sindh",5,5,375 Sq. Yd.,For Sale,7/11/2023,PKR7.45 Crore
1020,House,Sindh,Karachi,"DHA Defence, Karachi, Sindh",6,6,500 Sq. Yd.,For Sale,7/4/2023,PKR8.4 Crore
1021,House,Sindh,Karachi,"North Karachi, Karachi, Sindh",6,6,288 Sq. Yd.,For Sale,7/4/2023,PKR3.6 Crore
1022,House,Sindh,Karachi,"North Karachi, Karachi, Sindh",2,4,80 Sq. Yd.,For Sale,7/4/2023,PKR1.35 Crore
1023,House,Sindh,Karachi,"Bahria Town Karachi, Karachi, Sindh",3,3,125 Sq. Yd.,For Sale,7/4/2023,PKR1.4 Crore
1024,House,Sindh,Karachi,"Bahria Town Karachi, Karachi, Sindh",5,5,350 Sq. Yd.,For Sale,7/4/2023,PKR1.95 Crore
1025,House,Sindh,Karachi,"Bahria Town Karachi, Karachi, Sindh",5,4,350 Sq. Yd.,For Sale,6/30/2023,PKR2.1 Crore
1026,Flat,Sindh,Karachi,"Malir, Karachi, Sindh",3,3,244 Sq. Yd.,For Sale,6/30/2023,PKR3.4 Crore
1027,Flat,Sindh,Karachi,"DHA Defence, Karachi, Sindh",4,3,100 Sq. Yd.,For Sale,6/29/2023,PKR90 Lakh
1028,House,Sindh,Karachi,"DHA Defence, Karachi, Sindh",-,6,500 Sq. Yd.,For Sale,6/29/2023,PKR12.5 Crore
1029,Flat,Sindh,Karachi,"DHA Defence, Karachi, Sindh",2,3,107 Sq. Yd.,For Sale,6/29/2023,PKR80 Lakh
1030,House,Sindh,Karachi,"Jamshed Town, Karachi, Sindh",5,4,244 Sq. Yd.,For Sale,6/29/2023,PKR3.85 Crore
1031,House,Sindh,Karachi,"Bahria Town Karachi, Karachi, Sindh",3,3,125 Sq. Yd.,For Sale,6/29/2023,PKR1.5 Crore
1032,Flat,Sindh,Karachi,"DHA Defence, Karachi, Sindh",4,4,200 Sq. Yd.,For Sale,6/29/2023,PKR1.85 Crore
1033,Flat,Sindh,Karachi,"DHA Defence, Karachi, Sindh",2,2,122 Sq. Yd.,For Sale,6/29/2023,PKR1.25 Crore
1034,Flat,Sindh,Karachi,"DHA Defence, Karachi, Sindh",2,2,106 Sq. Yd.,For Sale,6/29/2023,PKR1.35 Crore
1035,Flat,Sindh,Karachi,"Gulistan-e-Jauhar, Karachi, Sindh",4,3,267 Sq. Yd.,For Sale,6/29/2023,PKR4.15 Crore
1036,Lower Portion,Sindh,Karachi,"Gulistan-e-Jauhar, Karachi, Sindh",3,3,200 Sq. Yd.,For Sale,6/29/2023,PKR1.7 Crore
1037,Flat,Sindh,Karachi,"Gulistan-e-Jauhar, Karachi, Sindh",2,2,100 Sq. Yd.,For Sale,6/29/2023,PKR86 Lakh
1038,House,Sindh,Karachi,"DHA Defence, Karachi, Sindh",6,7,"1,000 Sq. Yd.",For Sale,6/29/2023,PKR22 Crore
1039,House,Sindh,Karachi,"Gulistan-e-Jauhar, Karachi, Sindh",6,6,240 Sq. Yd.,For Sale,6/29/2023,PKR5.25 Crore
1040,House,Sindh,Karachi,"Cantt, Karachi, Sindh",5,5,375 Sq. Yd.,For Sale,7/11/2023,PKR7.25 Crore
1041,House,Sindh,Karachi,"Cantt, Karachi, Sindh",6,5,500 Sq. Yd.,For Sale,7/11/2023,PKR7.75 Crore
1042,House,Sindh,Karachi,"Cantt, Karachi, Sindh",6,5,427 Sq. Yd.,For Sale,7/11/2023,PKR8.5 Crore
1043,Flat,Sindh,Karachi,"Cantt, Karachi, Sindh",4,3,289 Sq. Yd.,For Sale,7/11/2023,PKR3.6 Crore
1044,Flat,Sindh,Karachi,"Cantt, Karachi, Sindh",3,3,286 Sq. Yd.,For Sale,7/11/2023,PKR4 Crore
1045,House,Sindh,Karachi,"Scheme 33, Karachi, Sindh",6,4,120 Sq. Yd.,For Sale,7/4/2023,PKR2.2 Crore
1046,Flat,Sindh,Karachi,"DHA Defence, Karachi, Sindh",3,2,106 Sq. Yd.,For Sale,7/4/2023,PKR79 Lakh
1047,House,Sindh,Karachi,"DHA Defence, Karachi, Sindh",6,6,"2,000 Sq. Yd.",For Sale,7/4/2023,PKR47.3 Crore
1048,Flat,Sindh,Karachi,"Malir Link To Super Highway, Karachi, Sindh",4,4,244 Sq. Yd.,For Sale,7/4/2023,PKR2.6 Crore
1049,Flat,Sindh,Karachi,"Malir Link To Super Highway, Karachi, Sindh",3,3,194 Sq. Yd.,For Sale,7/4/2023,PKR2.1 Crore
1050,Flat,Sindh,Karachi,"Cantt, Karachi, Sindh",3,3,300 Sq. Yd.,For Sale,6/30/2023,PKR3.8 Crore
1051,House,Sindh,Karachi,"Cantt, Karachi, Sindh",4,4,350 Sq. Yd.,For Sale,6/30/2023,PKR7.35 Crore
1052,House,Sindh,Karachi,"Bahria Town Karachi, Karachi, Sindh",4,4,350 Sq. Yd.,For Sale,6/29/2023,PKR2.2 Crore
1053,House,Sindh,Karachi,"Bahria Town Karachi, Karachi, Sindh",3,3,235 Sq. Yd.,For Sale,6/29/2023,PKR1.55 Crore
1054,Flat,Sindh,Karachi,"Bahria Town Karachi, Karachi, Sindh",2,2,106 Sq. Yd.,For Sale,6/29/2023,PKR70 Lakh
1055,House,Sindh,Karachi,"DHA Defence, Karachi, Sindh",3,3,122 Sq. Yd.,For Sale,6/29/2023,PKR1.75 Crore
1056,House,Sindh,Karachi,"DHA Defence, Karachi, Sindh",6,6,500 Sq. Yd.,For Sale,6/29/2023,PKR7.25 Crore
1057,Flat,Sindh,Karachi,"Gulistan-e-Jauhar, Karachi, Sindh",3,3,150 Sq. Yd.,For Sale,6/29/2023,PKR96 Lakh
1058,House,Sindh,Karachi,"Gulistan-e-Jauhar, Karachi, Sindh",6,6,60 Sq. Yd.,For Sale,6/29/2023,PKR2.2 Crore
1059,House,Sindh,Karachi,"Gulistan-e-Jauhar, Karachi, Sindh",6,6,240 Sq. Yd.,For Sale,6/29/2023,PKR5.4 Crore
1060,House,Sindh,Karachi,"Scheme 33, Karachi, Sindh",4,4,400 Sq. Yd.,For Sale,6/29/2023,PKR4.5 Crore
1061,House,Sindh,Karachi,"DHA Defence, Karachi, Sindh",6,9,"1,000 Sq. Yd.",For Sale,6/29/2023,PKR23 Crore
1062,House,Sindh,Karachi,"DHA Defence, Karachi, Sindh",6,6,500 Sq. Yd.,For Sale,6/29/2023,PKR14.25 Crore
1063,Flat,Sindh,Karachi,"DHA Defence, Karachi, Sindh",3,2,182 Sq. Yd.,For Sale,6/29/2023,PKR5.8 Crore
1064,Flat,Sindh,Karachi,"DHA Defence, Karachi, Sindh",5,4,292 Sq. Yd.,For Sale,6/29/2023,PKR8.25 Crore
1065,House,Sindh,Karachi,"Bahria Town Karachi, Karachi, Sindh",3,3,200 Sq. Yd.,For Sale,7/11/2023,PKR1.8 Crore
1066,House,Sindh,Karachi,"Cantt, Karachi, Sindh",5,5,375 Sq. Yd.,For Sale,7/11/2023,PKR7.5 Crore
1067,Flat,Sindh,Karachi,"Cantt, Karachi, Sindh",4,3,304 Sq. Yd.,For Sale,7/11/2023,PKR4.3 Crore
1068,House,Sindh,Karachi,"Cantt, Karachi, Sindh",7,5,375 Sq. Yd.,For Sale,7/11/2023,PKR6.95 Crore
1069,Flat,Sindh,Karachi,"DHA Defence, Karachi, Sindh",3,3,272 Sq. Yd.,For Sale,7/11/2023,PKR6.75 Crore
1070,Flat,Sindh,Karachi,"Malir Link To Super Highway, Karachi, Sindh",2,2,139 Sq. Yd.,For Sale,7/4/2023,PKR1.4 Crore
1071,Flat,Sindh,Karachi,"Gulistan-e-Jauhar, Karachi, Sindh",4,4,267 Sq. Yd.,For Sale,7/4/2023,PKR1.9 Crore
1072,Flat,Sindh,Karachi,"Gulistan-e-Jauhar, Karachi, Sindh",4,4,267 Sq. Yd.,For Sale,7/4/2023,PKR2.1 Crore
1073,Flat,Sindh,Karachi,"Gulistan-e-Jauhar, Karachi, Sindh",3,3,194 Sq. Yd.,For Sale,7/4/2023,PKR1.42 Crore
1074,Flat,Sindh,Karachi,"Gulistan-e-Jauhar, Karachi, Sindh",3,3,189 Sq. Yd.,For Sale,7/4/2023,PKR1.45 Crore
1075,Flat,Sindh,Karachi,"Cantt, Karachi, Sindh",3,3,300 Sq. Yd.,For Sale,6/30/2023,PKR4 Crore
1076,House,Sindh,Karachi,"Cantt, Karachi, Sindh",4,3,311 Sq. Yd.,For Sale,6/30/2023,PKR5.8 Crore
1077,Upper Portion,Sindh,Karachi,"Nazimabad, Karachi, Sindh",3,2,120 Sq. Yd.,For Sale,6/29/2023,PKR77 Lakh
1078,Flat,Sindh,Karachi,"North Nazimabad, Karachi, Sindh",2,2,78 Sq. Yd.,For Sale,6/29/2023,PKR70 Lakh
1079,Flat,Sindh,Karachi,"North Nazimabad, Karachi, Sindh",1,2,72 Sq. Yd.,For Sale,6/29/2023,PKR40 Lakh
1080,Flat,Sindh,Karachi,"Bahria Town Karachi, Karachi, Sindh",3,3,250 Sq. Yd.,For Sale,6/27/2023,PKR2.07 Crore
1081,Flat,Sindh,Karachi,"Scheme 33, Karachi, Sindh",3,3,165 Sq. Yd.,For Sale,6/29/2023,PKR1.1 Crore
1082,Flat,Sindh,Karachi,"DHA Defence, Karachi, Sindh",4,3,243 Sq. Yd.,For Sale,6/29/2023,PKR6.9 Crore
1083,Flat,Sindh,Karachi,"DHA Defence, Karachi, Sindh",4,3,243 Sq. Yd.,For Sale,6/29/2023,PKR6.5 Crore
1084,House,Sindh,Karachi,"DHA Defence, Karachi, Sindh",6,6,500 Sq. Yd.,For Sale,6/27/2023,PKR11.5 Crore
1085,House,Sindh,Karachi,"Bahria Town Karachi, Karachi, Sindh",3,3,350 Sq. Yd.,For Sale,6/29/2023,PKR1.85 Crore
1086,House,Sindh,Karachi,"Bahria Town Karachi, Karachi, Sindh",3,3,235 Sq. Yd.,For Sale,6/29/2023,PKR1.4 Crore
1087,House,Sindh,Karachi,"Bahria Town Karachi, Karachi, Sindh",3,3,200 Sq. Yd.,For Sale,6/29/2023,PKR2.3 Crore
1088,Flat,Sindh,Karachi,"DHA Defence, Karachi, Sindh",2,2,182 Sq. Yd.,For Sale,7/11/2023,PKR6 Crore
1089,Flat,Sindh,Karachi,"Cantt, Karachi, Sindh",3,3,286 Sq. Yd.,For Sale,7/11/2023,PKR3.7 Crore
1090,House,Sindh,Karachi,"Bahria Town Karachi, Karachi, Sindh",3,3,235 Sq. Yd.,For Sale,7/11/2023,PKR1.4 Crore
1091,Flat,Sindh,Karachi,"Navy Housing Scheme Karsaz, Karachi, Sindh",6,5,389 Sq. Yd.,For Sale,7/11/2023,PKR8.8 Crore
1092,House,Sindh,Karachi,"Bahria Town Karachi, Karachi, Sindh",3,3,200 Sq. Yd.,For Sale,7/11/2023,PKR1.78 Crore
1093,Flat,Sindh,Karachi,"Gulshan-e-Iqbal Town, Karachi, Sindh",3,3,156 Sq. Yd.,For Sale,7/4/2023,PKR1.8 Crore
1094,Flat,Sindh,Karachi,"Gulshan-e-Iqbal Town, Karachi, Sindh",4,4,200 Sq. Yd.,For Sale,7/4/2023,PKR3 Crore
1095,Flat,Sindh,Karachi,"Gulshan-e-Iqbal Town, Karachi, Sindh",4,4,200 Sq. Yd.,For Sale,7/4/2023,PKR3 Crore
1096,House,Sindh,Karachi,"DHA Defence, Karachi, Sindh",7,7,"2,000 Sq. Yd.",For Sale,7/4/2023,PKR50 Crore
1097,House,Sindh,Karachi,"Scheme 33, Karachi, Sindh",5,4,120 Sq. Yd.,For Sale,7/4/2023,PKR2.35 Crore
1098,House,Sindh,Karachi,"Cantt, Karachi, Sindh",5,5,550 Sq. Yd.,For Sale,6/30/2023,PKR8.8 Crore
1099,Flat,Sindh,Karachi,"Cantt, Karachi, Sindh",3,3,300 Sq. Yd.,For Sale,6/30/2023,PKR3.8 Crore
1100,Flat,Sindh,Karachi,"Scheme 33, Karachi, Sindh",2,2,122 Sq. Yd.,For Sale,6/29/2023,PKR65 Lakh
1101,Flat,Sindh,Karachi,"Nazimabad, Karachi, Sindh",3,3,150 Sq. Yd.,For Sale,6/29/2023,PKR1.45 Crore
1102,House,Sindh,Karachi,"Bahria Town Karachi, Karachi, Sindh",5,5,500 Sq. Yd.,For Sale,6/29/2023,PKR4.95 Crore
1103,House,Sindh,Karachi,"Bahria Town Karachi, Karachi, Sindh",3,3,200 Sq. Yd.,For Sale,6/29/2023,PKR1.72 Crore
1104,House,Sindh,Karachi,"Malir, Karachi, Sindh",3,4,160 Sq. Yd.,For Sale,6/30/2023,PKR2.75 Crore
1105,House,Sindh,Karachi,"Bahria Town Karachi, Karachi, Sindh",3,3,152 Sq. Yd.,For Sale,6/29/2023,PKR1.65 Crore
1106,Flat,Sindh,Karachi,"Gulistan-e-Jauhar, Karachi, Sindh",3,3,178 Sq. Yd.,For Sale,6/29/2023,PKR2.49 Crore
1107,Flat,Sindh,Karachi,"North Karachi, Karachi, Sindh",2,2,91 Sq. Yd.,For Sale,6/29/2023,PKR57.5 Lakh
1108,House,Sindh,Karachi,"North Karachi, Karachi, Sindh",5,6,80 Sq. Yd.,For Sale,6/29/2023,PKR1.35 Crore
1109,Flat,Sindh,Karachi,"Gulistan-e-Jauhar, Karachi, Sindh",3,3,156 Sq. Yd.,For Sale,6/29/2023,PKR1.1 Crore
1110,Flat,Sindh,Karachi,"Gulistan-e-Jauhar, Karachi, Sindh",4,4,267 Sq. Yd.,For Sale,6/29/2023,PKR2.6 Crore
1111,Flat,Sindh,Karachi,"Gadap Town, Karachi, Sindh",3,3,144 Sq. Yd.,For Sale,6/29/2023,PKR1.3 Crore
1112,Flat,Sindh,Karachi,"Malir, Karachi, Sindh",2,2,83 Sq. Yd.,For Sale,6/29/2023,PKR66 Lakh
1113,Flat,Sindh,Karachi,"DHA Defence, Karachi, Sindh",6,4,297 Sq. Yd.,For Sale,7/18/2023,PKR6.5 Crore
1114,Flat,Sindh,Karachi,"DHA Defence, Karachi, Sindh",4,2,182 Sq. Yd.,For Sale,7/18/2023,PKR5.3 Crore
1115,House,Sindh,Karachi,"Bahria Town Karachi, Karachi, Sindh",4,3,125 Sq. Yd.,For Sale,7/18/2023,PKR1.45 Crore
1116,Flat,Sindh,Karachi,"Bahria Town Karachi, Karachi, Sindh",3,3,144 Sq. Yd.,For Sale,7/18/2023,PKR1.4 Crore
1117,House,Sindh,Karachi,"Bahria Town Karachi, Karachi, Sindh",3,3,152 Sq. Yd.,For Sale,7/18/2023,PKR1.53 Crore
1118,Flat,Sindh,Karachi,"Sea View Apartments, Karachi, Sindh",4,3,256 Sq. Yd.,For Sale,7/4/2023,PKR4 Crore
1119,Flat,Sindh,Karachi,"KDA Scheme 1, Karachi, Sindh",4,3,222 Sq. Yd.,For Sale,7/4/2023,PKR4.75 Crore
1120,House,Sindh,Karachi,"Scheme 33, Karachi, Sindh",3,3,240 Sq. Yd.,For Sale,7/4/2023,PKR2.65 Crore
1121,House,Sindh,Karachi,"DHA Defence, Karachi, Sindh",6,5,500 Sq. Yd.,For Sale,7/4/2023,PKR15.5 Crore
1122,House,Sindh,Karachi,"DHA Defence, Karachi, Sindh",5,4,120 Sq. Yd.,For Sale,7/4/2023,PKR5.2 Crore
1123,House,Sindh,Karachi,"Cantt, Karachi, Sindh",-,-,311 Sq. Yd.,For Sale,6/30/2023,PKR5.8 Crore
1124,House,Sindh,Karachi,"Cantt, Karachi, Sindh",5,5,375 Sq. Yd.,For Sale,6/30/2023,PKR7.2 Crore
1125,Upper Portion,Sindh,Karachi,"Scheme 33, Karachi, Sindh",2,2,100 Sq. Yd.,For Sale,6/30/2023,PKR69.5 Lakh
1126,House,Sindh,Karachi,"Bahria Town Karachi, Karachi, Sindh",4,4,350 Sq. Yd.,For Sale,6/30/2023,PKR2.18 Crore
1127,House,Sindh,Karachi,"Bahria Town Karachi, Karachi, Sindh",3,3,125 Sq. Yd.,For Sale,6/30/2023,PKR1.4 Crore
1128,House,Sindh,Karachi,"Bahria Town Karachi, Karachi, Sindh",3,3,200 Sq. Yd.,For Sale,6/30/2023,PKR1.7 Crore
1129,Flat,Sindh,Karachi,"Bahria Town Karachi, Karachi, Sindh",2,2,106 Sq. Yd.,For Sale,6/30/2023,PKR70 Lakh
1130,Flat,Sindh,Karachi,"Malir, Karachi, Sindh",2,2,117 Sq. Yd.,For Sale,6/29/2023,PKR95 Lakh
1131,House,Sindh,Karachi,"Malir, Karachi, Sindh",5,5,500 Sq. Yd.,For Sale,6/29/2023,PKR8.9 Crore
1132,Flat,Sindh,Karachi,"Scheme 33, Karachi, Sindh",2,2,94 Sq. Yd.,For Sale,6/29/2023,PKR1.05 Crore
1133,Flat,Sindh,Karachi,"Cantt, Karachi, Sindh",4,3,194 Sq. Yd.,For Sale,6/29/2023,PKR1.6 Crore
1134,Flat,Sindh,Karachi,"Malir, Karachi, Sindh",3,3,167 Sq. Yd.,For Sale,6/29/2023,PKR1.4 Crore
1135,House,Sindh,Karachi,"Bahria Town Karachi, Karachi, Sindh",3,3,152 Sq. Yd.,For Sale,6/29/2023,PKR1.8 Crore
1136,House,Sindh,Karachi,"Bahria Town Karachi, Karachi, Sindh",3,3,200 Sq. Yd.,For Sale,6/29/2023,PKR1.85 Crore
1137,House,Sindh,Karachi,"Bahria Town Karachi, Karachi, Sindh",3,3,200 Sq. Yd.,For Sale,6/29/2023,PKR1.72 Crore
1138,House,Sindh,Karachi,"Cantt, Karachi, Sindh",6,8,500 Sq. Yd.,For Sale,7/18/2023,PKR14.25 Crore
1139,House,Sindh,Karachi,"DHA Defence, Karachi, Sindh",6,5,"1,000 Sq. Yd.",For Sale,7/18/2023,PKR26 Crore
1140,House,Sindh,Karachi,"DHA Defence, Karachi, Sindh",6,6,"2,000 Sq. Yd.",For Sale,7/18/2023,PKR38 Crore
1141,House,Sindh,Karachi,"Bahria Town Karachi, Karachi, Sindh",4,4,350 Sq. Yd.,For Sale,7/18/2023,PKR2.1 Crore
1142,Flat,Sindh,Karachi,"DHA Defence, Karachi, Sindh",5,3,272 Sq. Yd.,For Sale,7/18/2023,PKR7 Crore
1143,Upper Portion,Sindh,Karachi,"Gulshan-e-Iqbal Town, Karachi, Sindh",4,4,240 Sq. Yd.,For Sale,6/27/2023,PKR3.25 Crore
1144,House,Sindh,Karachi,"DHA Defence, Karachi, Sindh",5,5,500 Sq. Yd.,For Sale,7/4/2023,PKR15.5 Crore
1145,Flat,Sindh,Karachi,"Clifton, Karachi, Sindh",4,3,194 Sq. Yd.,For Sale,7/4/2023,PKR4 Crore
1146,House,Sindh,Karachi,"Bahria Town Karachi, Karachi, Sindh",3,3,200 Sq. Yd.,For Sale,7/4/2023,PKR1.75 Crore
1147,House,Sindh,Karachi,"Bahria Town Karachi, Karachi, Sindh",4,4,350 Sq. Yd.,For Sale,7/4/2023,PKR1.95 Crore
1148,House,Sindh,Karachi,"Bahria Town Karachi, Karachi, Sindh",3,3,152 Sq. Yd.,For Sale,6/30/2023,PKR1.6 Crore
1149,House,Sindh,Karachi,"Bahria Town Karachi, Karachi, Sindh",3,3,152 Sq. Yd.,For Sale,6/30/2023,PKR1.8 Crore
1150,House,Sindh,Karachi,"DHA Defence, Karachi, Sindh",6,6,500 Sq. Yd.,For Sale,6/30/2023,PKR9.8 Crore
1151,House,Sindh,Karachi,"DHA Defence, Karachi, Sindh",6,6,500 Sq. Yd.,For Sale,6/30/2023,PKR17.5 Crore
1152,House,Sindh,Karachi,"DHA Defence, Karachi, Sindh",6,5,500 Sq. Yd.,For Sale,6/30/2023,PKR8.45 Crore
1153,House,Sindh,Karachi,"DHA Defence, Karachi, Sindh",5,5,500 Sq. Yd.,For Sale,6/30/2023,PKR10.4 Crore
1154,Flat,Sindh,Karachi,"DHA Defence, Karachi, Sindh",4,4,200 Sq. Yd.,For Sale,6/27/2023,PKR2.4 Crore
1155,House,Sindh,Karachi,"Scheme 33, Karachi, Sindh",4,4,120 Sq. Yd.,For Sale,6/29/2023,PKR2.6 Crore
1156,House,Sindh,Karachi,"Scheme 33, Karachi, Sindh",6,6,240 Sq. Yd.,For Sale,6/29/2023,PKR4.7 Crore
1157,House,Sindh,Karachi,"Gadap Town, Karachi, Sindh",4,4,120 Sq. Yd.,For Sale,6/29/2023,PKR1.7 Crore
1158,House,Sindh,Karachi,"Scheme 33, Karachi, Sindh",4,4,120 Sq. Yd.,For Sale,6/29/2023,PKR1.85 Crore
1159,House,Sindh,Karachi,"Gadap Town, Karachi, Sindh",4,4,100 Sq. Yd.,For Sale,6/29/2023,PKR1.55 Crore
1160,House,Sindh,Karachi,"Scheme 33, Karachi, Sindh",3,3,120 Sq. Yd.,For Sale,6/29/2023,PKR1.85 Crore
1161,Flat,Sindh,Karachi,"Scheme 33, Karachi, Sindh",3,3,133 Sq. Yd.,For Sale,6/29/2023,PKR1.5 Crore
1162,Flat,Sindh,Karachi,"Abul Hassan Isphani Road, Karachi, Sindh",2,2,78 Sq. Yd.,For Sale,6/29/2023,PKR45 Lakh
1163,House,Sindh,Karachi,"Cantt, Karachi, Sindh",4,4,375 Sq. Yd.,For Sale,7/18/2023,PKR8.75 Crore
1164,House,Sindh,Karachi,"DHA Defence, Karachi, Sindh",4,4,100 Sq. Yd.,For Sale,7/18/2023,PKR4.5 Crore
1165,House,Sindh,Karachi,"Navy Housing Scheme Karsaz, Karachi, Sindh",6,5,350 Sq. Yd.,For Sale,7/18/2023,PKR12.5 Crore
1166,Flat,Sindh,Karachi,"Navy Housing Scheme Karsaz, Karachi, Sindh",5,5,389 Sq. Yd.,For Sale,7/18/2023,PKR8.75 Crore
1167,Flat,Sindh,Karachi,"Navy Housing Scheme Karsaz, Karachi, Sindh",5,5,389 Sq. Yd.,For Sale,7/18/2023,PKR8.5 Crore
1168,House,Sindh,Karachi,"Bahria Town Karachi, Karachi, Sindh",3,3,152 Sq. Yd.,For Sale,7/4/2023,PKR1.4 Crore
1169,House,Sindh,Karachi,"Bahria Town Karachi, Karachi, Sindh",3,3,235 Sq. Yd.,For Sale,7/4/2023,PKR1.75 Crore
1170,House,Sindh,Karachi,"Bahria Town Karachi, Karachi, Sindh",3,3,235 Sq. Yd.,For Sale,7/4/2023,PKR1.8 Crore
1171,House,Sindh,Karachi,"Bahria Town Karachi, Karachi, Sindh",3,3,235 Sq. Yd.,For Sale,7/4/2023,PKR1.7 Crore
1172,House,Sindh,Karachi,"Bahria Town Karachi, Karachi, Sindh",3,3,235 Sq. Yd.,For Sale,7/4/2023,PKR1.85 Crore
1173,House,Sindh,Karachi,"Bahria Town Karachi, Karachi, Sindh",6,6,272 Sq. Yd.,For Sale,6/30/2023,PKR3.4 Crore
1174,Flat,Sindh,Karachi,"Cantt, Karachi, Sindh",3,3,300 Sq. Yd.,For Sale,6/30/2023,PKR3.8 Crore
1175,House,Sindh,Karachi,"DHA Defence, Karachi, Sindh",6,6,500 Sq. Yd.,For Sale,6/30/2023,PKR9.75 Crore
1176,House,Sindh,Karachi,"DHA Defence, Karachi, Sindh",6,6,500 Sq. Yd.,For Sale,6/30/2023,PKR9.5 Crore
1177,Flat,Sindh,Karachi,"DHA Defence, Karachi, Sindh",4,4,211 Sq. Yd.,For Sale,6/30/2023,PKR3.2 Crore
1178,Flat,Sindh,Karachi,"DHA Defence, Karachi, Sindh",5,5,381 Sq. Yd.,For Sale,6/30/2023,PKR7 Crore
1179,Flat,Sindh,Karachi,"Civil Lines, Karachi, Sindh",5,4,500 Sq. Yd.,For Sale,6/30/2023,PKR6.75 Crore
1180,House,Sindh,Karachi,"Bahria Town Karachi, Karachi, Sindh",3,3,125 Sq. Yd.,For Sale,6/29/2023,PKR1.4 Crore
1181,Flat,Sindh,Karachi,"Bahria Town Karachi, Karachi, Sindh",2,2,106 Sq. Yd.,For Sale,6/29/2023,PKR82 Lakh
1182,House,Sindh,Karachi,"Bahria Town Karachi, Karachi, Sindh",4,4,350 Sq. Yd.,For Sale,6/29/2023,PKR1.95 Crore
1183,Flat,Sindh,Karachi,"Sea View Apartments, Karachi, Sindh",4,3,256 Sq. Yd.,For Sale,6/29/2023,PKR5.25 Crore
1184,Flat,Sindh,Karachi,"DHA Defence, Karachi, Sindh",2,1,183 Sq. Yd.,For Sale,6/29/2023,PKR3.3 Crore
1185,Flat,Sindh,Karachi,"DHA Defence, Karachi, Sindh",4,2,183 Sq. Yd.,For Sale,6/29/2023,PKR6 Crore
1186,Flat,Sindh,Karachi,"Sea View Apartments, Karachi, Sindh",4,3,256 Sq. Yd.,For Sale,6/29/2023,PKR6.5 Crore
1187,Flat,Sindh,Karachi,"Sea View Apartments, Karachi, Sindh",4,3,256 Sq. Yd.,For Sale,6/29/2023,PKR6.35 Crore
1188,House,Sindh,Karachi,"Navy Housing Scheme Karsaz, Karachi, Sindh",5,5,350 Sq. Yd.,For Sale,7/18/2023,PKR13 Crore
1189,Flat,Sindh,Karachi,"Bahria Town Karachi, Karachi, Sindh",1,1,64 Sq. Yd.,For Sale,7/18/2023,PKR62 Lakh
1190,Flat,Sindh,Karachi,"Cantt, Karachi, Sindh",5,3,300 Sq. Yd.,For Sale,7/18/2023,PKR3.9 Crore
1191,House,Sindh,Karachi,"DHA Defence, Karachi, Sindh",4,4,300 Sq. Yd.,For Sale,7/18/2023,PKR6.6 Crore
1192,House,Sindh,Karachi,"DHA Defence, Karachi, Sindh",4,4,300 Sq. Yd.,For Sale,7/18/2023,PKR7.5 Crore
1193,House,Sindh,Karachi,"Bahria Town Karachi, Karachi, Sindh",3,3,235 Sq. Yd.,For Sale,7/4/2023,PKR1.75 Crore
1194,House,Sindh,Karachi,"Bahria Town Karachi, Karachi, Sindh",3,3,235 Sq. Yd.,For Sale,7/4/2023,PKR1.8 Crore
1195,House,Sindh,Karachi,"Bahria Town Karachi, Karachi, Sindh",3,3,235 Sq. Yd.,For Sale,7/4/2023,PKR1.85 Crore
1196,House,Sindh,Karachi,"Bahria Town Karachi, Karachi, Sindh",3,3,235 Sq. Yd.,For Sale,7/4/2023,PKR1.75 Crore
1197,House,Sindh,Karachi,"Bahria Town Karachi, Karachi, Sindh",3,3,235 Sq. Yd.,For Sale,7/4/2023,PKR1.8 Crore
1198,Flat,Sindh,Karachi,"Cantt, Karachi, Sindh",3,3,300 Sq. Yd.,For Sale,6/30/2023,PKR4 Crore
1199,House,Sindh,Karachi,"Bahria Town Karachi, Karachi, Sindh",5,4,125 Sq. Yd.,For Sale,6/30/2023,PKR1.45 Crore
1200,House,Sindh,Karachi,"DHA Defence, Karachi, Sindh",4,3,500 Sq. Yd.,For Sale,6/30/2023,PKR13 Crore
1201,Flat,Sindh,Karachi,"DHA Defence, Karachi, Sindh",1,1,163 Sq. Yd.,For Sale,6/30/2023,PKR4 Crore
1202,Flat,Sindh,Karachi,"Gulistan-e-Jauhar, Karachi, Sindh",1,1,39 Sq. Yd.,For Sale,6/30/2023,PKR32 Lakh
1203,Flat,Sindh,Karachi,"Clifton, Karachi, Sindh",5,4,389 Sq. Yd.,For Sale,6/30/2023,PKR8.75 Crore
1204,House,Sindh,Karachi,"North Nazimabad, Karachi, Sindh",-,-,270 Sq. Yd.,For Sale,6/30/2023,PKR5.5 Crore
1205,Flat,Sindh,Karachi,"DHA Defence, Karachi, Sindh",6,4,372 Sq. Yd.,For Sale,6/29/2023,PKR9 Crore
1206,Flat,Sindh,Karachi,"DHA Defence, Karachi, Sindh",5,3,250 Sq. Yd.,For Sale,6/29/2023,PKR6.75 Crore
1207,Flat,Sindh,Karachi,"DHA Defence, Karachi, Sindh",5,3,250 Sq. Yd.,For Sale,6/29/2023,PKR6.5 Crore
1208,Flat,Sindh,Karachi,"Sea View Apartments, Karachi, Sindh",4,3,256 Sq. Yd.,For Sale,6/29/2023,PKR3.9 Crore
1209,Flat,Sindh,Karachi,"Sea View Apartments, Karachi, Sindh",4,3,256 Sq. Yd.,For Sale,6/29/2023,PKR5.5 Crore
1210,Flat,Sindh,Karachi,"Sea View Apartments, Karachi, Sindh",4,3,256 Sq. Yd.,For Sale,6/29/2023,PKR6.6 Crore
1211,Flat,Sindh,Karachi,"Sea View Apartments, Karachi, Sindh",4,3,256 Sq. Yd.,For Sale,6/29/2023,PKR3.85 Crore
1212,Flat,Sindh,Karachi,"Clifton, Karachi, Sindh",3,3,200 Sq. Yd.,For Sale,6/29/2023,PKR4 Crore
1213,House,Sindh,Karachi,"Bahria Town Karachi, Karachi, Sindh",3,3,125 Sq. Yd.,For Sale,7/18/2023,PKR1.5 Crore
1214,Flat,Sindh,Karachi,"DHA Defence, Karachi, Sindh",3,2,200 Sq. Yd.,For Sale,7/18/2023,PKR4.1 Crore
1215,House,Sindh,Karachi,"DHA Defence, Karachi, Sindh",9,8,"1,000 Sq. Yd.",For Sale,7/18/2023,PKR27.5 Crore
1216,Flat,Sindh,Karachi,"Bahria Town Karachi, Karachi, Sindh",2,3,122 Sq. Yd.,For Sale,7/18/2023,PKR75 Lakh
1217,Flat,Sindh,Karachi,"Gulshan-e-Iqbal Town, Karachi, Sindh",4,4,267 Sq. Yd.,For Sale,7/18/2023,PKR5.25 Crore
1218,House,Sindh,Karachi,"Bahria Town Karachi, Karachi, Sindh",3,3,235 Sq. Yd.,For Sale,7/4/2023,PKR1.7 Crore
1219,House,Sindh,Karachi,"Bahria Town Karachi, Karachi, Sindh",3,3,235 Sq. Yd.,For Sale,7/4/2023,PKR1.85 Crore
1220,Flat,Sindh,Karachi,"Clifton, Karachi, Sindh",3,2,167 Sq. Yd.,For Sale,7/4/2023,PKR1.75 Crore
1221,House,Sindh,Karachi,"DHA Defence, Karachi, Sindh",6,6,"1,000 Sq. Yd.",For Sale,7/4/2023,PKR36 Crore
1222,House,Sindh,Karachi,"DHA Defence, Karachi, Sindh",-,8,"1,000 Sq. Yd.",For Sale,7/4/2023,PKR30 Crore
1223,House,Sindh,Karachi,"Bahria Town Karachi, Karachi, Sindh",-,9,"1,000 Sq. Yd.",For Sale,6/30/2023,PKR9.5 Crore
1224,Flat,Sindh,Karachi,"Bahria Town Karachi, Karachi, Sindh",2,2,106 Sq. Yd.,For Sale,6/30/2023,PKR70 Lakh
1225,Flat,Sindh,Karachi,"Bath Island, Karachi, Sindh",4,3,244 Sq. Yd.,For Sale,6/30/2023,PKR7.5 Crore
1226,House,Sindh,Karachi,"Cantt, Karachi, Sindh",5,5,375 Sq. Yd.,For Sale,6/30/2023,PKR7.5 Crore
1227,House,Sindh,Karachi,"Cantt, Karachi, Sindh",5,5,375 Sq. Yd.,For Sale,6/30/2023,PKR7.5 Crore
1228,Flat,Sindh,Karachi,"DHA Defence, Karachi, Sindh",3,3,139 Sq. Yd.,For Sale,6/30/2023,PKR1.75 Crore
1229,Flat,Sindh,Karachi,"Cantt, Karachi, Sindh",3,3,300 Sq. Yd.,For Sale,6/30/2023,PKR3.7 Crore
1230,Lower Portion,Sindh,Karachi,"Gulistan-e-Jauhar, Karachi, Sindh",4,4,300 Sq. Yd.,For Sale,6/27/2023,PKR2.95 Crore
1231,Flat,Sindh,Karachi,"Gulshan-e-Iqbal Town, Karachi, Sindh",2,2,117 Sq. Yd.,For Sale,6/29/2023,PKR1.25 Crore
1232,Flat,Sindh,Karachi,"DHA Defence, Karachi, Sindh",5,4,267 Sq. Yd.,For Sale,6/29/2023,PKR4 Crore
1233,Flat,Sindh,Karachi,"Bahria Town Karachi, Karachi, Sindh",2,2,106 Sq. Yd.,For Sale,6/29/2023,PKR75 Lakh
1234,Flat,Sindh,Karachi,"Civil Lines, Karachi, Sindh",3,3,189 Sq. Yd.,For Sale,6/29/2023,PKR3.5 Crore
1235,Flat,Sindh,Karachi,"DHA Defence, Karachi, Sindh",4,4,222 Sq. Yd.,For Sale,6/29/2023,PKR2.35 Crore
1236,Flat,Sindh,Karachi,"Bath Island, Karachi, Sindh",3,3,200 Sq. Yd.,For Sale,6/29/2023,PKR3.5 Crore
1237,Flat,Sindh,Karachi,"Clifton, Karachi, Sindh",4,3,200 Sq. Yd.,For Sale,6/29/2023,PKR3.7 Crore
1238,House,Sindh,Karachi,"DHA Defence, Karachi, Sindh",6,6,"1,000 Sq. Yd.",For Sale,7/18/2023,PKR19 Crore
1239,Flat,Sindh,Karachi,"Cantt, Karachi, Sindh",5,3,300 Sq. Yd.,For Sale,7/18/2023,PKR4 Crore
1240,Flat,Sindh,Karachi,"Bahria Town Karachi, Karachi, Sindh",2,2,103 Sq. Yd.,For Sale,7/18/2023,PKR1.02 Crore
1241,House,Sindh,Karachi,"DHA Defence, Karachi, Sindh",3,3,100 Sq. Yd.,For Sale,7/18/2023,PKR4.25 Crore
1242,House,Sindh,Karachi,"DHA Defence, Karachi, Sindh",5,5,400 Sq. Yd.,For Sale,7/4/2023,PKR8 Crore
1243,House,Sindh,Karachi,"Malir, Karachi, Sindh",4,4,100 Sq. Yd.,For Sale,7/4/2023,PKR2.2 Crore
1244,House,Sindh,Karachi,"Gadap Town, Karachi, Sindh",6,6,240 Sq. Yd.,For Sale,6/28/2023,PKR3.75 Crore
1245,Flat,Sindh,Karachi,"Civil Lines, Karachi, Sindh",3,3,200 Sq. Yd.,For Sale,7/4/2023,PKR3.5 Crore
1246,Flat,Sindh,Karachi,"Bath Island, Karachi, Sindh",3,3,222 Sq. Yd.,For Sale,7/4/2023,PKR3.5 Crore
1247,House,Sindh,Karachi,"Bahria Town Karachi, Karachi, Sindh",3,3,200 Sq. Yd.,For Sale,6/30/2023,PKR2.45 Crore
1248,House,Sindh,Karachi,"Bahria Town Karachi, Karachi, Sindh",3,3,152 Sq. Yd.,For Sale,6/30/2023,PKR1.8 Crore
1249,Flat,Sindh,Karachi,"Cantt, Karachi, Sindh",3,3,300 Sq. Yd.,For Sale,6/30/2023,PKR3.8 Crore
1250,Flat,Sindh,Karachi,"Cantt, Karachi, Sindh",3,3,300 Sq. Yd.,For Sale,6/30/2023,PKR3.8 Crore
1251,Flat,Sindh,Karachi,"Cantt, Karachi, Sindh",3,3,300 Sq. Yd.,For Sale,6/30/2023,PKR3.8 Crore
1252,Flat,Sindh,Karachi,"Cantt, Karachi, Sindh",3,3,300 Sq. Yd.,For Sale,6/30/2023,PKR3.8 Crore
1253,House,Sindh,Karachi,"North Karachi, Karachi, Sindh",4,4,80 Sq. Yd.,For Sale,6/30/2023,PKR1.35 Crore
1254,House,Sindh,Karachi,"Bahria Town Karachi, Karachi, Sindh",3,3,125 Sq. Yd.,For Sale,6/29/2023,PKR1.55 Crore
1255,House,Sindh,Karachi,"Bahria Town Karachi, Karachi, Sindh",3,3,235 Sq. Yd.,For Sale,6/29/2023,PKR1.7 Crore
1256,Flat,Sindh,Karachi,"DHA Defence, Karachi, Sindh",4,4,244 Sq. Yd.,For Sale,6/29/2023,PKR3 Crore
1257,Flat,Sindh,Karachi,"DHA Defence, Karachi, Sindh",4,4,244 Sq. Yd.,For Sale,6/29/2023,PKR2.5 Crore
1258,House,Sindh,Karachi,"Bahria Town Karachi, Karachi, Sindh",3,3,200 Sq. Yd.,For Sale,6/29/2023,PKR1.7 Crore
1259,House,Sindh,Karachi,"DHA Defence, Karachi, Sindh",5,4,100 Sq. Yd.,For Sale,6/27/2023,PKR4.65 Crore
1260,House,Sindh,Karachi,"DHA Defence, Karachi, Sindh",5,5,500 Sq. Yd.,For Sale,6/29/2023,PKR11.5 Crore
1261,House,Sindh,Karachi,"DHA Defence, Karachi, Sindh",5,5,500 Sq. Yd.,For Sale,6/29/2023,PKR10.5 Crore
1262,House,Sindh,Karachi,"DHA Defence, Karachi, Sindh",6,6,668 Sq. Yd.,For Sale,7/18/2023,PKR15.99 Crore
1263,House,Sindh,Karachi,"Cantt, Karachi, Sindh",5,5,375 Sq. Yd.,For Sale,7/18/2023,PKR7.35 Crore
1264,Flat,Sindh,Karachi,"DHA Defence, Karachi, Sindh",1,1,114 Sq. Yd.,For Sale,7/18/2023,PKR4.1 Crore
1265,Flat,Sindh,Karachi,"DHA Defence, Karachi, Sindh",3,1,136 Sq. Yd.,For Sale,7/18/2023,PKR4.1 Crore
1266,House,Sindh,Karachi,"DHA Defence, Karachi, Sindh",5,5,580 Sq. Yd.,For Sale,7/18/2023,PKR16 Crore
1267,House,Sindh,Karachi,"Bath Island, Karachi, Sindh",5,5,275 Sq. Yd.,For Sale,7/4/2023,PKR6.5 Crore
1268,House,Sindh,Karachi,"Gadap Town, Karachi, Sindh",6,6,400 Sq. Yd.,For Sale,7/4/2023,PKR6.1 Crore
1269,House,Sindh,Karachi,"DHA Defence, Karachi, Sindh",5,4,100 Sq. Yd.,For Sale,7/4/2023,PKR4.5 Crore
1270,Flat,Sindh,Karachi,"Clifton, Karachi, Sindh",4,3,189 Sq. Yd.,For Sale,7/4/2023,PKR2.75 Crore
1271,Flat,Sindh,Karachi,"Bahria Town Karachi, Karachi, Sindh",2,2,106 Sq. Yd.,For Sale,6/30/2023,PKR87 Lakh
1272,House,Sindh,Karachi,"Bahria Town Karachi, Karachi, Sindh",3,3,125 Sq. Yd.,For Sale,6/30/2023,PKR1.27 Crore
1273,Flat,Sindh,Karachi,"Clifton, Karachi, Sindh",3,3,200 Sq. Yd.,For Sale,6/30/2023,PKR2.5 Crore
1274,House,Sindh,Karachi,"North Karachi, Karachi, Sindh",5,4,120 Sq. Yd.,For Sale,6/30/2023,PKR2.05 Crore
1275,House,Sindh,Karachi,"North Karachi, Karachi, Sindh",4,4,120 Sq. Yd.,For Sale,6/30/2023,PKR2.35 Crore
1276,House,Sindh,Karachi,"North Karachi, Karachi, Sindh",4,6,120 Sq. Yd.,For Sale,6/30/2023,PKR2.35 Crore
1277,House,Sindh,Karachi,"Gulshan-e-Iqbal Town, Karachi, Sindh",6,6,240 Sq. Yd.,For Sale,6/28/2023,PKR5.3 Crore
1278,House,Sindh,Karachi,"DHA Defence, Karachi, Sindh",6,6,666 Sq. Yd.,For Sale,6/29/2023,PKR14 Crore
1279,House,Sindh,Karachi,"Bahria Town Karachi, Karachi, Sindh",6,5,350 Sq. Yd.,For Sale,6/27/2023,PKR2 Crore
1280,House,Sindh,Karachi,"Bahria Town Karachi, Karachi, Sindh",9,8,"1,000 Sq. Yd.",For Sale,6/29/2023,PKR9.5 Crore
1281,House,Sindh,Karachi,"Bahria Town Karachi, Karachi, Sindh",3,3,200 Sq. Yd.,For Sale,6/27/2023,PKR2.35 Crore
1282,House,Sindh,Karachi,"DHA Defence, Karachi, Sindh",4,4,500 Sq. Yd.,For Sale,6/29/2023,PKR10.5 Crore
1283,House,Sindh,Karachi,"DHA Defence, Karachi, Sindh",5,5,500 Sq. Yd.,For Sale,6/29/2023,PKR9 Crore
1284,House,Sindh,Karachi,"DHA Defence, Karachi, Sindh",6,6,500 Sq. Yd.,For Sale,6/29/2023,PKR14.5 Crore
1285,House,Sindh,Karachi,"Cantt, Karachi, Sindh",5,5,375 Sq. Yd.,For Sale,7/18/2023,PKR7.2 Crore
1286,House,Sindh,Karachi,"Cantt, Karachi, Sindh",5,5,375 Sq. Yd.,For Sale,7/18/2023,PKR7.15 Crore
1287,Flat,Sindh,Karachi,"DHA Defence, Karachi, Sindh",4,2,180 Sq. Yd.,For Sale,7/18/2023,PKR6.8 Crore
1288,House,Sindh,Karachi,"DHA Defence, Karachi, Sindh",8,6,"1,000 Sq. Yd.",For Sale,7/18/2023,PKR40 Crore
1289,House,Sindh,Karachi,"Cantt, Karachi, Sindh",5,5,375 Sq. Yd.,For Sale,7/18/2023,PKR7.5 Crore
1290,House,Sindh,Karachi,"DHA Defence, Karachi, Sindh",7,6,611 Sq. Yd.,For Sale,7/4/2023,PKR12 Crore
1291,House,Sindh,Karachi,"DHA Defence, Karachi, Sindh",5,4,500 Sq. Yd.,For Sale,7/4/2023,PKR10.6 Crore
1292,Flat,Sindh,Karachi,"Clifton, Karachi, Sindh",4,3,233 Sq. Yd.,For Sale,7/4/2023,PKR5 Crore
1293,House,Sindh,Karachi,"DHA Defence, Karachi, Sindh",5,4,300 Sq. Yd.,For Sale,7/4/2023,PKR8 Crore
1294,House,Sindh,Karachi,"DHA Defence, Karachi, Sindh",5,5,500 Sq. Yd.,For Sale,7/4/2023,PKR9.15 Crore
1295,Flat,Sindh,Karachi,"Gadap Town, Karachi, Sindh",2,2,67 Sq. Yd.,For Sale,6/30/2023,PKR55 Lakh
1296,Flat,Sindh,Karachi,"Malir, Karachi, Sindh",2,2,67 Sq. Yd.,For Sale,6/30/2023,PKR55 Lakh
1297,Upper Portion,Sindh,Karachi,"Gulshan-e-Iqbal Town, Karachi, Sindh",3,3,240 Sq. Yd.,For Sale,6/30/2023,PKR3.35 Crore
1298,House,Sindh,Karachi,"Gulshan-e-Iqbal Town, Karachi, Sindh",4,4,341 Sq. Yd.,For Sale,6/28/2023,PKR5.7 Crore
1299,Upper Portion,Sindh,Karachi,"Gulshan-e-Iqbal Town, Karachi, Sindh",3,3,120 Sq. Yd.,For Sale,6/30/2023,PKR1.45 Crore
1300,House,Sindh,Karachi,"Gulshan-e-Iqbal Town, Karachi, Sindh",5,5,156 Sq. Yd.,For Sale,6/30/2023,PKR2.5 Crore
1301,Flat,Sindh,Karachi,"Gulshan-e-Iqbal Town, Karachi, Sindh",3,3,150 Sq. Yd.,For Sale,6/28/2023,PKR1.9 Crore
1302,House,Sindh,Karachi,"DHA Defence, Karachi, Sindh",5,5,500 Sq. Yd.,For Sale,6/29/2023,PKR10.5 Crore
1303,House,Sindh,Karachi,"DHA Defence, Karachi, Sindh",6,6,500 Sq. Yd.,For Sale,6/29/2023,PKR11.5 Crore
1304,Flat,Sindh,Karachi,"Bahria Town Karachi, Karachi, Sindh",5,4,201 Sq. Yd.,For Sale,6/27/2023,PKR1.87 Crore
1305,Flat,Sindh,Karachi,"Bahria Town Karachi, Karachi, Sindh",4,3,135 Sq. Yd.,For Sale,6/27/2023,PKR1.21 Crore
1306,Flat,Sindh,Karachi,"Bahria Town Karachi, Karachi, Sindh",2,2,110 Sq. Yd.,For Sale,6/29/2023,PKR99 Lakh
1307,House,Sindh,Karachi,"Bahria Town Karachi, Karachi, Sindh",6,6,350 Sq. Yd.,For Sale,6/27/2023,PKR2.03 Crore
1308,Flat,Sindh,Karachi,"Bahria Town Karachi, Karachi, Sindh",3,2,122 Sq. Yd.,For Sale,6/27/2023,PKR58 Lakh
1309,House,Sindh,Karachi,"Bahria Town Karachi, Karachi, Sindh",4,3,152 Sq. Yd.,For Sale,6/27/2023,PKR1.4 Crore
1310,House,Sindh,Karachi,"Cantt, Karachi, Sindh",3,3,311 Sq. Yd.,For Sale,7/18/2023,PKR5.8 Crore
1311,Flat,Sindh,Karachi,"Cantt, Karachi, Sindh",3,3,286 Sq. Yd.,For Sale,7/18/2023,PKR3.75 Crore
1312,Flat,Sindh,Karachi,"Cantt, Karachi, Sindh",3,3,300 Sq. Yd.,For Sale,7/18/2023,PKR4.05 Crore
1313,House,Sindh,Karachi,"Cantt, Karachi, Sindh",5,5,500 Sq. Yd.,For Sale,7/18/2023,PKR8.1 Crore
1314,Flat,Sindh,Karachi,"DHA Defence, Karachi, Sindh",1,1,111 Sq. Yd.,For Sale,7/25/2023,PKR3.68 Crore
1315,House,Sindh,Karachi,"DHA Defence, Karachi, Sindh",6,5,500 Sq. Yd.,For Sale,7/4/2023,PKR9.3 Crore
1316,House,Sindh,Karachi,"Scheme 33, Karachi, Sindh",6,6,120 Sq. Yd.,For Sale,7/4/2023,PKR2.65 Crore
1317,Flat,Sindh,Karachi,"Bath Island, Karachi, Sindh",3,3,244 Sq. Yd.,For Sale,7/4/2023,PKR7 Crore
1318,Flat,Sindh,Karachi,"DHA Defence, Karachi, Sindh",3,3,233 Sq. Yd.,For Sale,7/11/2023,PKR3.5 Crore
1319,House,Sindh,Karachi,"Bahria Town Karachi, Karachi, Sindh",3,3,235 Sq. Yd.,For Sale,6/28/2023,PKR1.6 Crore
1320,House,Sindh,Karachi,"Bahria Town Karachi, Karachi, Sindh",4,4,350 Sq. Yd.,For Sale,6/30/2023,PKR1.94 Crore
1321,House,Sindh,Karachi,"Gulistan-e-Jauhar, Karachi, Sindh",6,6,200 Sq. Yd.,For Sale,6/28/2023,PKR4.5 Crore
1322,Lower Portion,Sindh,Karachi,"Gulshan-e-Iqbal Town, Karachi, Sindh",3,3,240 Sq. Yd.,For Sale,6/28/2023,PKR2.9 Crore
1323,Upper Portion,Sindh,Karachi,"Gulshan-e-Iqbal Town, Karachi, Sindh",4,3,130 Sq. Yd.,For Sale,6/28/2023,PKR1.35 Crore
1324,Flat,Sindh,Karachi,"Gulshan-e-Iqbal Town, Karachi, Sindh",3,3,122 Sq. Yd.,For Sale,6/28/2023,PKR1 Crore
1325,Upper Portion,Sindh,Karachi,"Gulshan-e-Iqbal Town, Karachi, Sindh",3,3,240 Sq. Yd.,For Sale,6/28/2023,PKR2.25 Crore
1326,Flat,Sindh,Karachi,"Bahria Town Karachi, Karachi, Sindh",2,2,35 Sq. Yd.,For Sale,6/29/2023,PKR27.84 Lakh
1327,Flat,Sindh,Karachi,"Bahria Town Karachi, Karachi, Sindh",3,3,45 Sq. Yd.,For Sale,6/29/2023,PKR35.74 Lakh
1328,Flat,Sindh,Karachi,"Bahria Town Karachi, Karachi, Sindh",2,2,35 Sq. Yd.,For Sale,6/29/2023,PKR27.84 Lakh
1329,Flat,Sindh,Karachi,"Bahria Town Karachi, Karachi, Sindh",3,3,45 Sq. Yd.,For Sale,6/29/2023,PKR35.74 Lakh
1330,Flat,Sindh,Karachi,"Bahria Town Karachi, Karachi, Sindh",2,2,35 Sq. Yd.,For Sale,6/29/2023,PKR27.84 Lakh
1331,Flat,Sindh,Karachi,"Bahria Town Karachi, Karachi, Sindh",3,3,45 Sq. Yd.,For Sale,6/29/2023,PKR35.74 Lakh
1332,Flat,Sindh,Karachi,"Bahria Town Karachi, Karachi, Sindh",2,2,35 Sq. Yd.,For Sale,6/29/2023,PKR27.84 Lakh
1333,Flat,Sindh,Karachi,"Bahria Town Karachi, Karachi, Sindh",3,3,45 Sq. Yd.,For Sale,6/29/2023,PKR35.74 Lakh
1334,Flat,Sindh,Karachi,"DHA Defence, Karachi, Sindh",5,4,311 Sq. Yd.,For Sale,7/25/2023,PKR6.65 Crore
1335,Flat,Sindh,Karachi,"Sea View Apartments, Karachi, Sindh",4,3,300 Sq. Yd.,For Sale,7/25/2023,PKR5.6 Crore
1336,Flat,Sindh,Karachi,"Sea View Apartments, Karachi, Sindh",4,3,300 Sq. Yd.,For Sale,7/25/2023,PKR3.7 Crore
1337,Flat,Sindh,Karachi,"DHA Defence, Karachi, Sindh",2,2,111 Sq. Yd.,For Sale,7/25/2023,PKR1.1 Crore
1338,Flat,Sindh,Karachi,"Garden West, Karachi, Sindh",3,3,167 Sq. Yd.,For Sale,7/25/2023,PKR1.3 Crore
1339,Flat,Sindh,Karachi,"Korangi, Karachi, Sindh",2,2,50 Sq. Yd.,For Sale,7/11/2023,PKR22 Lakh
1340,Flat,Sindh,Karachi,"Korangi, Karachi, Sindh",2,2,50 Sq. Yd.,For Sale,7/11/2023,PKR17 Lakh
1341,Flat,Sindh,Karachi,"Bath Island, Karachi, Sindh",3,3,244 Sq. Yd.,For Sale,7/11/2023,PKR7 Crore
1342,Flat,Sindh,Karachi,"DHA Defence, Karachi, Sindh",3,3,233 Sq. Yd.,For Sale,7/11/2023,PKR3.5 Crore
1343,House,Sindh,Karachi,"Bahria Town Karachi, Karachi, Sindh",3,3,235 Sq. Yd.,For Sale,6/29/2023,PKR1.6 Crore
1344,House,Sindh,Karachi,"Bahria Town Karachi, Karachi, Sindh",4,4,350 Sq. Yd.,For Sale,7/1/2023,PKR1.94 Crore
1345,House,Sindh,Karachi,"Gulistan-e-Jauhar, Karachi, Sindh",6,6,200 Sq. Yd.,For Sale,6/29/2023,PKR4.5 Crore
1346,Lower Portion,Sindh,Karachi,"Gulshan-e-Iqbal Town, Karachi, Sindh",3,3,240 Sq. Yd.,For Sale,6/29/2023,PKR2.9 Crore
1347,Upper Portion,Sindh,Karachi,"Gulshan-e-Iqbal Town, Karachi, Sindh",4,3,130 Sq. Yd.,For Sale,6/29/2023,PKR1.35 Crore
1348,Flat,Sindh,Karachi,"Gulshan-e-Iqbal Town, Karachi, Sindh",3,3,122 Sq. Yd.,For Sale,6/29/2023,PKR1 Crore
1349,Upper Portion,Sindh,Karachi,"Gulshan-e-Iqbal Town, Karachi, Sindh",3,3,240 Sq. Yd.,For Sale,6/29/2023,PKR2.25 Crore
1350,Flat,Sindh,Karachi,"Bahria Town Karachi, Karachi, Sindh",2,2,35 Sq. Yd.,For Sale,6/30/2023,PKR27.84 Lakh
1351,Flat,Sindh,Karachi,"Bahria Town Karachi, Karachi, Sindh",3,3,45 Sq. Yd.,For Sale,6/30/2023,PKR35.74 Lakh
1352,Flat,Sindh,Karachi,"Bahria Town Karachi, Karachi, Sindh",2,2,35 Sq. Yd.,For Sale,6/30/2023,PKR27.84 Lakh
1353,Flat,Sindh,Karachi,"Bahria Town Karachi, Karachi, Sindh",3,3,45 Sq. Yd.,For Sale,6/30/2023,PKR35.74 Lakh
1354,Flat,Sindh,Karachi,"Bahria Town Karachi, Karachi, Sindh",2,2,35 Sq. Yd.,For Sale,6/30/2023,PKR27.84 Lakh
1355,Flat,Sindh,Karachi,"Bahria Town Karachi, Karachi, Sindh",3,3,45 Sq. Yd.,For Sale,6/30/2023,PKR35.74 Lakh
1356,Flat,Sindh,Karachi,"Bahria Town Karachi, Karachi, Sindh",2,2,35 Sq. Yd.,For Sale,6/30/2023,PKR27.84 Lakh
1357,Flat,Sindh,Karachi,"Bahria Town Karachi, Karachi, Sindh",3,3,45 Sq. Yd.,For Sale,6/30/2023,PKR35.74 Lakh
1358,Flat,Sindh,Karachi,"DHA Defence, Karachi, Sindh",5,4,311 Sq. Yd.,For Sale,7/25/2023,PKR6.65 Crore
1359,Flat,Sindh,Karachi,"Sea View Apartments, Karachi, Sindh",4,3,300 Sq. Yd.,For Sale,7/25/2023,PKR5.6 Crore
1360,Flat,Sindh,Karachi,"Sea View Apartments, Karachi, Sindh",4,3,300 Sq. Yd.,For Sale,7/25/2023,PKR3.7 Crore
1361,Flat,Sindh,Karachi,"DHA Defence, Karachi, Sindh",2,2,111 Sq. Yd.,For Sale,7/25/2023,PKR1.1 Crore
1362,Flat,Sindh,Karachi,"Garden West, Karachi, Sindh",3,3,167 Sq. Yd.,For Sale,7/25/2023,PKR1.3 Crore
1363,Flat,Sindh,Karachi,"Korangi, Karachi, Sindh",2,2,50 Sq. Yd.,For Sale,7/11/2023,PKR22 Lakh
1364,Flat,Sindh,Karachi,"Korangi, Karachi, Sindh",2,2,50 Sq. Yd.,For Sale,7/11/2023,PKR17 Lakh
1365,House,Sindh,Karachi,"Jamshed Town, Karachi, Sindh",6,6,300 Sq. Yd.,For Sale,7/11/2023,PKR10.5 Crore
1366,House,Sindh,Karachi,"DHA Defence, Karachi, Sindh",4,5,300 Sq. Yd.,For Sale,7/11/2023,PKR6.7 Crore
1367,Flat,Sindh,Karachi,"Malir, Karachi, Sindh",2,2,83 Sq. Yd.,For Sale,7/1/2023,PKR80 Lakh
1368,Flat,Sindh,Karachi,"Navy Housing Scheme Karsaz, Karachi, Sindh",5,5,389 Sq. Yd.,For Sale,7/1/2023,PKR8.75 Crore
1369,Lower Portion,Sindh,Karachi,"Gulshan-e-Iqbal Town, Karachi, Sindh",3,3,240 Sq. Yd.,For Sale,6/29/2023,PKR2.6 Crore
1370,Flat,Sindh,Karachi,"Bahria Town Karachi, Karachi, Sindh",4,4,216 Sq. Yd.,For Sale,6/30/2023,PKR1.47 Crore
1371,House,Sindh,Karachi,"Gulistan-e-Jauhar, Karachi, Sindh",6,6,400 Sq. Yd.,For Sale,6/30/2023,PKR6.5 Crore
1372,House,Sindh,Karachi,"Gulistan-e-Jauhar, Karachi, Sindh",3,3,400 Sq. Yd.,For Sale,6/30/2023,PKR5.25 Crore
1373,House,Sindh,Karachi,"Gulistan-e-Jauhar, Karachi, Sindh",-,8,200 Sq. Yd.,For Sale,6/30/2023,PKR3.75 Crore
1374,House,Sindh,Karachi,"Gulistan-e-Jauhar, Karachi, Sindh",3,3,240 Sq. Yd.,For Sale,6/30/2023,PKR3.95 Crore
1375,House,Sindh,Karachi,"DHA Defence, Karachi, Sindh",10,9,"1,000 Sq. Yd.",For Sale,6/27/2023,PKR21.5 Crore
1376,Flat,Sindh,Karachi,"Gulshan-e-Iqbal Town, Karachi, Sindh",3,3,144 Sq. Yd.,For Sale,6/27/2023,PKR98 Lakh
1377,House,Sindh,Karachi,"DHA Defence, Karachi, Sindh",5,4,380 Sq. Yd.,For Sale,6/30/2023,PKR6.95 Crore
1378,House,Sindh,Karachi,"DHA Defence, Karachi, Sindh",6,5,500 Sq. Yd.,For Sale,6/27/2023,PKR9.75 Crore
1379,House,Sindh,Karachi,"Bahria Town Karachi, Karachi, Sindh",3,3,152 Sq. Yd.,For Sale,6/27/2023,PKR1.8 Crore
1380,House,Sindh,Karachi,"Bahria Town Karachi, Karachi, Sindh",3,3,152 Sq. Yd.,For Sale,6/27/2023,PKR1.58 Crore
1381,House,Sindh,Karachi,"Bahria Town Karachi, Karachi, Sindh",3,3,200 Sq. Yd.,For Sale,6/27/2023,PKR1.7 Crore
1382,Flat,Sindh,Karachi,"DHA Defence, Karachi, Sindh",4,2,182 Sq. Yd.,For Sale,7/25/2023,PKR5.75 Crore
1383,House,Sindh,Karachi,"Bahria Town Karachi, Karachi, Sindh",4,4,500 Sq. Yd.,For Sale,7/25/2023,PKR4.15 Crore
1384,Flat,Sindh,Karachi,"Cantt, Karachi, Sindh",3,3,267 Sq. Yd.,For Sale,7/25/2023,PKR3.7 Crore
1385,House,Sindh,Karachi,"Bahria Town Karachi, Karachi, Sindh",6,5,360 Sq. Yd.,For Sale,6/27/2023,PKR4 Crore
1386,House,Sindh,Karachi,"DHA Defence, Karachi, Sindh",6,5,"1,000 Sq. Yd.",For Sale,7/11/2023,PKR36 Crore
1387,House,Sindh,Karachi,"DHA Defence, Karachi, Sindh",6,5,500 Sq. Yd.,For Sale,7/11/2023,PKR17 Crore
1388,House,Sindh,Karachi,"Bahria Town Karachi, Karachi, Sindh",3,3,200 Sq. Yd.,For Sale,7/11/2023,PKR1.7 Crore
1389,House,Sindh,Karachi,"Gulshan-e-Iqbal Town, Karachi, Sindh",7,7,350 Sq. Yd.,For Sale,7/11/2023,PKR7.6 Crore
1390,House,Sindh,Karachi,"Bahria Town Karachi, Karachi, Sindh",4,3,125 Sq. Yd.,For Sale,7/1/2023,PKR1.3 Crore
1391,House,Sindh,Karachi,"Bahria Town Karachi, Karachi, Sindh",5,4,272 Sq. Yd.,For Sale,7/1/2023,PKR3.4 Crore
1392,House,Sindh,Karachi,"Bahria Town Karachi, Karachi, Sindh",6,5,272 Sq. Yd.,For Sale,6/30/2023,PKR3.6 Crore
1393,Upper Portion,Sindh,Karachi,"Nazimabad, Karachi, Sindh",2,2,111 Sq. Yd.,For Sale,6/30/2023,PKR58 Lakh
1394,Flat,Sindh,Karachi,"Scheme 33, Karachi, Sindh",2,2,88 Sq. Yd.,For Sale,6/30/2023,PKR58 Lakh
1395,House,Sindh,Karachi,"Gulshan-e-Iqbal Town, Karachi, Sindh",6,6,240 Sq. Yd.,For Sale,6/30/2023,PKR7.45 Crore
1396,House,Sindh,Karachi,"Gulshan-e-Iqbal Town, Karachi, Sindh",6,6,240 Sq. Yd.,For Sale,6/30/2023,PKR7.4 Crore
1397,House,Sindh,Karachi,"DHA Defence, Karachi, Sindh",5,4,500 Sq. Yd.,For Sale,6/30/2023,PKR10 Crore
1398,House,Sindh,Karachi,"Bahria Town Karachi, Karachi, Sindh",4,4,250 Sq. Yd.,For Sale,6/27/2023,PKR3.15 Crore
1399,Flat,Sindh,Karachi,"Bahria Town Karachi, Karachi, Sindh",2,2,156 Sq. Yd.,For Sale,6/27/2023,PKR59 Lakh
1400,House,Sindh,Karachi,"DHA Defence, Karachi, Sindh",6,5,500 Sq. Yd.,For Sale,6/30/2023,PKR11.5 Crore
1401,House,Sindh,Karachi,"DHA Defence, Karachi, Sindh",6,6,500 Sq. Yd.,For Sale,6/27/2023,PKR11.5 Crore
1402,House,Sindh,Karachi,"DHA Defence, Karachi, Sindh",6,6,500 Sq. Yd.,For Sale,6/27/2023,PKR11.5 Crore
1403,Flat,Sindh,Karachi,"Gulistan-e-Jauhar, Karachi, Sindh",3,3,167 Sq. Yd.,For Sale,6/30/2023,PKR2.1 Crore
1404,Upper Portion,Sindh,Karachi,"Federal B Area, Karachi, Sindh",3,3,120 Sq. Yd.,For Sale,7/3/2023,PKR80 Lakh
1405,Upper Portion,Sindh,Karachi,"Gulshan-e-Iqbal Town, Karachi, Sindh",3,3,240 Sq. Yd.,For Sale,7/3/2023,PKR3.15 Crore
1406,House,Sindh,Karachi,"Malir, Karachi, Sindh",5,5,500 Sq. Yd.,For Sale,7/3/2023,PKR9.75 Crore
1407,House,Sindh,Karachi,"DHA Defence, Karachi, Sindh",6,6,500 Sq. Yd.,For Sale,7/3/2023,PKR8.7 Crore
1408,Flat,Sindh,Karachi,"DHA Defence, Karachi, Sindh",2,2,100 Sq. Yd.,For Sale,7/2/2023,PKR65 Lakh
1409,House,Sindh,Karachi,"Bahria Town Karachi, Karachi, Sindh",3,3,235 Sq. Yd.,For Sale,7/2/2023,PKR1.55 Crore
1410,House,Sindh,Karachi,"Scheme 33, Karachi, Sindh",4,4,120 Sq. Yd.,For Sale,7/2/2023,PKR2.9 Crore
1411,Flat,Sindh,Karachi,"Nazimabad, Karachi, Sindh",3,3,150 Sq. Yd.,For Sale,7/2/2023,PKR1.45 Crore
1412,Flat,Sindh,Karachi,"Scheme 33, Karachi, Sindh",2,2,117 Sq. Yd.,For Sale,7/2/2023,PKR65 Lakh
1413,House,Sindh,Karachi,"Cantt, Karachi, Sindh",6,6,200 Sq. Yd.,For Sale,7/2/2023,PKR3.7 Crore
1414,House,Sindh,Karachi,"Bahria Town Karachi, Karachi, Sindh",3,3,125 Sq. Yd.,For Sale,7/2/2023,PKR1.4 Crore
1415,Lower Portion,Sindh,Karachi,"Scheme 33, Karachi, Sindh",3,3,178 Sq. Yd.,For Sale,7/2/2023,PKR90 Lakh
1416,House,Sindh,Karachi,"Gadap Town, Karachi, Sindh",6,6,120 Sq. Yd.,For Sale,7/18/2023,PKR1.8 Crore
1417,House,Sindh,Karachi,"Scheme 33, Karachi, Sindh",-,8,400 Sq. Yd.,For Sale,7/18/2023,PKR5.6 Crore
1418,Flat,Sindh,Karachi,"Khalid Bin Walid Road, Karachi, Sindh",3,3,183 Sq. Yd.,For Sale,7/18/2023,PKR2.25 Crore
1419,Flat,Sindh,Karachi,"Gulistan-e-Jauhar, Karachi, Sindh",4,3,144 Sq. Yd.,For Sale,7/18/2023,PKR1.25 Crore
1420,Flat,Sindh,Karachi,"Gulshan-e-Iqbal Town, Karachi, Sindh",2,2,111 Sq. Yd.,For Sale,6/27/2023,PKR1.15 Crore
1421,Flat,Sindh,Karachi,"DHA Defence, Karachi, Sindh",5,4,418 Sq. Yd.,For Sale,7/18/2023,PKR7.75 Crore
1422,House,Sindh,Karachi,"DHA Defence, Karachi, Sindh",4,4,500 Sq. Yd.,For Sale,7/18/2023,PKR10 Crore
1423,House,Sindh,Karachi,"Bin Qasim Town, Karachi, Sindh",2,2,120 Sq. Yd.,For Sale,7/18/2023,PKR1.6 Crore
1424,House,Sindh,Karachi,"Bin Qasim Town, Karachi, Sindh",5,4,120 Sq. Yd.,For Sale,7/18/2023,PKR2.8 Crore
1425,House,Sindh,Karachi,"Gulistan-e-Jauhar, Karachi, Sindh",6,6,240 Sq. Yd.,For Sale,7/1/2023,PKR5.4 Crore
1426,Flat,Sindh,Karachi,"Bahria Town Karachi, Karachi, Sindh",1,1,63 Sq. Yd.,For Sale,7/4/2023,PKR60 Lakh
1427,House,Sindh,Karachi,"DHA Defence, Karachi, Sindh",6,6,500 Sq. Yd.,For Sale,7/4/2023,PKR14.5 Crore
1428,House,Sindh,Karachi,"Gulshan-e-Iqbal Town, Karachi, Sindh",6,8,80 Sq. Yd.,For Sale,7/3/2023,PKR2.75 Crore
1429,Upper Portion,Sindh,Karachi,"Jamshed Town, Karachi, Sindh",3,3,222 Sq. Yd.,For Sale,7/3/2023,PKR2.65 Crore
1430,Flat,Sindh,Karachi,"Rashid Minhas Road, Karachi, Sindh",2,2,133 Sq. Yd.,For Sale,7/3/2023,PKR1.65 Crore
1431,Flat,Sindh,Karachi,"Rashid Minhas Road, Karachi, Sindh",2,2,133 Sq. Yd.,For Sale,7/4/2023,PKR1.65 Crore
1432,Flat,Sindh,Karachi,"Rashid Minhas Road, Karachi, Sindh",4,3,189 Sq. Yd.,For Sale,7/4/2023,PKR2.4 Crore
1433,House,Sindh,Karachi,"Scheme 33, Karachi, Sindh",4,4,120 Sq. Yd.,For Sale,7/2/2023,PKR1.25 Crore
1434,Flat,Sindh,Karachi,"Scheme 33, Karachi, Sindh",2,2,128 Sq. Yd.,For Sale,7/2/2023,PKR70 Lakh
1435,House,Sindh,Karachi,"DHA Defence, Karachi, Sindh",7,6,500 Sq. Yd.,For Sale,7/2/2023,PKR19.75 Crore
1436,House,Sindh,Karachi,"DHA Defence, Karachi, Sindh",4,3,714 Sq. Yd.,For Sale,7/2/2023,PKR7.65 Crore
1437,House,Sindh,Karachi,"DHA Defence, Karachi, Sindh",6,5,500 Sq. Yd.,For Sale,7/2/2023,PKR7.25 Crore
1438,House,Sindh,Karachi,"DHA Defence, Karachi, Sindh",7,6,"1,000 Sq. Yd.",For Sale,7/2/2023,PKR19.9 Crore
1439,House,Sindh,Karachi,"DHA Defence, Karachi, Sindh",6,5,500 Sq. Yd.,For Sale,7/2/2023,PKR9.8 Crore
1440,Flat,Sindh,Karachi,"North Karachi, Karachi, Sindh",-,-,67 Sq. Yd.,For Sale,7/18/2023,PKR44 Lakh
1441,Flat,Sindh,Karachi,"Gulshan-e-Iqbal Town, Karachi, Sindh",3,3,144 Sq. Yd.,For Sale,7/18/2023,PKR1.35 Crore
1442,House,Sindh,Karachi,"Scheme 33, Karachi, Sindh",6,8,240 Sq. Yd.,For Sale,6/28/2023,PKR4.95 Crore
1443,Flat,Sindh,Karachi,"Gadap Town, Karachi, Sindh",1,2,50 Sq. Yd.,For Sale,7/18/2023,PKR32 Lakh
1444,Flat,Sindh,Karachi,"Gulshan-e-Iqbal Town, Karachi, Sindh",-,-,167 Sq. Yd.,For Sale,7/18/2023,PKR1.45 Crore
1445,House,Sindh,Karachi,"Gulshan-e-Iqbal Town, Karachi, Sindh",6,8,400 Sq. Yd.,For Sale,7/18/2023,PKR7.5 Crore
1446,Lower Portion,Sindh,Karachi,"Gulshan-e-Iqbal Town, Karachi, Sindh",3,3,240 Sq. Yd.,For Sale,7/18/2023,PKR2.6 Crore
1447,House,Sindh,Karachi,"Scheme 33, Karachi, Sindh",8,8,500 Sq. Yd.,For Sale,7/25/2023,PKR5.8 Crore
1448,Flat,Sindh,Karachi,"Gizri, Karachi, Sindh",3,3,178 Sq. Yd.,For Sale,7/25/2023,PKR1.35 Crore
1449,House,Sindh,Karachi,"Gadap Town, Karachi, Sindh",5,8,100 Sq. Yd.,For Sale,7/25/2023,PKR1.35 Crore
1450,House,Sindh,Karachi,"Bahria Town Karachi, Karachi, Sindh",3,3,125 Sq. Yd.,For Sale,7/4/2023,PKR1.65 Crore
1451,House,Sindh,Karachi,"Bahria Town Karachi, Karachi, Sindh",6,5,250 Sq. Yd.,For Sale,7/4/2023,PKR3.5 Crore
1452,Flat,Sindh,Karachi,"DHA Defence, Karachi, Sindh",5,3,267 Sq. Yd.,For Sale,7/4/2023,PKR6.5 Crore
1453,Flat,Sindh,Karachi,"DHA Defence, Karachi, Sindh",4,2,200 Sq. Yd.,For Sale,7/4/2023,PKR5.8 Crore
1454,Flat,Sindh,Karachi,"DHA Defence, Karachi, Sindh",4,2,200 Sq. Yd.,For Sale,7/4/2023,PKR5.85 Crore
1455,Flat,Sindh,Karachi,"DHA Defence, Karachi, Sindh",6,4,289 Sq. Yd.,For Sale,7/4/2023,PKR8 Crore
1456,Flat,Sindh,Karachi,"DHA Defence, Karachi, Sindh",5,3,272 Sq. Yd.,For Sale,7/4/2023,PKR6.9 Crore
1457,House,Sindh,Karachi,"DHA Defence, Karachi, Sindh",8,11,"1,050 Sq. Yd.",For Sale,7/2/2023,PKR22.5 Crore
1458,House,Sindh,Karachi,"DHA Defence, Karachi, Sindh",6,6,300 Sq. Yd.,For Sale,7/2/2023,PKR6.9 Crore
1459,House,Sindh,Karachi,"DHA Defence, Karachi, Sindh",6,6,500 Sq. Yd.,For Sale,7/2/2023,PKR11.75 Crore
1460,House,Sindh,Karachi,"DHA Defence, Karachi, Sindh",5,4,500 Sq. Yd.,For Sale,7/2/2023,PKR10.25 Crore
1461,House,Sindh,Karachi,"Bahria Town Karachi, Karachi, Sindh",3,3,200 Sq. Yd.,For Sale,7/2/2023,PKR1.7 Crore
1462,Upper Portion,Sindh,Karachi,"Scheme 33, Karachi, Sindh",2,2,100 Sq. Yd.,For Sale,7/2/2023,PKR59.5 Lakh
1463,House,Sindh,Karachi,"Bahria Town Karachi, Karachi, Sindh",3,3,200 Sq. Yd.,For Sale,7/2/2023,PKR2.3 Crore
1464,Flat,Sindh,Karachi,"North Karachi, Karachi, Sindh",2,2,104 Sq. Yd.,For Sale,7/2/2023,PKR67 Lakh
1465,Flat,Sindh,Karachi,"Gulshan-e-Iqbal Town, Karachi, Sindh",3,3,154 Sq. Yd.,For Sale,7/25/2023,PKR1.05 Crore
1466,Lower Portion,Sindh,Karachi,"Gulistan-e-Jauhar, Karachi, Sindh",3,3,200 Sq. Yd.,For Sale,7/25/2023,PKR2.25 Crore
1467,House,Sindh,Karachi,"Muslimabad Society, Karachi, Sindh",6,6,250 Sq. Yd.,For Sale,7/25/2023,PKR12 Crore
1468,House,Sindh,Karachi,"Gadap Town, Karachi, Sindh",-,-,120 Sq. Yd.,For Sale,7/25/2023,PKR72 Lakh
1469,House,Sindh,Karachi,"North Nazimabad, Karachi, Sindh",6,6,200 Sq. Yd.,For Sale,7/25/2023,PKR6 Crore
1470,House,Sindh,Karachi,"Gulistan-e-Jauhar, Karachi, Sindh",-,-,240 Sq. Yd.,For Sale,7/25/2023,PKR6.5 Crore
1471,House,Sindh,Karachi,"Gulshan-e-Iqbal Town, Karachi, Sindh",6,5,500 Sq. Yd.,For Sale,6/27/2023,PKR9 Crore
1472,House,Sindh,Karachi,"Gulshan-e-Iqbal Town, Karachi, Sindh",6,6,"1,000 Sq. Yd.",For Sale,6/27/2023,PKR17 Crore
1473,House,Sindh,Karachi,"Gulshan-e-Iqbal Town, Karachi, Sindh",4,4,110 Sq. Yd.,For Sale,6/27/2023,PKR2.9 Crore
1474,House,Sindh,Karachi,"Bin Qasim Town, Karachi, Sindh",3,3,120 Sq. Yd.,For Sale,6/27/2023,PKR90 Lakh
1475,House,Sindh,Karachi,"Bahria Town Karachi, Karachi, Sindh",4,4,272 Sq. Yd.,For Sale,6/28/2023,PKR2.95 Crore
1476,House,Sindh,Karachi,"Bahria Town Karachi, Karachi, Sindh",-,-,125 Sq. Yd.,For Sale,7/4/2023,PKR1.28 Crore
1477,Flat,Sindh,Karachi,"DHA Defence, Karachi, Sindh",6,4,289 Sq. Yd.,For Sale,7/4/2023,PKR8.1 Crore
1478,Flat,Sindh,Karachi,"DHA Defence, Karachi, Sindh",5,3,272 Sq. Yd.,For Sale,7/4/2023,PKR6.85 Crore
1479,Flat,Sindh,Karachi,"DHA Defence, Karachi, Sindh",4,2,200 Sq. Yd.,For Sale,7/4/2023,PKR5.9 Crore
1480,House,Sindh,Karachi,"Bahria Town Karachi, Karachi, Sindh",3,3,200 Sq. Yd.,For Sale,7/4/2023,PKR1.64 Crore
1481,Flat,Sindh,Karachi,"Bahria Town Karachi, Karachi, Sindh",2,2,106 Sq. Yd.,For Sale,7/4/2023,PKR65 Lakh
1482,Flat,Sindh,Karachi,"Malir, Karachi, Sindh",4,4,133 Sq. Yd.,For Sale,7/2/2023,PKR2.6 Crore
1483,House,Sindh,Karachi,"Bahria Town Karachi, Karachi, Sindh",4,3,200 Sq. Yd.,For Sale,6/27/2023,PKR1.75 Crore
1484,Flat,Sindh,Karachi,"Malir, Karachi, Sindh",3,3,172 Sq. Yd.,For Sale,7/2/2023,PKR1.45 Crore
1485,Flat,Sindh,Karachi,"Bahria Town Karachi, Karachi, Sindh",3,3,45 Sq. Yd.,For Sale,7/2/2023,PKR35.74 Lakh
1486,Flat,Sindh,Karachi,"Bahria Town Karachi, Karachi, Sindh",2,2,35 Sq. Yd.,For Sale,6/28/2023,PKR27.84 Lakh
1487,Flat,Sindh,Karachi,"Bahria Town Karachi, Karachi, Sindh",3,3,45 Sq. Yd.,For Sale,7/2/2023,PKR35.74 Lakh
1488,Flat,Sindh,Karachi,"Bahria Town Karachi, Karachi, Sindh",2,2,35 Sq. Yd.,For Sale,7/2/2023,PKR27.84 Lakh
1489,Flat,Sindh,Karachi,"Bahria Town Karachi, Karachi, Sindh",3,3,45 Sq. Yd.,For Sale,7/2/2023,PKR35.74 Lakh
1490,Upper Portion,Sindh,Karachi,"Federal B Area, Karachi, Sindh",-,-,65 Sq. Yd.,For Sale,6/27/2023,PKR55 Lakh
1491,Lower Portion,Sindh,Karachi,"Federal B Area, Karachi, Sindh",-,-,120 Sq. Yd.,For Sale,6/27/2023,PKR1 Crore
1492,Lower Portion,Sindh,Karachi,"Federal B Area, Karachi, Sindh",-,-,75 Sq. Yd.,For Sale,6/27/2023,PKR55 Lakh
1493,Flat,Sindh,Karachi,"Scheme 33, Karachi, Sindh",2,2,133 Sq. Yd.,For Sale,6/27/2023,PKR70 Lakh
1494,House,Sindh,Karachi,"Scheme 33, Karachi, Sindh",6,4,120 Sq. Yd.,For Sale,6/27/2023,PKR1.78 Crore
1495,House,Sindh,Karachi,"Gulistan-e-Jauhar, Karachi, Sindh",6,4,120 Sq. Yd.,For Sale,6/27/2023,PKR2.35 Crore
1496,Flat,Sindh,Karachi,"Gulistan-e-Jauhar, Karachi, Sindh",2,2,117 Sq. Yd.,For Sale,7/2/2023,PKR1.1 Crore
1497,House,Sindh,Karachi,"DHA Defence, Karachi, Sindh",5,4,300 Sq. Yd.,For Sale,7/1/2023,PKR8.5 Crore
1498,Flat,Sindh,Karachi,"Gulshan-e-Iqbal Town, Karachi, Sindh",3,3,172 Sq. Yd.,For Sale,7/4/2023,PKR1.65 Crore
1499,House,Sindh,Karachi,"DHA Defence, Karachi, Sindh",5,4,"1,000 Sq. Yd.",For Sale,7/11/2023,PKR14 Crore
1500,House,Sindh,Karachi,"DHA Defence, Karachi, Sindh",5,3,"1,000 Sq. Yd.",For Sale,7/4/2023,PKR17 Crore
1501,House,Sindh,Karachi,"DHA Defence, Karachi, Sindh",4,3,100 Sq. Yd.,For Sale,7/4/2023,PKR4.2 Crore
1502,House,Sindh,Karachi,"Bahria Town Karachi, Karachi, Sindh",3,3,125 Sq. Yd.,For Sale,7/4/2023,PKR1.38 Crore
1503,Upper Portion,Sindh,Karachi,"Federal B Area, Karachi, Sindh",3,3,120 Sq. Yd.,For Sale,7/4/2023,PKR82 Lakh
1504,Lower Portion,Sindh,Karachi,"Federal B Area, Karachi, Sindh",3,2,120 Sq. Yd.,For Sale,7/4/2023,PKR85 Lakh
1505,House,Sindh,Karachi,"DHA Defence, Karachi, Sindh",6,6,"1,000 Sq. Yd.",For Sale,7/1/2023,PKR20 Crore
1506,House,Sindh,Karachi,"Gadap Town, Karachi, Sindh",6,6,400 Sq. Yd.,For Sale,7/4/2023,PKR6.5 Crore
1507,Flat,Sindh,Karachi,"DHA Defence, Karachi, Sindh",4,3,272 Sq. Yd.,For Sale,6/27/2023,PKR6.3 Crore
1508,Flat,Sindh,Karachi,"DHA Defence, Karachi, Sindh",4,3,244 Sq. Yd.,For Sale,6/27/2023,PKR6.1 Crore
1509,Flat,Sindh,Karachi,"Malir, Karachi, Sindh",3,3,172 Sq. Yd.,For Sale,7/2/2023,PKR1.45 Crore
1510,Flat,Sindh,Karachi,"DHA Defence, Karachi, Sindh",4,3,294 Sq. Yd.,For Sale,6/27/2023,PKR6.5 Crore
1511,Flat,Sindh,Karachi,"Civil Lines, Karachi, Sindh",5,4,333 Sq. Yd.,For Sale,7/2/2023,PKR9.25 Crore
1512,Flat,Sindh,Karachi,"Malir, Karachi, Sindh",4,4,133 Sq. Yd.,For Sale,7/2/2023,PKR2.6 Crore
1513,Flat,Sindh,Karachi,"Malir, Karachi, Sindh",3,3,172 Sq. Yd.,For Sale,7/2/2023,PKR1.45 Crore
1514,Flat,Sindh,Karachi,"DHA Defence, Karachi, Sindh",4,3,272 Sq. Yd.,For Sale,7/2/2023,PKR7.25 Crore
1515,House,Sindh,Karachi,"DHA Defence, Karachi, Sindh",6,6,500 Sq. Yd.,For Sale,7/11/2023,PKR11.5 Crore
1516,Upper Portion,Sindh,Karachi,"Jamshed Town, Karachi, Sindh",2,2,100 Sq. Yd.,For Sale,7/11/2023,PKR1.5 Crore
1517,House,Sindh,Karachi,"Gadap Town, Karachi, Sindh",4,4,120 Sq. Yd.,For Sale,7/11/2023,PKR1.54 Crore
1518,House,Sindh,Karachi,"Scheme 33, Karachi, Sindh",5,4,120 Sq. Yd.,For Sale,7/11/2023,PKR2 Crore
1519,Upper Portion,Sindh,Karachi,"North Karachi, Karachi, Sindh",2,2,120 Sq. Yd.,For Sale,7/11/2023,PKR75 Lakh
1520,House,Sindh,Karachi,"DHA Defence, Karachi, Sindh",4,3,"1,000 Sq. Yd.",For Sale,6/30/2023,PKR14 Crore
1521,House,Sindh,Karachi,"DHA Defence, Karachi, Sindh",-,5,300 Sq. Yd.,For Sale,7/4/2023,PKR7.3 Crore
1522,House,Sindh,Karachi,"DHA Defence, Karachi, Sindh",5,4,"1,000 Sq. Yd.",For Sale,6/30/2023,PKR22 Crore
1523,Flat,Sindh,Karachi,"Shaheed Millat Road, Karachi, Sindh",3,3,183 Sq. Yd.,For Sale,7/4/2023,PKR5.25 Crore
1524,House,Sindh,Karachi,"DHA Defence, Karachi, Sindh",6,6,500 Sq. Yd.,For Sale,6/27/2023,PKR8.75 Crore
1525,Upper Portion,Sindh,Karachi,"Gulshan-e-Iqbal Town, Karachi, Sindh",2,2,100 Sq. Yd.,For Sale,6/28/2023,PKR1.65 Crore
1526,House,Sindh,Karachi,"DHA Defence, Karachi, Sindh",4,4,500 Sq. Yd.,For Sale,6/27/2023,PKR12 Crore
1527,Upper Portion,Sindh,Karachi,"Gulshan-e-Iqbal Town, Karachi, Sindh",2,2,106 Sq. Yd.,For Sale,6/30/2023,PKR1.75 Crore
1528,Flat,Sindh,Karachi,"Gulshan-e-Iqbal Town, Karachi, Sindh",3,3,240 Sq. Yd.,For Sale,6/30/2023,PKR2 Crore
1529,Flat,Sindh,Karachi,"DHA Defence, Karachi, Sindh",3,3,189 Sq. Yd.,For Sale,6/30/2023,PKR4 Crore
1530,Flat,Sindh,Karachi,"Saadi Road, Karachi, Sindh",4,3,244 Sq. Yd.,For Sale,7/2/2023,PKR1.22 Crore
1531,Flat,Sindh,Karachi,"Bahria Town Karachi, Karachi, Sindh",2,2,35 Sq. Yd.,For Sale,7/2/2023,PKR27.84 Lakh
1532,Flat,Sindh,Karachi,"Bahria Town Karachi, Karachi, Sindh",3,3,45 Sq. Yd.,For Sale,7/2/2023,PKR35.74 Lakh
1533,Flat,Sindh,Karachi,"Bahria Town Karachi, Karachi, Sindh",2,2,35 Sq. Yd.,For Sale,7/2/2023,PKR27.84 Lakh
1534,Flat,Sindh,Karachi,"Bahria Town Karachi, Karachi, Sindh",3,3,45 Sq. Yd.,For Sale,7/2/2023,PKR35.74 Lakh
1535,Flat,Sindh,Karachi,"Cantt, Karachi, Sindh",3,3,"2,700 Sq. Yd.",For Sale,7/4/2023,PKR4.15 Crore
1536,Flat,Sindh,Karachi,"Cantt, Karachi, Sindh",3,3,"2,700 Sq. Yd.",For Sale,7/4/2023,PKR3.97 Crore
1537,Flat,Sindh,Karachi,"Cantt, Karachi, Sindh",3,3,"2,700 Sq. Yd.",For Sale,7/4/2023,PKR3.99 Crore
1538,Flat,Sindh,Karachi,"Cantt, Karachi, Sindh",3,3,"2,700 Sq. Yd.",For Sale,7/4/2023,PKR4 Crore
1539,Flat,Sindh,Karachi,"Cantt, Karachi, Sindh",3,3,"2,700 Sq. Yd.",For Sale,7/4/2023,PKR4.91 Crore
1540,Flat,Sindh,Karachi,"Cantt, Karachi, Sindh",3,3,"2,700 Sq. Yd.",For Sale,7/4/2023,PKR4.1 Crore
1541,Flat,Sindh,Karachi,"Cantt, Karachi, Sindh",3,3,"2,700 Sq. Yd.",For Sale,7/4/2023,PKR4.1 Crore
1542,Flat,Sindh,Karachi,"Cantt, Karachi, Sindh",3,3,"2,700 Sq. Yd.",For Sale,7/4/2023,PKR4.1 Crore
1543,House,Sindh,Karachi,"Cantt, Karachi, Sindh",4,4,428 Sq. Yd.,For Sale,7/4/2023,PKR9.2 Crore
1544,House,Sindh,Karachi,"Cantt, Karachi, Sindh",4,4,428 Sq. Yd.,For Sale,7/4/2023,PKR9.19 Crore
1545,House,Sindh,Karachi,"Cantt, Karachi, Sindh",4,4,428 Sq. Yd.,For Sale,7/4/2023,PKR9.2 Crore
1546,House,Sindh,Karachi,"Cantt, Karachi, Sindh",5,5,375 Sq. Yd.,For Sale,7/4/2023,PKR8.68 Crore
1547,House,Sindh,Karachi,"Scheme 33, Karachi, Sindh",4,4,120 Sq. Yd.,For Sale,7/4/2023,PKR2.05 Crore
1548,Upper Portion,Sindh,Karachi,"Gulistan-e-Jauhar, Karachi, Sindh",3,3,160 Sq. Yd.,For Sale,7/4/2023,PKR1.65 Crore
1549,Flat,Sindh,Karachi,"Federal B Area, Karachi, Sindh",2,2,78 Sq. Yd.,For Sale,7/4/2023,PKR50 Lakh
1550,Flat,Sindh,Karachi,"Scheme 33, Karachi, Sindh",3,3,161 Sq. Yd.,For Sale,7/4/2023,PKR1.45 Crore
1551,Flat,Sindh,Karachi,"Scheme 33, Karachi, Sindh",3,3,156 Sq. Yd.,For Sale,7/4/2023,PKR1.4 Crore
1552,Flat,Sindh,Karachi,"Bahria Town Karachi, Karachi, Sindh",2,2,35 Sq. Yd.,For Sale,7/2/2023,PKR27.84 Lakh
1553,House,Sindh,Karachi,"Korangi, Karachi, Sindh",2,4,80 Sq. Yd.,For Sale,7/2/2023,PKR52 Lakh
1554,Flat,Sindh,Karachi,"DHA Defence, Karachi, Sindh",3,3,167 Sq. Yd.,For Sale,6/27/2023,PKR2.65 Crore
1555,Flat,Sindh,Karachi,"North Nazimabad, Karachi, Sindh",2,2,106 Sq. Yd.,For Sale,7/2/2023,PKR75 Lakh
1556,Flat,Sindh,Karachi,"Bahria Town Karachi, Karachi, Sindh",2,2,106 Sq. Yd.,For Sale,7/2/2023,PKR67 Lakh
1557,House,Sindh,Karachi,"Gulistan-e-Jauhar, Karachi, Sindh",6,8,400 Sq. Yd.,For Sale,7/4/2023,PKR8.6 Crore
1558,House,Sindh,Karachi,"DHA Defence, Karachi, Sindh",5,4,100 Sq. Yd.,For Sale,7/11/2023,PKR3.9 Crore
1559,Flat,Sindh,Karachi,"Gulistan-e-Jauhar, Karachi, Sindh",3,3,167 Sq. Yd.,For Sale,7/4/2023,PKR1.87 Crore
1560,House,Sindh,Karachi,"Cantt, Karachi, Sindh",5,5,375 Sq. Yd.,For Sale,7/18/2023,PKR8.7 Crore
1561,House,Sindh,Karachi,"Cantt, Karachi, Sindh",5,5,375 Sq. Yd.,For Sale,7/18/2023,PKR8.69 Crore
1562,Flat,Sindh,Karachi,"Shaheed Millat Road, Karachi, Sindh",3,3,244 Sq. Yd.,For Sale,7/2/2023,PKR4.5 Crore
1563,House,Sindh,Karachi,"DHA Defence, Karachi, Sindh",6,6,500 Sq. Yd.,For Sale,7/18/2023,PKR8 Crore
1564,Flat,Sindh,Karachi,"Bahria Town Karachi, Karachi, Sindh",1,1,63 Sq. Yd.,For Sale,7/18/2023,PKR60 Lakh
1565,Flat,Sindh,Karachi,"DHA Defence, Karachi, Sindh",3,3,243 Sq. Yd.,For Sale,7/1/2023,PKR7.35 Crore
1566,Flat,Sindh,Karachi,"DHA Defence, Karachi, Sindh",3,3,272 Sq. Yd.,For Sale,7/1/2023,PKR7.5 Crore
1567,Flat,Sindh,Karachi,"DHA Defence, Karachi, Sindh",2,2,128 Sq. Yd.,For Sale,7/18/2023,PKR4.45 Crore
1568,Flat,Sindh,Karachi,"DHA Defence, Karachi, Sindh",3,3,303 Sq. Yd.,For Sale,7/18/2023,PKR10.87 Crore
1569,Flat,Sindh,Karachi,"DHA Defence, Karachi, Sindh",3,3,264 Sq. Yd.,For Sale,7/18/2023,PKR9.3 Crore
1570,Flat,Sindh,Karachi,"DHA Defence, Karachi, Sindh",3,3,272 Sq. Yd.,For Sale,7/4/2023,PKR6.75 Crore
1571,Flat,Sindh,Karachi,"DHA Defence, Karachi, Sindh",3,3,243 Sq. Yd.,For Sale,7/18/2023,PKR6.5 Crore
1572,Flat,Sindh,Karachi,"Scheme 33, Karachi, Sindh",4,4,200 Sq. Yd.,For Sale,7/11/2023,PKR1.85 Crore
1573,Flat,Sindh,Karachi,"Gulistan-e-Jauhar, Karachi, Sindh",4,3,194 Sq. Yd.,For Sale,7/11/2023,PKR2.35 Crore
1574,Flat,Sindh,Karachi,"DHA Defence, Karachi, Sindh",2,2,106 Sq. Yd.,For Sale,7/1/2023,PKR1.1 Crore
1575,Flat,Sindh,Karachi,"DHA Defence, Karachi, Sindh",2,2,50 Sq. Yd.,For Sale,6/27/2023,PKR50 Lakh
1576,Flat,Sindh,Karachi,"DHA Defence, Karachi, Sindh",2,2,100 Sq. Yd.,For Sale,7/11/2023,PKR85 Lakh
1577,House,Sindh,Karachi,"Bahria Town Karachi, Karachi, Sindh",4,4,350 Sq. Yd.,For Sale,6/30/2023,PKR1.95 Crore
1578,House,Sindh,Karachi,"Gulistan-e-Jauhar, Karachi, Sindh",6,6,400 Sq. Yd.,For Sale,7/11/2023,PKR7.1 Crore
1579,House,Sindh,Karachi,"Gulistan-e-Jauhar, Karachi, Sindh",6,6,400 Sq. Yd.,For Sale,7/11/2023,PKR6 Crore
1580,Upper Portion,Sindh,Karachi,"Gulistan-e-Jauhar, Karachi, Sindh",3,3,300 Sq. Yd.,For Sale,7/11/2023,PKR2.5 Crore
1581,House,Sindh,Karachi,"Gulistan-e-Jauhar, Karachi, Sindh",6,8,210 Sq. Yd.,For Sale,7/11/2023,PKR4.75 Crore
1582,Upper Portion,Sindh,Karachi,"Gulistan-e-Jauhar, Karachi, Sindh",3,3,300 Sq. Yd.,For Sale,7/11/2023,PKR2.5 Crore
1583,Flat,Sindh,Karachi,"Scheme 33, Karachi, Sindh",-,3,150 Sq. Yd.,For Sale,7/11/2023,PKR1 Crore
1584,Lower Portion,Sindh,Karachi,"Gulistan-e-Jauhar, Karachi, Sindh",3,3,300 Sq. Yd.,For Sale,7/11/2023,PKR2.5 Crore
1585,Flat,Sindh,Karachi,"Jinnah Avenue, Karachi, Sindh",4,3,244 Sq. Yd.,For Sale,7/18/2023,PKR4.5 Crore
1586,Flat,Sindh,Karachi,"Bahria Town Karachi, Karachi, Sindh",3,2,128 Sq. Yd.,For Sale,6/29/2023,PKR1.2 Crore
1587,Flat,Sindh,Karachi,"Bahria Town Karachi, Karachi, Sindh",2,2,81 Sq. Yd.,For Sale,7/18/2023,PKR73 Lakh
1588,Flat,Sindh,Karachi,"Bahria Town Karachi, Karachi, Sindh",2,2,35 Sq. Yd.,For Sale,7/18/2023,PKR27.84 Lakh
1589,House,Sindh,Karachi,"DHA Defence, Karachi, Sindh",5,4,360 Sq. Yd.,For Sale,7/18/2023,PKR6.9 Crore
1590,Flat,Sindh,Karachi,"Saddar Town, Karachi, Sindh",3,3,228 Sq. Yd.,For Sale,6/30/2023,PKR3.5 Crore
1591,Flat,Sindh,Karachi,"DHA Defence, Karachi, Sindh",2,2,108 Sq. Yd.,For Sale,7/18/2023,PKR1.3 Crore
1592,House,Sindh,Karachi,"Bahria Town Karachi, Karachi, Sindh",4,4,125 Sq. Yd.,For Sale,7/4/2023,PKR1.55 Crore
1593,House,Sindh,Karachi,"DHA Defence, Karachi, Sindh",4,3,100 Sq. Yd.,For Sale,7/4/2023,PKR3.45 Crore
1594,House,Sindh,Karachi,"Bahria Town Karachi, Karachi, Sindh",4,4,125 Sq. Yd.,For Sale,6/29/2023,PKR1.72 Crore
1595,House,Sindh,Karachi,"Bahria Town Karachi, Karachi, Sindh",3,3,250 Sq. Yd.,For Sale,7/18/2023,PKR1.8 Crore
1596,House,Sindh,Karachi,"Bahria Town Karachi, Karachi, Sindh",3,3,200 Sq. Yd.,For Sale,7/4/2023,PKR1.75 Crore
1597,Flat,Sindh,Karachi,"DHA Defence, Karachi, Sindh",2,2,106 Sq. Yd.,For Sale,6/27/2023,PKR1.15 Crore
1598,Flat,Sindh,Karachi,"DHA Defence, Karachi, Sindh",2,2,113 Sq. Yd.,For Sale,6/27/2023,PKR1.15 Crore
1599,House,Sindh,Karachi,"DHA Defence, Karachi, Sindh",5,5,120 Sq. Yd.,For Sale,6/27/2023,PKR4.7 Crore
1600,Flat,Sindh,Karachi,"Civil Lines, Karachi, Sindh",5,4,311 Sq. Yd.,For Sale,7/11/2023,PKR11 Crore
1601,Flat,Sindh,Karachi,"Clifton, Karachi, Sindh",4,3,278 Sq. Yd.,For Sale,7/11/2023,PKR6 Crore
1602,House,Sindh,Karachi,"Gulshan-e-Iqbal Town, Karachi, Sindh",8,9,550 Sq. Yd.,For Sale,7/11/2023,PKR10.5 Crore
1603,House,Sindh,Karachi,"Gulistan-e-Jauhar, Karachi, Sindh",8,7,600 Sq. Yd.,For Sale,7/11/2023,PKR7.5 Crore
1604,House,Sindh,Karachi,"Gulistan-e-Jauhar, Karachi, Sindh",8,8,450 Sq. Yd.,For Sale,7/11/2023,PKR6.85 Crore
1605,Flat,Sindh,Karachi,"Gulistan-e-Jauhar, Karachi, Sindh",3,3,189 Sq. Yd.,For Sale,7/11/2023,PKR95 Lakh
1606,Flat,Sindh,Karachi,"Gulistan-e-Jauhar, Karachi, Sindh",2,2,122 Sq. Yd.,For Sale,7/11/2023,PKR1.3 Crore
1607,Flat,Sindh,Karachi,"Scheme 33, Karachi, Sindh",2,2,122 Sq. Yd.,For Sale,7/11/2023,PKR1.4 Crore
1608,Flat,Sindh,Karachi,"Scheme 33, Karachi, Sindh",3,3,200 Sq. Yd.,For Sale,7/11/2023,PKR1.4 Crore
1609,House,Sindh,Karachi,"Bahria Town Karachi, Karachi, Sindh",3,3,200 Sq. Yd.,For Sale,7/11/2023,PKR1.62 Crore
1610,House,Sindh,Karachi,"Bahria Town Karachi, Karachi, Sindh",3,3,235 Sq. Yd.,For Sale,7/4/2023,PKR1.6 Crore
1611,House,Sindh,Karachi,"Bahria Town Karachi, Karachi, Sindh",-,-,125 Sq. Yd.,For Sale,7/18/2023,PKR1.9 Crore
1612,Flat,Sindh,Karachi,"DHA Defence, Karachi, Sindh",3,2,182 Sq. Yd.,For Sale,6/28/2023,PKR5.5 Crore
1613,Flat,Sindh,Karachi,"DHA Defence, Karachi, Sindh",3,2,244 Sq. Yd.,For Sale,7/4/2023,PKR5.4 Crore
1614,House,Sindh,Karachi,"Bahria Town Karachi, Karachi, Sindh",6,6,250 Sq. Yd.,For Sale,6/29/2023,PKR3.55 Crore
1615,House,Sindh,Karachi,"Bahria Town Karachi, Karachi, Sindh",4,4,350 Sq. Yd.,For Sale,7/18/2023,PKR2.1 Crore
1616,Flat,Sindh,Karachi,"Bahria Town Karachi, Karachi, Sindh",2,2,106 Sq. Yd.,For Sale,7/18/2023,PKR70 Lakh
1617,Flat,Sindh,Karachi,"DHA Defence, Karachi, Sindh",3,3,256 Sq. Yd.,For Sale,7/11/2023,PKR5.5 Crore
1618,Flat,Sindh,Karachi,"DHA Defence, Karachi, Sindh",5,3,272 Sq. Yd.,For Sale,7/4/2023,PKR7 Crore
1619,Flat,Sindh,Karachi,"DHA Defence, Karachi, Sindh",5,4,352 Sq. Yd.,For Sale,7/11/2023,PKR6.5 Crore
1620,Penthouse,Sindh,Karachi,"Bahria Town Karachi, Karachi, Sindh",3,3,79 Sq. Yd.,For Sale,7/18/2023,PKR71.23 Lakh
1621,Flat,Sindh,Karachi,"Bahria Town Karachi, Karachi, Sindh",3,3,45 Sq. Yd.,For Sale,7/18/2023,PKR35.74 Lakh
1622,House,Sindh,Karachi,"DHA Defence, Karachi, Sindh",6,5,500 Sq. Yd.,For Sale,7/11/2023,PKR16 Crore
1623,House,Sindh,Karachi,"DHA Defence, Karachi, Sindh",6,6,"1,000 Sq. Yd.",For Sale,7/11/2023,PKR32 Crore
1624,House,Sindh,Karachi,"DHA Defence, Karachi, Sindh",8,6,"1,000 Sq. Yd.",For Sale,7/11/2023,PKR22.5 Crore
1625,House,Sindh,Karachi,"DHA Defence, Karachi, Sindh",8,6,500 Sq. Yd.,For Sale,7/11/2023,PKR16 Crore
1626,House,Sindh,Karachi,"Gulistan-e-Jauhar, Karachi, Sindh",5,4,120 Sq. Yd.,For Sale,7/11/2023,PKR2.5 Crore
1627,Flat,Sindh,Karachi,"Gulistan-e-Jauhar, Karachi, Sindh",3,3,156 Sq. Yd.,For Sale,7/4/2023,PKR1.15 Crore
1628,Flat,Sindh,Karachi,"Gulistan-e-Jauhar, Karachi, Sindh",2,2,111 Sq. Yd.,For Sale,7/4/2023,PKR70 Lakh
1629,House,Sindh,Karachi,"Gulistan-e-Jauhar, Karachi, Sindh",-,9,400 Sq. Yd.,For Sale,7/4/2023,PKR8.25 Crore
1630,House,Sindh,Karachi,"Korangi, Karachi, Sindh",1,1,40 Sq. Yd.,For Sale,7/11/2023,PKR17 Lakh
1631,House,Sindh,Karachi,"Bahria Town Karachi, Karachi, Sindh",3,3,200 Sq. Yd.,For Sale,7/11/2023,PKR2.28 Crore
1632,House,Sindh,Karachi,"Bahria Town Karachi, Karachi, Sindh",3,3,200 Sq. Yd.,For Sale,7/11/2023,PKR1.67 Crore
1633,Flat,Sindh,Karachi,"North Nazimabad, Karachi, Sindh",3,3,178 Sq. Yd.,For Sale,7/11/2023,PKR1.9 Crore
1634,Flat,Sindh,Karachi,"Bahria Town Karachi, Karachi, Sindh",2,2,122 Sq. Yd.,For Sale,6/29/2023,PKR75 Lakh
1635,House,Sindh,Karachi,"DHA Defence, Karachi, Sindh",4,4,250 Sq. Yd.,For Sale,7/18/2023,PKR5.25 Crore
1636,Flat,Sindh,Karachi,"DHA Defence, Karachi, Sindh",2,2,182 Sq. Yd.,For Sale,7/4/2023,PKR5.5 Crore
1637,House,Sindh,Karachi,"Bahria Town Karachi, Karachi, Sindh",5,5,250 Sq. Yd.,For Sale,6/29/2023,PKR3.75 Crore
1638,House,Sindh,Karachi,"Bahria Town Karachi, Karachi, Sindh",6,5,272 Sq. Yd.,For Sale,6/29/2023,PKR3.6 Crore
1639,House,Sindh,Karachi,"Bahria Town Karachi, Karachi, Sindh",4,4,125 Sq. Yd.,For Sale,6/29/2023,PKR1.65 Crore
1640,Flat,Sindh,Karachi,"DHA Defence, Karachi, Sindh",1,1,101 Sq. Yd.,For Sale,7/18/2023,PKR4.15 Crore
1641,Flat,Sindh,Karachi,"DHA Defence, Karachi, Sindh",4,3,290 Sq. Yd.,For Sale,7/18/2023,PKR12.05 Crore
1642,Flat,Sindh,Karachi,"DHA Defence, Karachi, Sindh",3,2,212 Sq. Yd.,For Sale,7/18/2023,PKR8.69 Crore
1643,House,Sindh,Karachi,"DHA Defence, Karachi, Sindh",6,6,500 Sq. Yd.,For Sale,6/28/2023,PKR12.5 Crore
1644,House,Sindh,Karachi,"Cantt, Karachi, Sindh",5,5,375 Sq. Yd.,For Sale,7/4/2023,PKR6.7 Crore
1645,Flat,Sindh,Karachi,"Cantt, Karachi, Sindh",3,3,286 Sq. Yd.,For Sale,7/4/2023,PKR3.7 Crore
1646,Flat,Sindh,Karachi,"Cantt, Karachi, Sindh",4,4,367 Sq. Yd.,For Sale,7/4/2023,PKR4.55 Crore
1647,House,Sindh,Karachi,"Cantt, Karachi, Sindh",5,5,375 Sq. Yd.,For Sale,7/4/2023,PKR6.7 Crore
1648,House,Sindh,Karachi,"Cantt, Karachi, Sindh",5,5,375 Sq. Yd.,For Sale,7/4/2023,PKR7.05 Crore
1649,House,Sindh,Karachi,"Cantt, Karachi, Sindh",5,5,375 Sq. Yd.,For Sale,7/4/2023,PKR6.43 Crore
1650,Flat,Sindh,Karachi,"DHA Defence, Karachi, Sindh",3,2,212 Sq. Yd.,For Sale,7/18/2023,PKR8.43 Crore
1651,Flat,Sindh,Karachi,"DHA Defence, Karachi, Sindh",2,1,161 Sq. Yd.,For Sale,7/18/2023,PKR7.4 Crore
1652,Flat,Sindh,Karachi,"DHA Defence, Karachi, Sindh",5,4,412 Sq. Yd.,For Sale,7/18/2023,PKR23.83 Crore
1653,Flat,Sindh,Karachi,"DHA Defence, Karachi, Sindh",2,2,167 Sq. Yd.,For Sale,7/18/2023,PKR4.5 Crore
1654,Flat,Sindh,Karachi,"DHA Defence, Karachi, Sindh",4,2,182 Sq. Yd.,For Sale,7/18/2023,PKR5.8 Crore
1655,Flat,Sindh,Karachi,"DHA Defence, Karachi, Sindh",5,3,272 Sq. Yd.,For Sale,7/18/2023,PKR7.35 Crore
1656,Flat,Sindh,Karachi,"DHA Defence, Karachi, Sindh",5,3,272 Sq. Yd.,For Sale,7/18/2023,PKR7.4 Crore
1657,Flat,Sindh,Karachi,"DHA Defence, Karachi, Sindh",2,2,182 Sq. Yd.,For Sale,7/18/2023,PKR5.9 Crore
1658,Flat,Sindh,Karachi,"DHA Defence, Karachi, Sindh",4,3,244 Sq. Yd.,For Sale,7/18/2023,PKR12 Crore
1659,Flat,Sindh,Karachi,"DHA Defence, Karachi, Sindh",4,3,244 Sq. Yd.,For Sale,7/4/2023,PKR11.5 Crore
1660,Flat,Sindh,Karachi,"DHA Defence, Karachi, Sindh",3,3,133 Sq. Yd.,For Sale,7/18/2023,PKR85 Lakh
1661,House,Sindh,Karachi,"Cantt, Karachi, Sindh",5,5,375 Sq. Yd.,For Sale,7/18/2023,PKR6.85 Crore
1662,House,Sindh,Karachi,"Cantt, Karachi, Sindh",5,5,375 Sq. Yd.,For Sale,7/4/2023,PKR7 Crore
1663,House,Sindh,Karachi,"Cantt, Karachi, Sindh",5,5,375 Sq. Yd.,For Sale,7/4/2023,PKR6.41 Crore
1664,Flat,Sindh,Karachi,"Cantt, Karachi, Sindh",3,3,286 Sq. Yd.,For Sale,7/4/2023,PKR3.78 Crore
1665,Flat,Sindh,Karachi,"Cantt, Karachi, Sindh",3,3,286 Sq. Yd.,For Sale,7/4/2023,PKR3.69 Crore
1666,Flat,Sindh,Karachi,"Cantt, Karachi, Sindh",4,4,367 Sq. Yd.,For Sale,7/4/2023,PKR4.44 Crore
1667,Flat,Sindh,Karachi,"Cantt, Karachi, Sindh",3,3,300 Sq. Yd.,For Sale,7/4/2023,PKR3.69 Crore
1668,Flat,Sindh,Karachi,"Cantt, Karachi, Sindh",3,3,300 Sq. Yd.,For Sale,7/4/2023,PKR3.71 Crore
1669,Flat,Sindh,Karachi,"Cantt, Karachi, Sindh",3,3,300 Sq. Yd.,For Sale,7/4/2023,PKR3.68 Crore
1670,Flat,Sindh,Karachi,"Cantt, Karachi, Sindh",3,3,300 Sq. Yd.,For Sale,7/18/2023,PKR3.65 Crore
1671,House,Sindh,Karachi,"Cantt, Karachi, Sindh",5,5,375 Sq. Yd.,For Sale,7/18/2023,PKR6.95 Crore
1672,House,Sindh,Karachi,"Cantt, Karachi, Sindh",5,5,375 Sq. Yd.,For Sale,7/18/2023,PKR7.5 Crore
1673,House,Sindh,Karachi,"Bahria Town Karachi, Karachi, Sindh",4,4,125 Sq. Yd.,For Sale,7/1/2023,PKR1.4 Crore
1674,House,Sindh,Karachi,"Bahria Town Karachi, Karachi, Sindh",6,6,250 Sq. Yd.,For Sale,7/1/2023,PKR3.6 Crore
1675,Flat,Sindh,Karachi,"Bahria Town Karachi, Karachi, Sindh",2,2,122 Sq. Yd.,For Sale,7/1/2023,PKR90 Lakh
1676,House,Sindh,Karachi,"Cantt, Karachi, Sindh",7,5,427 Sq. Yd.,For Sale,7/18/2023,PKR8.5 Crore
1677,Flat,Sindh,Karachi,"Cantt, Karachi, Sindh",3,3,300 Sq. Yd.,For Sale,7/18/2023,PKR3.9 Crore
1678,Flat,Sindh,Karachi,"Cantt, Karachi, Sindh",4,3,300 Sq. Yd.,For Sale,7/18/2023,PKR4.25 Crore
1679,House,Sindh,Karachi,"Bahria Town Karachi, Karachi, Sindh",5,5,250 Sq. Yd.,For Sale,7/4/2023,PKR1.95 Crore
1680,House,Sindh,Karachi,"Bahria Town Karachi, Karachi, Sindh",-,-,122 Sq. Yd.,For Sale,7/1/2023,PKR72 Lakh
1681,House,Sindh,Karachi,"Bahria Town Karachi, Karachi, Sindh",4,3,125 Sq. Yd.,For Sale,7/1/2023,PKR1.69 Crore
1682,Flat,Sindh,Karachi,"DHA Defence, Karachi, Sindh",4,3,133 Sq. Yd.,For Sale,7/11/2023,PKR3.9 Crore
1683,Flat,Sindh,Karachi,"DHA Defence, Karachi, Sindh",4,3,209 Sq. Yd.,For Sale,7/11/2023,PKR3.95 Crore
1684,Flat,Sindh,Karachi,"DHA Defence, Karachi, Sindh",4,3,200 Sq. Yd.,For Sale,7/11/2023,PKR3.75 Crore
1685,House,Sindh,Karachi,"Cantt, Karachi, Sindh",5,5,375 Sq. Yd.,For Sale,7/4/2023,PKR6.85 Crore
1686,Flat,Sindh,Karachi,"Cantt, Karachi, Sindh",3,3,286 Sq. Yd.,For Sale,7/4/2023,PKR3.74 Crore
1687,Flat,Sindh,Karachi,"Cantt, Karachi, Sindh",4,4,367 Sq. Yd.,For Sale,7/4/2023,PKR4.4 Crore
1688,Flat,Sindh,Karachi,"Cantt, Karachi, Sindh",4,4,367 Sq. Yd.,For Sale,7/4/2023,PKR4.5 Crore
1689,Flat,Sindh,Karachi,"Cantt, Karachi, Sindh",3,3,300 Sq. Yd.,For Sale,7/4/2023,PKR3.7 Crore
1690,Flat,Sindh,Karachi,"Cantt, Karachi, Sindh",3,3,300 Sq. Yd.,For Sale,7/4/2023,PKR3.74 Crore
1691,House,Sindh,Karachi,"Cantt, Karachi, Sindh",5,5,375 Sq. Yd.,For Sale,7/4/2023,PKR7 Crore
1692,House,Sindh,Karachi,"Cantt, Karachi, Sindh",5,5,375 Sq. Yd.,For Sale,7/4/2023,PKR6.44 Crore
1693,House,Sindh,Karachi,"Bahria Town Karachi, Karachi, Sindh",4,3,125 Sq. Yd.,For Sale,7/1/2023,PKR1.6 Crore
1694,House,Sindh,Karachi,"Bahria Town Karachi, Karachi, Sindh",5,4,125 Sq. Yd.,For Sale,7/1/2023,PKR1.71 Crore
1695,Flat,Sindh,Karachi,"DHA Defence, Karachi, Sindh",3,3,144 Sq. Yd.,For Sale,7/18/2023,PKR1.75 Crore
1696,House,Sindh,Karachi,"DHA Defence, Karachi, Sindh",6,7,"1,000 Sq. Yd.",For Sale,7/11/2023,PKR18 Crore
1697,House,Sindh,Karachi,"DHA Defence, Karachi, Sindh",6,5,500 Sq. Yd.,For Sale,7/11/2023,PKR16.5 Crore
1698,House,Sindh,Karachi,"DHA Defence, Karachi, Sindh",5,4,300 Sq. Yd.,For Sale,7/11/2023,PKR6.5 Crore
1699,House,Sindh,Karachi,"DHA Defence, Karachi, Sindh",6,7,500 Sq. Yd.,For Sale,7/11/2023,PKR15 Crore
1700,House,Sindh,Karachi,"Bahria Town Karachi, Karachi, Sindh",3,3,125 Sq. Yd.,For Sale,7/1/2023,PKR1.55 Crore
1701,House,Sindh,Karachi,"Bahria Town Karachi, Karachi, Sindh",2,2,128 Sq. Yd.,For Sale,7/1/2023,PKR90 Lakh
1702,House,Sindh,Karachi,"Bahria Town Karachi, Karachi, Sindh",4,3,125 Sq. Yd.,For Sale,7/1/2023,PKR1.58 Crore
1703,Flat,Sindh,Karachi,"Bahria Town Karachi, Karachi, Sindh",3,3,45 Sq. Yd.,For Sale,7/18/2023,PKR35.74 Lakh
1704,House,Sindh,Karachi,"Bahria Town Karachi, Karachi, Sindh",3,3,79 Sq. Yd.,For Sale,7/18/2023,PKR71.23 Lakh
1705,Flat,Sindh,Karachi,"Gulshan-e-Iqbal Town, Karachi, Sindh",5,4,233 Sq. Yd.,For Sale,7/11/2023,PKR6.5 Crore
1706,Flat,Sindh,Karachi,"Malir, Karachi, Sindh",3,3,194 Sq. Yd.,For Sale,7/11/2023,PKR1.5 Crore
1707,House,Sindh,Karachi,"DHA Defence, Karachi, Sindh",6,5,500 Sq. Yd.,For Sale,7/4/2023,PKR14 Crore
1708,Flat,Sindh,Karachi,"DHA Defence, Karachi, Sindh",3,2,106 Sq. Yd.,For Sale,7/4/2023,PKR1.75 Crore
1709,Flat,Sindh,Karachi,"Jamshed Road, Karachi, Sindh",2,2,117 Sq. Yd.,For Sale,7/11/2023,PKR1.65 Crore
1710,House,Sindh,Karachi,"Cantt, Karachi, Sindh",5,5,375 Sq. Yd.,For Sale,7/4/2023,PKR6.4 Crore
1711,House,Sindh,Karachi,"Cantt, Karachi, Sindh",5,5,375 Sq. Yd.,For Sale,7/4/2023,PKR6.65 Crore
1712,Flat,Sindh,Karachi,"Cantt, Karachi, Sindh",4,4,367 Sq. Yd.,For Sale,7/4/2023,PKR4.44 Crore
1713,Flat,Sindh,Karachi,"Cantt, Karachi, Sindh",3,3,300 Sq. Yd.,For Sale,7/4/2023,PKR3.72 Crore
1714,House,Sindh,Karachi,"Cantt, Karachi, Sindh",5,5,375 Sq. Yd.,For Sale,7/4/2023,PKR6.7 Crore
1715,House,Sindh,Karachi,"Cantt, Karachi, Sindh",5,5,375 Sq. Yd.,For Sale,7/4/2023,PKR6.9 Crore
1716,House,Sindh,Karachi,"Cantt, Karachi, Sindh",5,5,375 Sq. Yd.,For Sale,7/4/2023,PKR7.05 Crore
1717,House,Sindh,Karachi,"Cantt, Karachi, Sindh",5,5,375 Sq. Yd.,For Sale,7/4/2023,PKR7.1 Crore
1718,House,Sindh,Karachi,"DHA Defence, Karachi, Sindh",6,6,500 Sq. Yd.,For Sale,7/18/2023,PKR14 Crore
1719,House,Sindh,Karachi,"DHA Defence, Karachi, Sindh",6,7,500 Sq. Yd.,For Sale,7/18/2023,PKR10.5 Crore
1720,House,Sindh,Karachi,"DHA Defence, Karachi, Sindh",6,6,500 Sq. Yd.,For Sale,7/18/2023,PKR6.7 Crore
1721,House,Sindh,Karachi,"DHA Defence, Karachi, Sindh",6,6,580 Sq. Yd.,For Sale,7/18/2023,PKR11.25 Crore
1722,House,Sindh,Karachi,"DHA Defence, Karachi, Sindh",6,6,500 Sq. Yd.,For Sale,7/18/2023,PKR14 Crore
1723,House,Sindh,Karachi,"DHA Defence, Karachi, Sindh",5,5,500 Sq. Yd.,For Sale,7/18/2023,PKR20 Crore
1724,House,Sindh,Karachi,"DHA Defence, Karachi, Sindh",5,5,300 Sq. Yd.,For Sale,7/18/2023,PKR7 Crore
1725,House,Sindh,Karachi,"DHA Defence, Karachi, Sindh",5,5,500 Sq. Yd.,For Sale,7/18/2023,PKR14 Crore
1726,House,Sindh,Karachi,"DHA Defence, Karachi, Sindh",6,5,666 Sq. Yd.,For Sale,7/18/2023,PKR11 Crore
1727,Flat,Sindh,Karachi,"Jinnah Avenue, Karachi, Sindh",3,3,167 Sq. Yd.,For Sale,7/18/2023,PKR1.62 Crore
1728,Flat,Sindh,Karachi,"DHA Defence, Karachi, Sindh",2,2,111 Sq. Yd.,For Sale,7/18/2023,PKR1.2 Crore
1729,Lower Portion,Sindh,Karachi,"North Nazimabad, Karachi, Sindh",2,2,100 Sq. Yd.,For Sale,7/11/2023,PKR95 Lakh
1730,House,Sindh,Karachi,"Naya Nazimabad, Karachi, Sindh",3,5,240 Sq. Yd.,For Sale,6/29/2023,PKR3.5 Crore
1731,House,Sindh,Karachi,"DHA Defence, Karachi, Sindh",6,5,500 Sq. Yd.,For Sale,7/11/2023,PKR13.75 Crore
1732,House,Sindh,Karachi,"DHA Defence, Karachi, Sindh",6,5,680 Sq. Yd.,For Sale,7/11/2023,PKR14 Crore
1733,House,Sindh,Karachi,"DHA Defence, Karachi, Sindh",6,6,300 Sq. Yd.,For Sale,7/4/2023,PKR11.5 Crore
1734,House,Sindh,Karachi,"Cantt, Karachi, Sindh",5,5,375 Sq. Yd.,For Sale,7/4/2023,PKR6.7 Crore
1735,House,Sindh,Karachi,"Cantt, Karachi, Sindh",5,5,375 Sq. Yd.,For Sale,7/4/2023,PKR6.7 Crore
1736,House,Sindh,Karachi,"Cantt, Karachi, Sindh",5,5,375 Sq. Yd.,For Sale,7/4/2023,PKR6.65 Crore
1737,House,Sindh,Karachi,"Cantt, Karachi, Sindh",5,5,375 Sq. Yd.,For Sale,7/4/2023,PKR6.41 Crore
1738,House,Sindh,Karachi,"Cantt, Karachi, Sindh",5,5,375 Sq. Yd.,For Sale,7/4/2023,PKR6.44 Crore
1739,Flat,Sindh,Karachi,"Cantt, Karachi, Sindh",4,4,367 Sq. Yd.,For Sale,7/4/2023,PKR4.46 Crore
1740,Flat,Sindh,Karachi,"Cantt, Karachi, Sindh",4,4,367 Sq. Yd.,For Sale,7/4/2023,PKR4.52 Crore
1741,Flat,Sindh,Karachi,"Cantt, Karachi, Sindh",4,4,367 Sq. Yd.,For Sale,7/4/2023,PKR4.46 Crore
1742,Flat,Sindh,Karachi,"DHA Defence, Karachi, Sindh",2,2,108 Sq. Yd.,For Sale,7/18/2023,PKR1.3 Crore
1743,House,Sindh,Karachi,"DHA Defence, Karachi, Sindh",8,8,"1,000 Sq. Yd.",For Sale,7/18/2023,PKR22 Crore
1744,Flat,Sindh,Karachi,"Gulshan-e-Iqbal Town, Karachi, Sindh",3,3,167 Sq. Yd.,For Sale,7/18/2023,PKR1.2 Crore
1745,Flat,Sindh,Karachi,"Civil Lines, Karachi, Sindh",4,3,294 Sq. Yd.,For Sale,7/18/2023,PKR8.48 Crore
1746,Flat,Sindh,Karachi,"DHA Defence, Karachi, Sindh",2,2,255 Sq. Yd.,For Sale,7/18/2023,PKR4.75 Crore
1747,Flat,Sindh,Karachi,"DHA Defence, Karachi, Sindh",3,3,342 Sq. Yd.,For Sale,7/18/2023,PKR12 Crore
1748,Flat,Sindh,Karachi,"Gulistan-e-Jauhar, Karachi, Sindh",3,3,200 Sq. Yd.,For Sale,7/18/2023,PKR2.66 Crore
1749,Flat,Sindh,Karachi,"Gulistan-e-Jauhar, Karachi, Sindh",2,2,83 Sq. Yd.,For Sale,7/18/2023,PKR1.06 Crore
1750,Flat,Sindh,Karachi,"DHA Defence, Karachi, Sindh",3,2,182 Sq. Yd.,For Sale,7/11/2023,PKR5.25 Crore
1751,House,Sindh,Karachi,"Malir, Karachi, Sindh",5,5,500 Sq. Yd.,For Sale,7/18/2023,PKR8.6 Crore
1752,House,Sindh,Karachi,"Malir, Karachi, Sindh",5,5,500 Sq. Yd.,For Sale,7/18/2023,PKR9.3 Crore
1753,Flat,Sindh,Karachi,"Gulistan-e-Jauhar, Karachi, Sindh",2,2,83 Sq. Yd.,For Sale,7/18/2023,PKR1.06 Crore
1754,Flat,Sindh,Karachi,"DHA Defence, Karachi, Sindh",2,2,194 Sq. Yd.,For Sale,7/11/2023,PKR5.82 Crore
1755,Flat,Sindh,Karachi,"North Nazimabad, Karachi, Sindh",2,3,144 Sq. Yd.,For Sale,7/11/2023,PKR1.2 Crore
1756,Flat,Sindh,Karachi,"DHA Defence, Karachi, Sindh",3,3,200 Sq. Yd.,For Sale,6/29/2023,PKR3.5 Crore
1757,House,Sindh,Karachi,"DHA Defence, Karachi, Sindh",4,4,100 Sq. Yd.,For Sale,6/27/2023,PKR4.4 Crore
1758,House,Sindh,Karachi,"Cantt, Karachi, Sindh",5,5,375 Sq. Yd.,For Sale,7/11/2023,PKR7.3 Crore
1759,Flat,Sindh,Karachi,"Cantt, Karachi, Sindh",3,3,300 Sq. Yd.,For Sale,7/4/2023,PKR3.75 Crore
1760,House,Sindh,Karachi,"Cantt, Karachi, Sindh",5,5,375 Sq. Yd.,For Sale,7/4/2023,PKR6.9 Crore
1761,House,Sindh,Karachi,"Cantt, Karachi, Sindh",5,5,375 Sq. Yd.,For Sale,7/4/2023,PKR6.7 Crore
1762,House,Sindh,Karachi,"Cantt, Karachi, Sindh",5,5,375 Sq. Yd.,For Sale,7/4/2023,PKR6.45 Crore
1763,House,Sindh,Karachi,"Cantt, Karachi, Sindh",5,5,375 Sq. Yd.,For Sale,7/4/2023,PKR6.44 Crore
1764,House,Sindh,Karachi,"Cantt, Karachi, Sindh",5,5,375 Sq. Yd.,For Sale,7/4/2023,PKR6.65 Crore
1765,House,Sindh,Karachi,"Cantt, Karachi, Sindh",5,5,375 Sq. Yd.,For Sale,7/4/2023,PKR7 Crore
1766,House,Sindh,Karachi,"Cantt, Karachi, Sindh",5,5,375 Sq. Yd.,For Sale,7/4/2023,PKR6.7 Crore
1767,House,Sindh,Karachi,"DHA Defence, Karachi, Sindh",6,6,"1,000 Sq. Yd.",For Sale,7/18/2023,PKR24 Crore
1768,House,Sindh,Karachi,"Zamzama, Karachi, Sindh",5,5,350 Sq. Yd.,For Sale,7/18/2023,PKR21 Crore
1769,House,Sindh,Karachi,"DHA Defence, Karachi, Sindh",6,6,500 Sq. Yd.,For Sale,7/18/2023,PKR12.5 Crore
1770,House,Sindh,Karachi,"DHA Defence, Karachi, Sindh",5,5,550 Sq. Yd.,For Sale,7/18/2023,PKR9.5 Crore
1771,House,Sindh,Karachi,"DHA Defence, Karachi, Sindh",6,5,500 Sq. Yd.,For Sale,7/18/2023,PKR17 Crore
1772,House,Sindh,Karachi,"DHA Defence, Karachi, Sindh",6,6,500 Sq. Yd.,For Sale,7/2/2023,PKR16.75 Crore
1773,House,Sindh,Karachi,"DHA Defence, Karachi, Sindh",6,6,"1,000 Sq. Yd.",For Sale,7/2/2023,PKR16 Crore
1774,Flat,Sindh,Karachi,"DHA Defence, Karachi, Sindh",2,1,113 Sq. Yd.,For Sale,7/2/2023,PKR3.75 Crore
1775,House,Sindh,Karachi,"DHA Defence, Karachi, Sindh",6,5,500 Sq. Yd.,For Sale,7/2/2023,PKR9.4 Crore
1776,Flat,Sindh,Karachi,"KDA Scheme 1, Karachi, Sindh",4,4,272 Sq. Yd.,For Sale,7/2/2023,PKR6 Crore
1777,Flat,Sindh,Karachi,"Clifton, Karachi, Sindh",5,4,400 Sq. Yd.,For Sale,7/2/2023,PKR5.5 Crore
1778,Flat,Sindh,Karachi,"Clifton, Karachi, Sindh",5,4,500 Sq. Yd.,For Sale,7/2/2023,PKR7.75 Crore
1779,House,Sindh,Karachi,"DHA Defence, Karachi, Sindh",4,4,100 Sq. Yd.,For Sale,6/28/2023,PKR3.95 Crore
1780,House,Sindh,Karachi,"DHA Defence, Karachi, Sindh",6,5,500 Sq. Yd.,For Sale,6/28/2023,PKR10.5 Crore
1781,Flat,Sindh,Karachi,"DHA Defence, Karachi, Sindh",2,2,106 Sq. Yd.,For Sale,7/2/2023,PKR1.1 Crore
1782,House,Sindh,Karachi,"DHA Defence, Karachi, Sindh",6,5,500 Sq. Yd.,For Sale,6/28/2023,PKR18 Crore
1783,House,Sindh,Karachi,"Bahria Town Karachi, Karachi, Sindh",3,3,200 Sq. Yd.,For Sale,7/11/2023,PKR1.8 Crore
1784,Flat,Sindh,Karachi,"North Nazimabad, Karachi, Sindh",2,2,133 Sq. Yd.,For Sale,7/11/2023,PKR1.44 Crore
1785,House,Sindh,Karachi,"Bahria Town Karachi, Karachi, Sindh",4,4,350 Sq. Yd.,For Sale,7/11/2023,PKR1.85 Crore
1786,House,Sindh,Karachi,"Bahria Town Karachi, Karachi, Sindh",5,5,500 Sq. Yd.,For Sale,7/11/2023,PKR4 Crore
1787,Flat,Sindh,Karachi,"Bahria Town Karachi, Karachi, Sindh",4,4,317 Sq. Yd.,For Sale,7/11/2023,PKR1.9 Crore
1788,House,Sindh,Karachi,"Bahria Town Karachi, Karachi, Sindh",3,3,200 Sq. Yd.,For Sale,7/11/2023,PKR1.7 Crore
1789,Flat,Sindh,Karachi,"Bahria Town Karachi, Karachi, Sindh",2,2,106 Sq. Yd.,For Sale,7/11/2023,PKR55 Lakh
1790,Flat,Sindh,Karachi,"University Road, Karachi, Sindh",2,2,94 Sq. Yd.,For Sale,7/11/2023,PKR1.1 Crore
1791,Flat,Sindh,Karachi,"Gadap Town, Karachi, Sindh",3,3,194 Sq. Yd.,For Sale,7/11/2023,PKR1.3 Crore
1792,House,Sindh,Karachi,"DHA Defence, Karachi, Sindh",6,6,500 Sq. Yd.,For Sale,7/2/2023,PKR14 Crore
1793,House,Sindh,Karachi,"DHA Defence, Karachi, Sindh",6,6,500 Sq. Yd.,For Sale,7/2/2023,PKR14 Crore
1794,House,Sindh,Karachi,"Clifton, Karachi, Sindh",5,4,265 Sq. Yd.,For Sale,7/2/2023,PKR8 Crore
1795,House,Sindh,Karachi,"DHA Defence, Karachi, Sindh",4,3,100 Sq. Yd.,For Sale,7/2/2023,PKR4 Crore
1796,House,Sindh,Karachi,"DHA Defence, Karachi, Sindh",6,9,"1,000 Sq. Yd.",For Sale,7/2/2023,PKR24 Crore
1797,House,Sindh,Karachi,"DHA Defence, Karachi, Sindh",5,5,500 Sq. Yd.,For Sale,7/2/2023,PKR6.5 Crore
1798,House,Sindh,Karachi,"DHA Defence, Karachi, Sindh",5,5,500 Sq. Yd.,For Sale,7/2/2023,PKR14.5 Crore
1799,House,Sindh,Karachi,"DHA Defence, Karachi, Sindh",6,5,500 Sq. Yd.,For Sale,7/2/2023,PKR13 Crore
1800,House,Sindh,Karachi,"DHA Defence, Karachi, Sindh",5,5,300 Sq. Yd.,For Sale,7/2/2023,PKR7 Crore
1801,House,Sindh,Karachi,"DHA Defence, Karachi, Sindh",5,4,500 Sq. Yd.,For Sale,7/2/2023,PKR10.5 Crore
1802,Flat,Sindh,Karachi,"DHA Defence, Karachi, Sindh",4,3,306 Sq. Yd.,For Sale,7/2/2023,PKR10.75 Crore
1803,House,Sindh,Karachi,"DHA Defence, Karachi, Sindh",5,4,300 Sq. Yd.,For Sale,7/2/2023,PKR8.5 Crore
1804,House,Sindh,Karachi,"Karachi Motorway, Karachi, Sindh",3,3,120 Sq. Yd.,For Sale,7/11/2023,PKR1.05 Crore
1805,House,Sindh,Karachi,"Karachi Motorway, Karachi, Sindh",3,3,160 Sq. Yd.,For Sale,7/11/2023,PKR1.35 Crore
1806,House,Sindh,Karachi,"Karachi Motorway, Karachi, Sindh",3,3,160 Sq. Yd.,For Sale,7/11/2023,PKR1.25 Crore
1807,House,Sindh,Karachi,"Karachi Motorway, Karachi, Sindh",3,3,120 Sq. Yd.,For Sale,7/11/2023,PKR1.13 Crore
1808,Flat,Sindh,Karachi,"DHA Defence, Karachi, Sindh",3,3,189 Sq. Yd.,For Sale,7/11/2023,PKR3.3 Crore
1809,House,Sindh,Karachi,"Malir, Karachi, Sindh",4,4,120 Sq. Yd.,For Sale,7/11/2023,PKR2.1 Crore
1810,House,Sindh,Karachi,"Malir, Karachi, Sindh",4,4,145 Sq. Yd.,For Sale,7/11/2023,PKR1.3 Crore
1811,House,Sindh,Karachi,"Malir, Karachi, Sindh",4,4,150 Sq. Yd.,For Sale,7/11/2023,PKR1.5 Crore
1812,House,Sindh,Karachi,"Malir, Karachi, Sindh",6,6,200 Sq. Yd.,For Sale,7/11/2023,PKR2.75 Crore
1813,House,Sindh,Karachi,"Malir, Karachi, Sindh",4,4,120 Sq. Yd.,For Sale,7/11/2023,PKR1.9 Crore
1814,House,Sindh,Karachi,"Malir, Karachi, Sindh",4,4,120 Sq. Yd.,For Sale,7/11/2023,PKR2.1 Crore
1815,House,Sindh,Karachi,"Malir, Karachi, Sindh",4,4,145 Sq. Yd.,For Sale,7/11/2023,PKR1.3 Crore
1816,House,Sindh,Karachi,"Malir, Karachi, Sindh",4,4,150 Sq. Yd.,For Sale,7/11/2023,PKR1.5 Crore
1817,Flat,Sindh,Karachi,"DHA Defence, Karachi, Sindh",5,3,290 Sq. Yd.,For Sale,7/2/2023,PKR9 Crore
1818,House,Sindh,Karachi,"DHA Defence, Karachi, Sindh",6,6,500 Sq. Yd.,For Sale,7/2/2023,PKR16.5 Crore
1819,House,Sindh,Karachi,"DHA Defence, Karachi, Sindh",6,6,500 Sq. Yd.,For Sale,7/2/2023,PKR16.9 Crore
1820,House,Sindh,Karachi,"DHA Defence, Karachi, Sindh",6,5,600 Sq. Yd.,For Sale,7/2/2023,PKR17.5 Crore
1821,House,Sindh,Karachi,"DHA Defence, Karachi, Sindh",4,4,500 Sq. Yd.,For Sale,7/2/2023,PKR11 Crore
1822,House,Sindh,Karachi,"DHA Defence, Karachi, Sindh",6,7,"1,000 Sq. Yd.",For Sale,7/2/2023,PKR23 Crore
1823,House,Sindh,Karachi,"DHA Defence, Karachi, Sindh",6,6,500 Sq. Yd.,For Sale,7/2/2023,PKR14 Crore
1824,House,Sindh,Karachi,"DHA Defence, Karachi, Sindh",5,5,600 Sq. Yd.,For Sale,7/2/2023,PKR17.5 Crore
1825,Flat,Sindh,Karachi,"Clifton, Karachi, Sindh",3,3,200 Sq. Yd.,For Sale,7/2/2023,PKR2.8 Crore
1826,House,Sindh,Karachi,"DHA Defence, Karachi, Sindh",6,5,600 Sq. Yd.,For Sale,7/2/2023,PKR12.5 Crore
1827,House,Sindh,Karachi,"DHA Defence, Karachi, Sindh",4,3,100 Sq. Yd.,For Sale,7/2/2023,PKR4.75 Crore
1828,Flat,Sindh,Karachi,"DHA Defence, Karachi, Sindh",2,2,56 Sq. Yd.,For Sale,7/2/2023,PKR68 Lakh
1829,Flat,Sindh,Karachi,"Nazimabad, Karachi, Sindh",3,3,156 Sq. Yd.,For Sale,7/11/2023,PKR1.3 Crore
1830,Flat,Sindh,Karachi,"Frere Town, Karachi, Sindh",3,3,233 Sq. Yd.,For Sale,7/11/2023,PKR4.8 Crore
1831,Flat,Sindh,Karachi,"Clifton, Karachi, Sindh",3,3,222 Sq. Yd.,For Sale,7/11/2023,PKR6 Crore
1832,Flat,Sindh,Karachi,"Frere Town, Karachi, Sindh",4,4,244 Sq. Yd.,For Sale,7/11/2023,PKR4 Crore
1833,Flat,Sindh,Karachi,"Frere Town, Karachi, Sindh",3,3,233 Sq. Yd.,For Sale,7/11/2023,PKR4.25 Crore
1834,House,Sindh,Karachi,"Malir, Karachi, Sindh",6,6,200 Sq. Yd.,For Sale,7/11/2023,PKR2.75 Crore
1835,House,Sindh,Karachi,"Malir, Karachi, Sindh",6,6,400 Sq. Yd.,For Sale,7/11/2023,PKR6 Crore
1836,House,Sindh,Karachi,"Malir, Karachi, Sindh",6,6,200 Sq. Yd.,For Sale,7/11/2023,PKR2.5 Crore
1837,House,Sindh,Karachi,"Malir, Karachi, Sindh",4,4,120 Sq. Yd.,For Sale,7/11/2023,PKR1.9 Crore
1838,House,Sindh,Karachi,"Malir, Karachi, Sindh",3,3,200 Sq. Yd.,For Sale,7/11/2023,PKR3 Crore
1839,House,Sindh,Karachi,"Malir, Karachi, Sindh",4,4,120 Sq. Yd.,For Sale,7/11/2023,PKR2.1 Crore
1840,House,Sindh,Karachi,"Malir, Karachi, Sindh",4,4,145 Sq. Yd.,For Sale,7/11/2023,PKR1.3 Crore
1841,House,Sindh,Karachi,"Malir, Karachi, Sindh",4,4,150 Sq. Yd.,For Sale,7/11/2023,PKR1.5 Crore
1842,House,Sindh,Karachi,"DHA Defence, Karachi, Sindh",6,5,500 Sq. Yd.,For Sale,7/2/2023,PKR13.5 Crore
1843,House,Sindh,Karachi,"DHA Defence, Karachi, Sindh",6,5,387 Sq. Yd.,For Sale,7/2/2023,PKR14.3 Crore
1844,House,Sindh,Karachi,"DHA Defence, Karachi, Sindh",6,6,"1,000 Sq. Yd.",For Sale,7/2/2023,PKR36 Crore
1845,House,Sindh,Karachi,"DHA Defence, Karachi, Sindh",6,5,300 Sq. Yd.,For Sale,7/2/2023,PKR11.4 Crore
1846,House,Sindh,Karachi,"Clifton, Karachi, Sindh",6,5,250 Sq. Yd.,For Sale,7/2/2023,PKR8 Crore
1847,Flat,Sindh,Karachi,"Bahria Town Karachi, Karachi, Sindh",3,2,106 Sq. Yd.,For Sale,7/4/2023,PKR83 Lakh
1848,House,Sindh,Karachi,"DHA Defence, Karachi, Sindh",4,4,300 Sq. Yd.,For Sale,7/18/2023,PKR7.35 Crore
1849,House,Sindh,Karachi,"Bahria Town Karachi, Karachi, Sindh",3,3,79 Sq. Yd.,For Sale,7/18/2023,PKR71.23 Lakh
1850,House,Sindh,Karachi,"DHA Defence, Karachi, Sindh",5,5,500 Sq. Yd.,For Sale,7/18/2023,PKR13 Crore
1851,Flat,Sindh,Karachi,"Bahria Town Karachi, Karachi, Sindh",2,2,35 Sq. Yd.,For Sale,7/18/2023,PKR27.84 Lakh
1852,House,Sindh,Karachi,"DHA Defence, Karachi, Sindh",4,4,350 Sq. Yd.,For Sale,7/18/2023,PKR6.5 Crore
1853,Flat,Sindh,Karachi,"DHA Defence, Karachi, Sindh",4,2,205 Sq. Yd.,For Sale,7/18/2023,PKR9.95 Crore
1854,Flat,Sindh,Karachi,"Frere Town, Karachi, Sindh",3,3,200 Sq. Yd.,For Sale,7/11/2023,PKR3.7 Crore
1855,Flat,Sindh,Karachi,"Frere Town, Karachi, Sindh",3,3,222 Sq. Yd.,For Sale,7/11/2023,PKR3.7 Crore
1856,Flat,Sindh,Karachi,"Frere Town, Karachi, Sindh",4,4,267 Sq. Yd.,For Sale,7/11/2023,PKR7.25 Crore
1857,Flat,Sindh,Karachi,"Frere Town, Karachi, Sindh",3,3,222 Sq. Yd.,For Sale,7/11/2023,PKR4.5 Crore
1858,Flat,Sindh,Karachi,"Bath Island, Karachi, Sindh",4,4,267 Sq. Yd.,For Sale,7/11/2023,PKR8.5 Crore
1859,House,Sindh,Karachi,"Malir, Karachi, Sindh",6,6,200 Sq. Yd.,For Sale,7/11/2023,PKR2.75 Crore
1860,House,Sindh,Karachi,"Malir, Karachi, Sindh",6,6,400 Sq. Yd.,For Sale,7/11/2023,PKR6 Crore
1861,House,Sindh,Karachi,"Malir, Karachi, Sindh",6,6,200 Sq. Yd.,For Sale,7/11/2023,PKR2.5 Crore
1862,House,Sindh,Karachi,"Malir, Karachi, Sindh",3,3,200 Sq. Yd.,For Sale,7/11/2023,PKR3 Crore
1863,House,Sindh,Karachi,"Malir, Karachi, Sindh",3,3,200 Sq. Yd.,For Sale,7/11/2023,PKR3 Crore
1864,House,Sindh,Karachi,"Malir, Karachi, Sindh",4,4,120 Sq. Yd.,For Sale,7/11/2023,PKR1.9 Crore
1865,House,Sindh,Karachi,"Malir, Karachi, Sindh",4,4,145 Sq. Yd.,For Sale,7/11/2023,PKR1.3 Crore
1866,House,Sindh,Karachi,"Malir, Karachi, Sindh",4,4,150 Sq. Yd.,For Sale,7/11/2023,PKR1.5 Crore
1867,Flat,Sindh,Karachi,"DHA Defence, Karachi, Sindh",4,3,272 Sq. Yd.,For Sale,6/29/2023,PKR6.45 Crore
1868,Flat,Sindh,Karachi,"Navy Housing Scheme Karsaz, Karachi, Sindh",6,5,467 Sq. Yd.,For Sale,7/18/2023,PKR8.2 Crore
1869,House,Sindh,Karachi,"Navy Housing Scheme Karsaz, Karachi, Sindh",6,5,350 Sq. Yd.,For Sale,7/18/2023,PKR11 Crore
1870,Flat,Sindh,Karachi,"Cantt, Karachi, Sindh",3,3,161 Sq. Yd.,For Sale,6/29/2023,PKR2 Crore
1871,Flat,Sindh,Karachi,"Malir, Karachi, Sindh",3,3,161 Sq. Yd.,For Sale,6/29/2023,PKR1.45 Crore
1872,Flat,Sindh,Karachi,"Scheme 33, Karachi, Sindh",1,-,50 Sq. Yd.,For Sale,6/29/2023,PKR62 Lakh
1873,Flat,Sindh,Karachi,"Gulistan-e-Jauhar, Karachi, Sindh",2,2,128 Sq. Yd.,For Sale,6/29/2023,PKR1.55 Crore
1874,Flat,Sindh,Karachi,"Bahria Town Karachi, Karachi, Sindh",3,2,128 Sq. Yd.,For Sale,7/1/2023,PKR85 Lakh
1875,Flat,Sindh,Karachi,"DHA Defence, Karachi, Sindh",2,2,100 Sq. Yd.,For Sale,7/18/2023,PKR95 Lakh
1876,Flat,Sindh,Karachi,"DHA Defence, Karachi, Sindh",3,3,189 Sq. Yd.,For Sale,7/18/2023,PKR3.5 Crore
1877,House,Sindh,Karachi,"Bahria Town Karachi, Karachi, Sindh",5,5,272 Sq. Yd.,For Sale,7/18/2023,PKR3.7 Crore
1878,House,Sindh,Karachi,"Bahria Town Karachi, Karachi, Sindh",3,3,125 Sq. Yd.,For Sale,6/29/2023,PKR1.6 Crore
1879,Flat,Sindh,Karachi,"Bath Island, Karachi, Sindh",4,4,267 Sq. Yd.,For Sale,7/11/2023,PKR8.25 Crore
1880,Flat,Sindh,Karachi,"Bath Island, Karachi, Sindh",4,4,289 Sq. Yd.,For Sale,7/11/2023,PKR7.5 Crore
1881,Flat,Sindh,Karachi,"Clifton, Karachi, Sindh",3,3,200 Sq. Yd.,For Sale,7/11/2023,PKR6 Crore
1882,Flat,Sindh,Karachi,"Clifton, Karachi, Sindh",3,3,222 Sq. Yd.,For Sale,7/11/2023,PKR5.5 Crore
1883,Flat,Sindh,Karachi,"Bath Island, Karachi, Sindh",4,4,333 Sq. Yd.,For Sale,7/11/2023,PKR6.5 Crore
1884,House,Sindh,Karachi,"Malir, Karachi, Sindh",6,6,200 Sq. Yd.,For Sale,7/11/2023,PKR2.75 Crore
1885,House,Sindh,Karachi,"Malir, Karachi, Sindh",6,6,400 Sq. Yd.,For Sale,7/11/2023,PKR6 Crore
1886,House,Sindh,Karachi,"Malir, Karachi, Sindh",6,6,200 Sq. Yd.,For Sale,7/11/2023,PKR2.5 Crore
1887,House,Sindh,Karachi,"Gadap Town, Karachi, Sindh",5,4,120 Sq. Yd.,For Sale,7/11/2023,PKR1.85 Crore
1888,House,Sindh,Karachi,"Gadap Town, Karachi, Sindh",5,4,120 Sq. Yd.,For Sale,7/11/2023,PKR1.9 Crore
1889,House,Sindh,Karachi,"Federal B Area, Karachi, Sindh",4,4,120 Sq. Yd.,For Sale,7/4/2023,PKR2.6 Crore
1890,House,Sindh,Karachi,"Bahria Town Karachi, Karachi, Sindh",3,3,152 Sq. Yd.,For Sale,7/11/2023,PKR1.65 Crore
1891,House,Sindh,Karachi,"Naya Nazimabad, Karachi, Sindh",4,4,120 Sq. Yd.,For Sale,7/11/2023,PKR2.9 Crore
1892,House,Sindh,Karachi,"Bahria Town Karachi, Karachi, Sindh",6,6,500 Sq. Yd.,For Sale,7/18/2023,PKR6.25 Crore
1893,Flat,Sindh,Karachi,"DHA Defence, Karachi, Sindh",1,1,153 Sq. Yd.,For Sale,7/18/2023,PKR5.2 Crore
1894,House,Sindh,Karachi,"Bahria Town Karachi, Karachi, Sindh",4,4,235 Sq. Yd.,For Sale,7/18/2023,PKR1.5 Crore
1895,House,Sindh,Karachi,"Bahria Town Karachi, Karachi, Sindh",5,4,350 Sq. Yd.,For Sale,7/18/2023,PKR2.1 Crore
1896,Flat,Sindh,Karachi,"Bahria Town Karachi, Karachi, Sindh",2,2,122 Sq. Yd.,For Sale,7/18/2023,PKR90 Lakh
1897,Flat,Sindh,Karachi,"Bahria Town Karachi, Karachi, Sindh",3,2,122 Sq. Yd.,For Sale,7/18/2023,PKR72 Lakh
1898,House,Sindh,Karachi,"Bahria Town Karachi, Karachi, Sindh",4,4,350 Sq. Yd.,For Sale,7/18/2023,PKR2.1 Crore
1899,House,Sindh,Karachi,"DHA Defence, Karachi, Sindh",4,4,100 Sq. Yd.,For Sale,7/18/2023,PKR4.8 Crore
1900,House,Sindh,Karachi,"Bahria Town Karachi, Karachi, Sindh",4,4,350 Sq. Yd.,For Sale,7/1/2023,PKR1.96 Crore
1901,Flat,Sindh,Karachi,"Bahria Town Karachi, Karachi, Sindh",2,2,106 Sq. Yd.,For Sale,7/1/2023,PKR70 Lakh
1902,House,Sindh,Karachi,"Cantt, Karachi, Sindh",5,5,375 Sq. Yd.,For Sale,7/4/2023,PKR7.35 Crore
1903,House,Sindh,Karachi,"Cantt, Karachi, Sindh",5,5,500 Sq. Yd.,For Sale,7/18/2023,PKR7.7 Crore
1904,Flat,Sindh,Karachi,"Clifton, Karachi, Sindh",3,3,200 Sq. Yd.,For Sale,7/11/2023,PKR4.25 Crore
1905,Flat,Sindh,Karachi,"Civil Lines, Karachi, Sindh",3,3,178 Sq. Yd.,For Sale,7/11/2023,PKR3.3 Crore
1906,Flat,Sindh,Karachi,"Clifton, Karachi, Sindh",3,3,222 Sq. Yd.,For Sale,7/11/2023,PKR4.25 Crore
1907,House,Sindh,Karachi,"Gadap Town, Karachi, Sindh",6,6,400 Sq. Yd.,For Sale,7/11/2023,PKR5.5 Crore
1908,Upper Portion,Sindh,Karachi,"Gulshan-e-Iqbal Town, Karachi, Sindh",3,3,240 Sq. Yd.,For Sale,7/11/2023,PKR2.8 Crore
1909,Flat,Sindh,Karachi,"Gulistan-e-Jauhar, Karachi, Sindh",2,2,117 Sq. Yd.,For Sale,7/4/2023,PKR1.25 Crore
1910,Flat,Sindh,Karachi,"Rashid Minhas Road, Karachi, Sindh",4,3,189 Sq. Yd.,For Sale,6/28/2023,PKR2.4 Crore
1911,Flat,Sindh,Karachi,"North Karachi, Karachi, Sindh",2,4,118 Sq. Yd.,For Sale,7/11/2023,PKR90 Lakh
1912,House,Sindh,Karachi,"Bahria Town Karachi, Karachi, Sindh",3,3,152 Sq. Yd.,For Sale,7/11/2023,PKR1.65 Crore
1913,Flat,Sindh,Karachi,"Jamshed Town, Karachi, Sindh",3,3,200 Sq. Yd.,For Sale,6/29/2023,PKR1.9 Crore
1914,Flat,Sindh,Karachi,"Scheme 33, Karachi, Sindh",4,3,156 Sq. Yd.,For Sale,7/1/2023,PKR1.55 Crore
1915,Flat,Sindh,Karachi,"Bahria Town Karachi, Karachi, Sindh",2,2,89 Sq. Yd.,For Sale,7/11/2023,PKR80 Lakh
1916,Flat,Sindh,Karachi,"Cantt, Karachi, Sindh",3,3,286 Sq. Yd.,For Sale,7/18/2023,PKR4.1 Crore
1917,Flat,Sindh,Karachi,"Cantt, Karachi, Sindh",3,3,289 Sq. Yd.,For Sale,7/18/2023,PKR4 Crore
1918,House,Sindh,Karachi,"Cantt, Karachi, Sindh",5,5,375 Sq. Yd.,For Sale,7/18/2023,PKR7.15 Crore
1919,Flat,Sindh,Karachi,"Jinnah Avenue, Karachi, Sindh",3,3,200 Sq. Yd.,For Sale,7/18/2023,PKR1.5 Crore
1920,House,Sindh,Karachi,"Bahria Town Karachi, Karachi, Sindh",3,3,200 Sq. Yd.,For Sale,7/18/2023,PKR1.8 Crore
1921,Flat,Sindh,Karachi,"Cantt, Karachi, Sindh",4,4,367 Sq. Yd.,For Sale,7/18/2023,PKR5 Crore
1922,Flat,Sindh,Karachi,"Cantt, Karachi, Sindh",3,3,285 Sq. Yd.,For Sale,7/18/2023,PKR3.65 Crore
1923,House,Sindh,Karachi,"Cantt, Karachi, Sindh",5,5,375 Sq. Yd.,For Sale,7/18/2023,PKR7.25 Crore
1924,House,Sindh,Karachi,"Cantt, Karachi, Sindh",6,5,427 Sq. Yd.,For Sale,7/18/2023,PKR8.65 Crore
1925,Flat,Sindh,Karachi,"Cantt, Karachi, Sindh",4,4,330 Sq. Yd.,For Sale,7/18/2023,PKR4.3 Crore
1926,Flat,Sindh,Karachi,"Cantt, Karachi, Sindh",3,3,285 Sq. Yd.,For Sale,7/18/2023,PKR3.8 Crore
1927,House,Sindh,Karachi,"Cantt, Karachi, Sindh",6,5,500 Sq. Yd.,For Sale,7/18/2023,PKR8.65 Crore
1928,House,Sindh,Karachi,"Gadap Town, Karachi, Sindh",-,-,600 Sq. Yd.,For Sale,7/4/2023,PKR4.75 Crore
1929,House,Sindh,Karachi,"Gadap Town, Karachi, Sindh",5,4,120 Sq. Yd.,For Sale,7/4/2023,PKR1.85 Crore
1930,Flat,Sindh,Karachi,"Gulshan-e-Iqbal Town, Karachi, Sindh",2,2,106 Sq. Yd.,For Sale,7/3/2023,PKR75 Lakh
1931,Flat,Sindh,Karachi,"Gulshan-e-Iqbal Town, Karachi, Sindh",2,2,106 Sq. Yd.,For Sale,7/3/2023,PKR87 Lakh
1932,Flat,Sindh,Karachi,"Gulshan-e-Iqbal Town, Karachi, Sindh",3,3,172 Sq. Yd.,For Sale,7/3/2023,PKR1.5 Crore
1933,Flat,Sindh,Karachi,"Bahria Town Karachi, Karachi, Sindh",2,2,89 Sq. Yd.,For Sale,7/11/2023,PKR80 Lakh
1934,Flat,Sindh,Karachi,"Bahria Town Karachi, Karachi, Sindh",1,1,43 Sq. Yd.,For Sale,7/11/2023,PKR38.8 Lakh
1935,Flat,Sindh,Karachi,"Bahria Town Karachi, Karachi, Sindh",1,1,43 Sq. Yd.,For Sale,7/11/2023,PKR38.8 Lakh
1936,Flat,Sindh,Karachi,"Bahria Town Karachi, Karachi, Sindh",2,2,106 Sq. Yd.,For Sale,7/11/2023,PKR82 Lakh
1937,Upper Portion,Sindh,Karachi,"Nazimabad, Karachi, Sindh",3,3,216 Sq. Yd.,For Sale,7/11/2023,PKR1.7 Crore
1938,Flat,Sindh,Karachi,"Bahria Town Karachi, Karachi, Sindh",2,2,128 Sq. Yd.,For Sale,7/11/2023,PKR70 Lakh
1939,Flat,Sindh,Karachi,"Bahria Town Karachi, Karachi, Sindh",2,2,106 Sq. Yd.,For Sale,7/11/2023,PKR70 Lakh
1940,Flat,Sindh,Karachi,"DHA Defence, Karachi, Sindh",3,3,267 Sq. Yd.,For Sale,7/1/2023,PKR2.5 Crore
1941,Flat,Sindh,Karachi,"Cantt, Karachi, Sindh",3,3,285 Sq. Yd.,For Sale,7/18/2023,PKR3.75 Crore
1942,Flat,Sindh,Karachi,"Cantt, Karachi, Sindh",3,3,285 Sq. Yd.,For Sale,7/18/2023,PKR4 Crore
1943,Flat,Sindh,Karachi,"Cantt, Karachi, Sindh",3,3,249 Sq. Yd.,For Sale,7/18/2023,PKR3.5 Crore
1944,Flat,Sindh,Karachi,"Cantt, Karachi, Sindh",4,3,289 Sq. Yd.,For Sale,7/18/2023,PKR3.85 Crore
1945,Flat,Sindh,Karachi,"Cantt, Karachi, Sindh",4,3,289 Sq. Yd.,For Sale,7/18/2023,PKR3.85 Crore
1946,Flat,Sindh,Karachi,"Cantt, Karachi, Sindh",3,3,289 Sq. Yd.,For Sale,7/18/2023,PKR3.85 Crore
1947,Flat,Sindh,Karachi,"Cantt, Karachi, Sindh",3,3,285 Sq. Yd.,For Sale,7/18/2023,PKR4.05 Crore
1948,Flat,Sindh,Karachi,"Cantt, Karachi, Sindh",4,4,333 Sq. Yd.,For Sale,7/18/2023,PKR4.4 Crore
1949,Flat,Sindh,Karachi,"Cantt, Karachi, Sindh",4,4,333 Sq. Yd.,For Sale,7/18/2023,PKR4.25 Crore
1950,Flat,Sindh,Karachi,"Cantt, Karachi, Sindh",4,3,289 Sq. Yd.,For Sale,7/18/2023,PKR3.85 Crore
1951,Flat,Sindh,Karachi,"Cantt, Karachi, Sindh",4,3,289 Sq. Yd.,For Sale,7/18/2023,PKR3.85 Crore
1952,Flat,Sindh,Karachi,"Cantt, Karachi, Sindh",4,3,289 Sq. Yd.,For Sale,7/18/2023,PKR3.85 Crore
1953,House,Sindh,Karachi,"Saima Luxury Homes, Karachi, Sindh",3,3,160 Sq. Yd.,For Sale,6/27/2023,PKR2.3 Crore
1954,House,Sindh,Karachi,"Gulistan-e-Jauhar, Karachi, Sindh",6,6,400 Sq. Yd.,For Sale,7/11/2023,PKR7.5 Crore
1955,Flat,Sindh,Karachi,"Bahria Town Karachi, Karachi, Sindh",1,1,64 Sq. Yd.,For Sale,7/11/2023,PKR71.5 Lakh
1956,Flat,Sindh,Karachi,"Gulshan-e-Iqbal Town, Karachi, Sindh",2,2,100 Sq. Yd.,For Sale,7/11/2023,PKR70 Lakh
1957,Flat,Sindh,Karachi,"North Nazimabad, Karachi, Sindh",2,2,106 Sq. Yd.,For Sale,7/11/2023,PKR1.25 Crore
1958,House,Sindh,Karachi,"DHA Defence, Karachi, Sindh",3,2,183 Sq. Yd.,For Sale,7/11/2023,PKR6.25 Crore
1959,House,Sindh,Karachi,"Bahria Town Karachi, Karachi, Sindh",3,3,152 Sq. Yd.,For Sale,7/11/2023,PKR1.6 Crore
1960,House,Sindh,Karachi,"Bahria Town Karachi, Karachi, Sindh",3,3,152 Sq. Yd.,For Sale,7/11/2023,PKR1.33 Crore
1961,House,Sindh,Karachi,"Bahria Town Karachi, Karachi, Sindh",3,3,200 Sq. Yd.,For Sale,7/11/2023,PKR1.8 Crore
1962,Flat,Sindh,Karachi,"Korangi, Karachi, Sindh",2,2,50 Sq. Yd.,For Sale,7/11/2023,PKR22 Lakh
1963,Flat,Sindh,Karachi,"Cantt, Karachi, Sindh",4,3,289 Sq. Yd.,For Sale,7/18/2023,PKR3.85 Crore
1964,Flat,Sindh,Karachi,"Cantt, Karachi, Sindh",4,3,289 Sq. Yd.,For Sale,7/18/2023,PKR3.85 Crore
1965,Flat,Sindh,Karachi,"Cantt, Karachi, Sindh",5,4,333 Sq. Yd.,For Sale,7/18/2023,PKR4.5 Crore
1966,Flat,Sindh,Karachi,"Cantt, Karachi, Sindh",5,4,333 Sq. Yd.,For Sale,7/18/2023,PKR4.85 Crore
1967,Flat,Sindh,Karachi,"Cantt, Karachi, Sindh",5,4,333 Sq. Yd.,For Sale,7/18/2023,PKR4.85 Crore
1968,Flat,Sindh,Karachi,"Cantt, Karachi, Sindh",5,4,333 Sq. Yd.,For Sale,7/18/2023,PKR4.85 Crore
1969,Flat,Sindh,Karachi,"Cantt, Karachi, Sindh",5,4,333 Sq. Yd.,For Sale,7/18/2023,PKR4.85 Crore
1970,Flat,Sindh,Karachi,"Cantt, Karachi, Sindh",3,3,267 Sq. Yd.,For Sale,7/18/2023,PKR3.8 Crore
1971,House,Sindh,Karachi,"Cantt, Karachi, Sindh",3,3,311 Sq. Yd.,For Sale,7/18/2023,PKR5.85 Crore
1972,Flat,Sindh,Karachi,"Cantt, Karachi, Sindh",3,3,298 Sq. Yd.,For Sale,7/18/2023,PKR3.8 Crore
1973,House,Sindh,Karachi,"Malir, Karachi, Sindh",6,5,500 Sq. Yd.,For Sale,7/18/2023,PKR9.5 Crore
1974,Flat,Sindh,Karachi,"Navy Housing Scheme Karsaz, Karachi, Sindh",6,5,467 Sq. Yd.,For Sale,7/18/2023,PKR8.2 Crore
1975,House,Sindh,Karachi,"Gulistan-e-Jauhar, Karachi, Sindh",6,8,400 Sq. Yd.,For Sale,7/11/2023,PKR7 Crore
1976,Flat,Sindh,Karachi,"Lyari Town, Karachi, Sindh",3,3,67 Sq. Yd.,For Sale,6/29/2023,PKR55 Lakh
1977,House,Sindh,Karachi,"Cantt, Karachi, Sindh",5,5,375 Sq. Yd.,For Sale,7/11/2023,PKR7.4 Crore
1978,House,Sindh,Karachi,"DHA Defence, Karachi, Sindh",6,5,300 Sq. Yd.,For Sale,7/11/2023,PKR10.25 Crore
1979,House,Sindh,Karachi,"Malir, Karachi, Sindh",3,4,160 Sq. Yd.,For Sale,7/11/2023,PKR3.1 Crore
1980,House,Sindh,Karachi,"Bahria Town Karachi, Karachi, Sindh",3,3,125 Sq. Yd.,For Sale,7/11/2023,PKR1.38 Crore
1981,Flat,Sindh,Karachi,"DHA Defence, Karachi, Sindh",5,4,289 Sq. Yd.,For Sale,7/1/2023,PKR7 Crore
1982,House,Sindh,Karachi,"Bahria Town Karachi, Karachi, Sindh",5,5,500 Sq. Yd.,For Sale,7/11/2023,PKR4 Crore
1983,House,Sindh,Karachi,"Bahria Town Karachi, Karachi, Sindh",4,4,350 Sq. Yd.,For Sale,7/11/2023,PKR2 Crore
1984,House,Sindh,Karachi,"Bahria Town Karachi, Karachi, Sindh",3,3,125 Sq. Yd.,For Sale,7/11/2023,PKR1.4 Crore
1985,Flat,Sindh,Karachi,"Gadap Town, Karachi, Sindh",2,2,67 Sq. Yd.,For Sale,7/11/2023,PKR55 Lakh
1986,Flat,Sindh,Karachi,"Gadap Town, Karachi, Sindh",2,2,67 Sq. Yd.,For Sale,7/11/2023,PKR55 Lakh
1987,House,Sindh,Karachi,"Navy Housing Scheme Karsaz, Karachi, Sindh",6,5,350 Sq. Yd.,For Sale,7/18/2023,PKR11 Crore
1988,House,Sindh,Karachi,"Navy Housing Scheme Karsaz, Karachi, Sindh",6,5,350 Sq. Yd.,For Sale,7/18/2023,PKR11 Crore
1989,House,Sindh,Karachi,"Navy Housing Scheme Karsaz, Karachi, Sindh",6,5,350 Sq. Yd.,For Sale,7/18/2023,PKR11 Crore
1990,House,Sindh,Karachi,"Navy Housing Scheme Karsaz, Karachi, Sindh",6,5,350 Sq. Yd.,For Sale,7/18/2023,PKR11 Crore
1991,House,Sindh,Karachi,"Bahria Town Karachi, Karachi, Sindh",4,4,125 Sq. Yd.,For Sale,6/29/2023,PKR1.55 Crore
1992,House,Sindh,Karachi,"Bahria Town Karachi, Karachi, Sindh",5,4,125 Sq. Yd.,For Sale,7/1/2023,PKR1.55 Crore
1993,House,Sindh,Karachi,"Bahria Town Karachi, Karachi, Sindh",4,4,125 Sq. Yd.,For Sale,7/1/2023,PKR1.45 Crore
1994,House,Sindh,Karachi,"Bahria Town Karachi, Karachi, Sindh",4,3,125 Sq. Yd.,For Sale,7/1/2023,PKR1.55 Crore
1995,House,Sindh,Karachi,"Bahria Town Karachi, Karachi, Sindh",4,4,125 Sq. Yd.,For Sale,7/1/2023,PKR1.42 Crore
1996,House,Sindh,Karachi,"Bahria Town Karachi, Karachi, Sindh",5,4,125 Sq. Yd.,For Sale,7/1/2023,PKR1.48 Crore
1997,House,Sindh,Karachi,"Bahria Town Karachi, Karachi, Sindh",4,3,125 Sq. Yd.,For Sale,7/1/2023,PKR1.55 Crore
1998,House,Sindh,Karachi,"Bahria Town Karachi, Karachi, Sindh",4,4,125 Sq. Yd.,For Sale,7/1/2023,PKR1.56 Crore
1999,House,Sindh,Karachi,"Gulistan-e-Jauhar, Karachi, Sindh",7,6,240 Sq. Yd.,For Sale,7/4/2023,PKR5.5 Crore
2000,Flat,Sindh,Karachi,"Frere Town, Karachi, Sindh",3,3,211 Sq. Yd.,For Sale,7/11/2023,PKR5 Crore
2001,Upper Portion,Sindh,Karachi,"Gulshan-e-Iqbal Town, Karachi, Sindh",6,5,400 Sq. Yd.,For Sale,7/11/2023,PKR3.5 Crore
2002,House,Sindh,Karachi,"Gulshan-e-Iqbal Town, Karachi, Sindh",6,6,240 Sq. Yd.,For Sale,7/3/2023,PKR7.7 Crore
2003,Upper Portion,Sindh,Karachi,"North Nazimabad, Karachi, Sindh",3,3,160 Sq. Yd.,For Sale,7/11/2023,PKR1.4 Crore
2004,House,Sindh,Karachi,"Bahria Town Karachi, Karachi, Sindh",3,3,200 Sq. Yd.,For Sale,7/11/2023,PKR1.7 Crore
2005,House,Sindh,Karachi,"Bahria Town Karachi, Karachi, Sindh",3,3,200 Sq. Yd.,For Sale,7/11/2023,PKR2.3 Crore
2006,Flat,Sindh,Karachi,"Gadap Town, Karachi, Sindh",2,2,67 Sq. Yd.,For Sale,7/11/2023,PKR55 Lakh
2007,Flat,Sindh,Karachi,"Gadap Town, Karachi, Sindh",2,2,67 Sq. Yd.,For Sale,7/11/2023,PKR55 Lakh
2008,Flat,Sindh,Karachi,"Gadap Town, Karachi, Sindh",2,2,67 Sq. Yd.,For Sale,7/11/2023,PKR55 Lakh
2009,Flat,Sindh,Karachi,"DHA Defence, Karachi, Sindh",1,1,119 Sq. Yd.,For Sale,7/11/2023,PKR3.5 Crore
2010,Flat,Sindh,Karachi,"DHA Defence, Karachi, Sindh",4,2,182 Sq. Yd.,For Sale,7/11/2023,PKR6.25 Crore
2011,House,Sindh,Karachi,"DHA Defence, Karachi, Sindh",6,6,500 Sq. Yd.,For Sale,7/4/2023,PKR11.2 Crore
2012,House,Sindh,Karachi,"Bahria Town Karachi, Karachi, Sindh",4,3,125 Sq. Yd.,For Sale,7/1/2023,PKR1.59 Crore
2013,House,Sindh,Karachi,"Bahria Town Karachi, Karachi, Sindh",4,3,125 Sq. Yd.,For Sale,7/1/2023,PKR1.55 Crore
2014,House,Sindh,Karachi,"Bahria Town Karachi, Karachi, Sindh",5,4,125 Sq. Yd.,For Sale,7/1/2023,PKR1.8 Crore
2015,House,Sindh,Karachi,"Bahria Town Karachi, Karachi, Sindh",4,4,125 Sq. Yd.,For Sale,7/1/2023,PKR1.48 Crore
2016,House,Sindh,Karachi,"Bahria Town Karachi, Karachi, Sindh",6,5,500 Sq. Yd.,For Sale,7/18/2023,PKR4.6 Crore
2017,Flat,Sindh,Karachi,"DHA Defence, Karachi, Sindh",3,2,182 Sq. Yd.,For Sale,7/4/2023,PKR5.5 Crore
2018,Flat,Sindh,Karachi,"DHA Defence, Karachi, Sindh",5,4,391 Sq. Yd.,For Sale,7/4/2023,PKR12 Crore
2019,Flat,Sindh,Karachi,"DHA Defence, Karachi, Sindh",4,3,311 Sq. Yd.,For Sale,7/4/2023,PKR10 Crore
2020,Flat,Sindh,Karachi,"DHA Defence, Karachi, Sindh",2,1,153 Sq. Yd.,For Sale,7/4/2023,PKR4.5 Crore
2021,Flat,Sindh,Karachi,"DHA Defence, Karachi, Sindh",3,2,251 Sq. Yd.,For Sale,7/18/2023,PKR5.6 Crore
2022,Flat,Sindh,Karachi,"DHA Defence, Karachi, Sindh",2,1,130 Sq. Yd.,For Sale,7/4/2023,PKR3.9 Crore
2023,House,Sindh,Karachi,"Malir, Karachi, Sindh",4,4,120 Sq. Yd.,For Sale,7/18/2023,PKR2.6 Crore
2024,House,Sindh,Karachi,"Federal B Area, Karachi, Sindh",6,6,200 Sq. Yd.,For Sale,7/11/2023,PKR4.5 Crore
2025,Upper Portion,Sindh,Karachi,"Federal B Area, Karachi, Sindh",2,3,120 Sq. Yd.,For Sale,7/11/2023,PKR1.3 Crore
2026,House,Sindh,Karachi,"Federal B Area, Karachi, Sindh",6,3,120 Sq. Yd.,For Sale,7/11/2023,PKR3.1 Crore
2027,Flat,Sindh,Karachi,"Shah Faisal Town, Karachi, Sindh",2,2,80 Sq. Yd.,For Sale,7/4/2023,PKR45 Lakh
2028,House,Sindh,Karachi,"Gadap Town, Karachi, Sindh",5,4,120 Sq. Yd.,For Sale,7/11/2023,PKR2 Crore
2029,Flat,Sindh,Karachi,"Clifton, Karachi, Sindh",4,4,222 Sq. Yd.,For Sale,7/4/2023,PKR4 Crore
2030,Flat,Sindh,Karachi,"Gulshan-e-Iqbal Town, Karachi, Sindh",3,3,150 Sq. Yd.,For Sale,7/11/2023,PKR1.25 Crore
2031,Flat,Sindh,Karachi,"Clifton, Karachi, Sindh",5,4,367 Sq. Yd.,For Sale,7/11/2023,PKR7.75 Crore
2032,Flat,Sindh,Karachi,"Scheme 33, Karachi, Sindh",2,2,67 Sq. Yd.,For Sale,7/1/2023,PKR55 Lakh
2033,House,Sindh,Karachi,"Bahria Town Karachi, Karachi, Sindh",3,3,235 Sq. Yd.,For Sale,7/11/2023,PKR1.5 Crore
2034,House,Sindh,Karachi,"Bahria Town Karachi, Karachi, Sindh",3,3,152 Sq. Yd.,For Sale,7/11/2023,PKR1.4 Crore
2035,House,Sindh,Karachi,"Bahria Town Karachi, Karachi, Sindh",3,3,200 Sq. Yd.,For Sale,7/11/2023,PKR1.7 Crore
2036,Flat,Sindh,Karachi,"Malir, Karachi, Sindh",3,3,178 Sq. Yd.,For Sale,7/18/2023,PKR1.55 Crore
2037,Flat,Sindh,Karachi,"Malir, Karachi, Sindh",3,3,172 Sq. Yd.,For Sale,7/18/2023,PKR1.4 Crore
2038,Flat,Sindh,Karachi,"Malir, Karachi, Sindh",2,2,122 Sq. Yd.,For Sale,7/18/2023,PKR85 Lakh
2039,Flat,Sindh,Karachi,"Malir, Karachi, Sindh",2,2,133 Sq. Yd.,For Sale,7/18/2023,PKR94 Lakh
2040,Flat,Sindh,Karachi,"Malir, Karachi, Sindh",2,2,83 Sq. Yd.,For Sale,7/18/2023,PKR68 Lakh
2041,Flat,Sindh,Karachi,"Malir, Karachi, Sindh",2,2,133 Sq. Yd.,For Sale,7/18/2023,PKR90 Lakh
2042,Flat,Sindh,Karachi,"Malir, Karachi, Sindh",2,2,89 Sq. Yd.,For Sale,7/18/2023,PKR66 Lakh
2043,House,Sindh,Karachi,"DHA Defence, Karachi, Sindh",6,4,"2,000 Sq. Yd.",For Sale,7/18/2023,PKR20 Crore
2044,Flat,Sindh,Karachi,"DHA Defence, Karachi, Sindh",5,3,267 Sq. Yd.,For Sale,7/18/2023,PKR5.75 Crore
2045,House,Sindh,Karachi,"DHA Defence, Karachi, Sindh",5,5,500 Sq. Yd.,For Sale,7/18/2023,PKR11.25 Crore
2046,Flat,Sindh,Karachi,"Bahria Town Karachi, Karachi, Sindh",2,2,35 Sq. Yd.,For Sale,7/18/2023,PKR27.84 Lakh
2047,Flat,Sindh,Karachi,"Scheme 33, Karachi, Sindh",1,1,50 Sq. Yd.,For Sale,7/3/2023,PKR50 Lakh
2048,Upper Portion,Sindh,Karachi,"Gulshan-e-Iqbal Town, Karachi, Sindh",3,3,240 Sq. Yd.,For Sale,7/11/2023,PKR2.6 Crore
2049,House,Sindh,Karachi,"Gulshan-e-Iqbal Town, Karachi, Sindh",5,5,240 Sq. Yd.,For Sale,7/11/2023,PKR6 Crore
2050,Upper Portion,Sindh,Karachi,"Gulshan-e-Iqbal Town, Karachi, Sindh",3,3,240 Sq. Yd.,For Sale,7/11/2023,PKR1.85 Crore
2051,Lower Portion,Sindh,Karachi,"Gulshan-e-Iqbal Town, Karachi, Sindh",3,3,240 Sq. Yd.,For Sale,7/11/2023,PKR3 Crore
2052,Flat,Sindh,Karachi,"Frere Town, Karachi, Sindh",5,4,422 Sq. Yd.,For Sale,7/11/2023,PKR10 Crore
2053,House,Sindh,Karachi,"Malir, Karachi, Sindh",2,2,120 Sq. Yd.,For Sale,7/11/2023,PKR1.9 Crore
2054,Upper Portion,Sindh,Karachi,"Gulshan-e-Iqbal Town, Karachi, Sindh",3,3,120 Sq. Yd.,For Sale,7/11/2023,PKR85 Lakh
2055,House,Sindh,Karachi,"Bahria Town Karachi, Karachi, Sindh",3,3,152 Sq. Yd.,For Sale,7/11/2023,PKR1.6 Crore
2056,House,Sindh,Karachi,"Bahria Town Karachi, Karachi, Sindh",3,3,152 Sq. Yd.,For Sale,7/11/2023,PKR1.9 Crore
2057,House,Sindh,Karachi,"Bahria Town Karachi, Karachi, Sindh",5,5,500 Sq. Yd.,For Sale,7/11/2023,PKR4.25 Crore
2058,House,Sindh,Karachi,"Bahria Town Karachi, Karachi, Sindh",4,4,350 Sq. Yd.,For Sale,7/11/2023,PKR2 Crore
2059,House,Sindh,Karachi,"Bahria Town Karachi, Karachi, Sindh",3,3,235 Sq. Yd.,For Sale,7/11/2023,PKR1.55 Crore
2060,House,Sindh,Karachi,"Bahria Town Karachi, Karachi, Sindh",4,4,350 Sq. Yd.,For Sale,7/11/2023,PKR2.2 Crore
2061,Flat,Sindh,Karachi,"Scheme 33, Karachi, Sindh",1,1,56 Sq. Yd.,For Sale,7/4/2023,PKR60 Lakh
2062,Flat,Sindh,Karachi,"Bath Island, Karachi, Sindh",4,3,244 Sq. Yd.,For Sale,6/30/2023,PKR4.75 Crore
2063,Flat,Sindh,Karachi,"Clifton, Karachi, Sindh",9,8,556 Sq. Yd.,For Sale,7/18/2023,PKR11 Crore
2064,Flat,Sindh,Karachi,"Bahria Town Karachi, Karachi, Sindh",2,2,103 Sq. Yd.,For Sale,6/29/2023,PKR1.02 Crore
2065,House,Sindh,Karachi,"Bahria Town Karachi, Karachi, Sindh",4,3,235 Sq. Yd.,For Sale,6/27/2023,PKR1.5 Crore
2066,House,Sindh,Karachi,"Bahria Town Karachi, Karachi, Sindh",4,4,350 Sq. Yd.,For Sale,7/4/2023,PKR2 Crore
2067,Flat,Sindh,Karachi,"DHA Defence, Karachi, Sindh",2,2,111 Sq. Yd.,For Sale,7/2/2023,PKR80 Lakh
2068,Flat,Sindh,Karachi,"Bahria Town Karachi, Karachi, Sindh",2,2,35 Sq. Yd.,For Sale,7/18/2023,PKR27.84 Lakh
2069,House,Sindh,Karachi,"DHA Defence, Karachi, Sindh",6,6,"1,000 Sq. Yd.",For Sale,7/18/2023,PKR33 Crore
2070,Flat,Sindh,Karachi,"DHA Defence, Karachi, Sindh",2,2,167 Sq. Yd.,For Sale,7/18/2023,PKR4.75 Crore
2071,Flat,Sindh,Karachi,"DHA Defence, Karachi, Sindh",2,2,227 Sq. Yd.,For Sale,7/18/2023,PKR6 Crore
2072,Flat,Sindh,Karachi,"DHA Defence, Karachi, Sindh",2,2,182 Sq. Yd.,For Sale,6/27/2023,PKR6 Crore
2073,House,Sindh,Karachi,"North Nazimabad, Karachi, Sindh",8,7,400 Sq. Yd.,For Sale,7/11/2023,PKR6.5 Crore
2074,Flat,Sindh,Karachi,"Tariq Road, Karachi, Sindh",3,3,133 Sq. Yd.,For Sale,7/11/2023,PKR1.5 Crore
2075,Flat,Sindh,Karachi,"Cantt, Karachi, Sindh",3,3,286 Sq. Yd.,For Sale,7/11/2023,PKR3.8 Crore
2076,House,Sindh,Karachi,"Cantt, Karachi, Sindh",5,5,375 Sq. Yd.,For Sale,7/11/2023,PKR7.25 Crore
2077,House,Sindh,Karachi,"Cantt, Karachi, Sindh",5,5,500 Sq. Yd.,For Sale,7/11/2023,PKR8.35 Crore
2078,House,Sindh,Karachi,"Bahria Town Karachi, Karachi, Sindh",3,3,200 Sq. Yd.,For Sale,7/11/2023,PKR1.7 Crore
2079,Flat,Sindh,Karachi,"Gulshan-e-Iqbal Town, Karachi, Sindh",2,2,106 Sq. Yd.,For Sale,7/3/2023,PKR75 Lakh
2080,House,Sindh,Karachi,"Bahria Town Karachi, Karachi, Sindh",3,3,200 Sq. Yd.,For Sale,7/11/2023,PKR2.3 Crore
2081,House,Sindh,Karachi,"Bahria Town Karachi, Karachi, Sindh",3,3,200 Sq. Yd.,For Sale,7/11/2023,PKR2.3 Crore
2082,House,Sindh,Karachi,"Bahria Town Karachi, Karachi, Sindh",3,3,200 Sq. Yd.,For Sale,7/11/2023,PKR2.3 Crore
2083,Flat,Sindh,Karachi,"Bahria Town Karachi, Karachi, Sindh",3,3,145 Sq. Yd.,For Sale,7/11/2023,PKR1.63 Crore
2084,Flat,Sindh,Karachi,"Bahria Town Karachi, Karachi, Sindh",2,2,103 Sq. Yd.,For Sale,7/11/2023,PKR1.16 Crore
2085,Flat,Sindh,Karachi,"Bahria Town Karachi, Karachi, Sindh",1,1,64 Sq. Yd.,For Sale,7/11/2023,PKR71.5 Lakh
2086,House,Sindh,Karachi,"Bahria Town Karachi, Karachi, Sindh",6,5,350 Sq. Yd.,For Sale,7/18/2023,PKR2.15 Crore
2087,Flat,Sindh,Karachi,"Gulistan-e-Jauhar, Karachi, Sindh",2,2,111 Sq. Yd.,For Sale,7/18/2023,PKR1.45 Crore
2088,Flat,Sindh,Karachi,"DHA Defence, Karachi, Sindh",3,3,214 Sq. Yd.,For Sale,7/4/2023,PKR4.5 Crore
2089,Flat,Sindh,Karachi,"DHA Defence, Karachi, Sindh",5,3,243 Sq. Yd.,For Sale,6/29/2023,PKR6.6 Crore
2090,Flat,Sindh,Karachi,"DHA Defence, Karachi, Sindh",4,2,182 Sq. Yd.,For Sale,6/29/2023,PKR5.65 Crore
2091,House,Sindh,Karachi,"Bahria Town Karachi, Karachi, Sindh",3,3,250 Sq. Yd.,For Sale,7/18/2023,PKR3.5 Crore
2092,House,Sindh,Karachi,"Bahria Town Karachi, Karachi, Sindh",4,4,350 Sq. Yd.,For Sale,7/18/2023,PKR2.1 Crore
2093,Flat,Sindh,Karachi,"DHA Defence, Karachi, Sindh",3,1,161 Sq. Yd.,For Sale,7/18/2023,PKR7.39 Crore
2094,Flat,Sindh,Karachi,"Jamshed Road, Karachi, Sindh",3,3,156 Sq. Yd.,For Sale,7/25/2023,PKR1.5 Crore
2095,Flat,Sindh,Karachi,"Tariq Road, Karachi, Sindh",3,2,144 Sq. Yd.,For Sale,7/25/2023,PKR3.5 Crore
2096,House,Sindh,Karachi,"DHA Defence, Karachi, Sindh",6,6,"1,000 Sq. Yd.",For Sale,7/1/2023,PKR24.99 Crore
2097,House,Sindh,Karachi,"DHA Defence, Karachi, Sindh",6,6,"1,000 Sq. Yd.",For Sale,7/1/2023,PKR12 Crore
2098,House,Sindh,Karachi,"Cantt, Karachi, Sindh",5,5,500 Sq. Yd.,For Sale,7/11/2023,PKR8.5 Crore
2099,Flat,Sindh,Karachi,"Cantt, Karachi, Sindh",3,3,286 Sq. Yd.,For Sale,7/11/2023,PKR3.85 Crore
2100,House,Sindh,Karachi,"Cantt, Karachi, Sindh",5,5,427 Sq. Yd.,For Sale,7/11/2023,PKR8.8 Crore
2101,House,Sindh,Karachi,"Cantt, Karachi, Sindh",5,5,427 Sq. Yd.,For Sale,7/11/2023,PKR9.5 Crore
2102,House,Sindh,Karachi,"Cantt, Karachi, Sindh",5,5,500 Sq. Yd.,For Sale,7/11/2023,PKR8 Crore
2103,House,Sindh,Karachi,"Bahria Town Karachi, Karachi, Sindh",3,3,125 Sq. Yd.,For Sale,7/11/2023,PKR1.4 Crore
2104,House,Sindh,Karachi,"Malir, Karachi, Sindh",6,10,150 Sq. Yd.,For Sale,7/11/2023,PKR1.65 Crore
2105,Flat,Sindh,Karachi,"Gulistan-e-Jauhar, Karachi, Sindh",5,4,300 Sq. Yd.,For Sale,7/11/2023,PKR1.78 Crore
2106,House,Sindh,Karachi,"Bahria Town Karachi, Karachi, Sindh",3,3,125 Sq. Yd.,For Sale,7/11/2023,PKR1.4 Crore
2107,Flat,Sindh,Karachi,"Bahria Town Karachi, Karachi, Sindh",3,3,145 Sq. Yd.,For Sale,7/11/2023,PKR1.63 Crore
2108,Flat,Sindh,Karachi,"Bahria Town Karachi, Karachi, Sindh",1,1,64 Sq. Yd.,For Sale,7/11/2023,PKR71.5 Lakh
2109,Flat,Sindh,Karachi,"Bahria Town Karachi, Karachi, Sindh",2,2,103 Sq. Yd.,For Sale,7/11/2023,PKR1.16 Crore
2110,House,Sindh,Karachi,"Bahria Town Karachi, Karachi, Sindh",4,3,235 Sq. Yd.,For Sale,6/29/2023,PKR1.5 Crore
2111,Flat,Sindh,Karachi,"Bahria Town Karachi, Karachi, Sindh",1,1,63 Sq. Yd.,For Sale,7/25/2023,PKR60 Lakh
2112,House,Sindh,Karachi,"Bahria Town Karachi, Karachi, Sindh",3,3,79 Sq. Yd.,For Sale,7/25/2023,PKR71.23 Lakh
2113,Flat,Sindh,Karachi,"Bahria Town Karachi, Karachi, Sindh",2,2,35 Sq. Yd.,For Sale,7/25/2023,PKR27.84 Lakh
2114,Flat,Sindh,Karachi,"Falaknaz Dynasty, Karachi, Sindh",2,2,89 Sq. Yd.,For Sale,7/25/2023,PKR70 Lakh
2115,Flat,Sindh,Karachi,"Falaknaz Dynasty, Karachi, Sindh",2,2,133 Sq. Yd.,For Sale,7/25/2023,PKR94 Lakh
2116,Flat,Sindh,Karachi,"Falaknaz Dynasty, Karachi, Sindh",4,3,189 Sq. Yd.,For Sale,7/25/2023,PKR1.7 Crore
2117,Flat,Sindh,Karachi,"Falaknaz Dynasty, Karachi, Sindh",2,2,122 Sq. Yd.,For Sale,7/25/2023,PKR90 Lakh
2118,Flat,Sindh,Karachi,"Falaknaz Dynasty, Karachi, Sindh",2,2,89 Sq. Yd.,For Sale,7/25/2023,PKR72 Lakh
2119,House,Sindh,Karachi,"Bahria Town Karachi, Karachi, Sindh",3,3,125 Sq. Yd.,For Sale,7/4/2023,PKR1.3 Crore
2120,Flat,Sindh,Karachi,"Bahria Town Karachi, Karachi, Sindh",2,2,106 Sq. Yd.,For Sale,7/4/2023,PKR75 Lakh
2121,House,Sindh,Karachi,"Bahria Town Karachi, Karachi, Sindh",3,3,200 Sq. Yd.,For Sale,7/4/2023,PKR2.25 Crore
2122,House,Sindh,Karachi,"North Karachi, Karachi, Sindh",4,4,120 Sq. Yd.,For Sale,7/11/2023,PKR1.95 Crore
2123,Flat,Sindh,Karachi,"Cantt, Karachi, Sindh",3,3,286 Sq. Yd.,For Sale,7/4/2023,PKR3.25 Crore
2124,Flat,Sindh,Karachi,"Cantt, Karachi, Sindh",4,3,289 Sq. Yd.,For Sale,7/4/2023,PKR4 Crore
2125,Flat,Sindh,Karachi,"Cantt, Karachi, Sindh",3,3,289 Sq. Yd.,For Sale,7/4/2023,PKR3.9 Crore
2126,Flat,Sindh,Karachi,"Cantt, Karachi, Sindh",3,3,289 Sq. Yd.,For Sale,7/11/2023,PKR3.7 Crore
2127,Flat,Sindh,Karachi,"Bahria Town Karachi, Karachi, Sindh",2,2,103 Sq. Yd.,For Sale,7/11/2023,PKR1.16 Crore
2128,House,Sindh,Karachi,"DHA Defence, Karachi, Sindh",4,4,260 Sq. Yd.,For Sale,7/11/2023,PKR5.45 Crore
2129,Flat,Sindh,Karachi,"Bahria Town Karachi, Karachi, Sindh",1,1,64 Sq. Yd.,For Sale,7/11/2023,PKR71.5 Lakh
2130,Flat,Sindh,Karachi,"Gulshan-e-Iqbal Town, Karachi, Sindh",2,2,100 Sq. Yd.,For Sale,7/11/2023,PKR72 Lakh
2131,Flat,Sindh,Karachi,"Gulshan-e-Iqbal Town, Karachi, Sindh",2,2,100 Sq. Yd.,For Sale,7/11/2023,PKR70 Lakh
2132,Flat,Sindh,Karachi,"North Nazimabad, Karachi, Sindh",2,2,106 Sq. Yd.,For Sale,7/11/2023,PKR1.25 Crore
2133,Flat,Sindh,Karachi,"North Nazimabad, Karachi, Sindh",2,2,106 Sq. Yd.,For Sale,7/11/2023,PKR1.25 Crore
2134,House,Sindh,Karachi,"DHA Defence, Karachi, Sindh",3,2,183 Sq. Yd.,For Sale,7/11/2023,PKR6.25 Crore
2135,House,Sindh,Karachi,"DHA Defence, Karachi, Sindh",5,5,500 Sq. Yd.,For Sale,7/4/2023,PKR10.5 Crore
2136,House,Sindh,Karachi,"Bahria Town Karachi, Karachi, Sindh",5,4,350 Sq. Yd.,For Sale,7/4/2023,PKR2.12 Crore
2137,House,Sindh,Karachi,"DHA Defence, Karachi, Sindh",6,7,"1,000 Sq. Yd.",For Sale,7/4/2023,PKR25.5 Crore
2138,House,Sindh,Karachi,"DHA Defence, Karachi, Sindh",5,5,500 Sq. Yd.,For Sale,7/4/2023,PKR13 Crore
2139,House,Sindh,Karachi,"DHA Defence, Karachi, Sindh",5,5,500 Sq. Yd.,For Sale,7/25/2023,PKR11.5 Crore
2140,House,Sindh,Karachi,"Cantt, Karachi, Sindh",7,5,375 Sq. Yd.,For Sale,7/25/2023,PKR7.55 Crore
2141,House,Sindh,Karachi,"Cantt, Karachi, Sindh",7,5,375 Sq. Yd.,For Sale,7/25/2023,PKR7.15 Crore
2142,Flat,Sindh,Karachi,"Bahria Town Karachi, Karachi, Sindh",2,2,35 Sq. Yd.,For Sale,7/25/2023,PKR27.84 Lakh
2143,Flat,Sindh,Karachi,"DHA Defence, Karachi, Sindh",4,3,233 Sq. Yd.,For Sale,7/25/2023,PKR2.4 Crore
2144,Flat,Sindh,Karachi,"DHA Defence, Karachi, Sindh",2,2,111 Sq. Yd.,For Sale,7/25/2023,PKR1.35 Crore
2145,Flat,Sindh,Karachi,"DHA Defence, Karachi, Sindh",3,3,222 Sq. Yd.,For Sale,7/1/2023,PKR3.15 Crore
2146,Flat,Sindh,Karachi,"Clifton, Karachi, Sindh",3,3,222 Sq. Yd.,For Sale,7/1/2023,PKR3.1 Crore
2147,House,Sindh,Karachi,"Cantt, Karachi, Sindh",5,5,500 Sq. Yd.,For Sale,7/4/2023,PKR8.95 Crore
2148,Flat,Sindh,Karachi,"Cantt, Karachi, Sindh",4,4,367 Sq. Yd.,For Sale,7/11/2023,PKR4.75 Crore
2149,Flat,Sindh,Karachi,"Cantt, Karachi, Sindh",3,3,289 Sq. Yd.,For Sale,7/4/2023,PKR4.05 Crore
2150,House,Sindh,Karachi,"Cantt, Karachi, Sindh",5,5,375 Sq. Yd.,For Sale,7/4/2023,PKR7.45 Crore
2151,House,Sindh,Karachi,"Cantt, Karachi, Sindh",5,5,427 Sq. Yd.,For Sale,7/4/2023,PKR9.5 Crore
2152,Upper Portion,Sindh,Karachi,"Gulistan-e-Jauhar, Karachi, Sindh",4,3,300 Sq. Yd.,For Sale,7/18/2023,PKR1.3 Crore
2153,Flat,Sindh,Karachi,"Bahria Town Karachi, Karachi, Sindh",3,3,145 Sq. Yd.,For Sale,7/18/2023,PKR1.63 Crore
2154,House,Sindh,Karachi,"Gadap Town, Karachi, Sindh",5,4,120 Sq. Yd.,For Sale,7/18/2023,PKR2.5 Crore
2155,House,Sindh,Karachi,"Federal B Area, Karachi, Sindh",-,-,600 Sq. Yd.,For Sale,7/18/2023,PKR8.6 Crore
2156,House,Sindh,Karachi,"Federal B Area, Karachi, Sindh",-,-,600 Sq. Yd.,For Sale,7/18/2023,PKR9.25 Crore
2157,House,Sindh,Karachi,"Federal B Area, Karachi, Sindh",-,-,600 Sq. Yd.,For Sale,7/18/2023,PKR9.8 Crore
2158,House,Sindh,Karachi,"Federal B Area, Karachi, Sindh",-,-,400 Sq. Yd.,For Sale,7/18/2023,PKR7.3 Crore
2159,House,Sindh,Karachi,"Federal B Area, Karachi, Sindh",-,-,400 Sq. Yd.,For Sale,7/18/2023,PKR8.1 Crore
2160,House,Sindh,Karachi,"DHA Defence, Karachi, Sindh",6,5,650 Sq. Yd.,For Sale,7/25/2023,PKR13 Crore
2161,House,Sindh,Karachi,"Bahria Town Karachi, Karachi, Sindh",2,2,106 Sq. Yd.,For Sale,7/4/2023,PKR94 Lakh
2162,Flat,Sindh,Karachi,"Bahria Town Karachi, Karachi, Sindh",3,3,250 Sq. Yd.,For Sale,7/4/2023,PKR2.1 Crore
2163,House,Sindh,Karachi,"Bahria Town Karachi, Karachi, Sindh",3,3,125 Sq. Yd.,For Sale,7/11/2023,PKR1.48 Crore
2164,Flat,Sindh,Karachi,"Bahria Town Karachi, Karachi, Sindh",2,2,106 Sq. Yd.,For Sale,7/11/2023,PKR70 Lakh
2165,House,Sindh,Karachi,"Bahria Town Karachi, Karachi, Sindh",3,3,125 Sq. Yd.,For Sale,7/11/2023,PKR1.47 Crore
2166,House,Sindh,Karachi,"Bahria Town Karachi, Karachi, Sindh",3,3,125 Sq. Yd.,For Sale,7/11/2023,PKR1.5 Crore
2167,Flat,Sindh,Karachi,"Bahria Town Karachi, Karachi, Sindh",2,2,106 Sq. Yd.,For Sale,7/11/2023,PKR82 Lakh
2168,Flat,Sindh,Karachi,"Bahria Town Karachi, Karachi, Sindh",2,2,106 Sq. Yd.,For Sale,7/11/2023,PKR75 Lakh
2169,Flat,Sindh,Karachi,"DHA Defence, Karachi, Sindh",2,2,111 Sq. Yd.,For Sale,7/25/2023,PKR1.25 Crore
2170,Flat,Sindh,Karachi,"DHA Defence, Karachi, Sindh",3,3,117 Sq. Yd.,For Sale,7/25/2023,PKR1.75 Crore
2171,House,Sindh,Karachi,"Cantt, Karachi, Sindh",5,5,375 Sq. Yd.,For Sale,7/4/2023,PKR7.3 Crore
2172,House,Sindh,Karachi,"Gadap Town, Karachi, Sindh",3,4,7 Sq. Yd.,For Sale,7/11/2023,PKR49 Lakh
2173,House,Sindh,Karachi,"North Karachi, Karachi, Sindh",6,6,120 Sq. Yd.,For Sale,7/11/2023,PKR2.38 Crore
2174,House,Sindh,Karachi,"Gadap Town, Karachi, Sindh",5,4,120 Sq. Yd.,For Sale,7/11/2023,PKR1.85 Crore
2175,Flat,Sindh,Karachi,"Saadi Road, Karachi, Sindh",3,2,139 Sq. Yd.,For Sale,7/11/2023,PKR1.15 Crore
2176,Flat,Sindh,Karachi,"Jamshed Town, Karachi, Sindh",3,3,200 Sq. Yd.,For Sale,7/11/2023,PKR1.9 Crore
2177,House,Sindh,Karachi,"Malir, Karachi, Sindh",5,4,170 Sq. Yd.,For Sale,7/18/2023,PKR2.35 Crore
2178,Flat,Sindh,Karachi,"Jamshed Town, Karachi, Sindh",3,3,193 Sq. Yd.,For Sale,7/18/2023,PKR2.95 Crore
2179,Flat,Sindh,Karachi,"DHA Defence, Karachi, Sindh",5,4,250 Sq. Yd.,For Sale,7/3/2023,PKR3.25 Crore
2180,Flat,Sindh,Karachi,"Bahria Town Karachi, Karachi, Sindh",2,2,103 Sq. Yd.,For Sale,7/18/2023,PKR1.16 Crore
2181,Flat,Sindh,Karachi,"Bahria Town Karachi, Karachi, Sindh",1,1,64 Sq. Yd.,For Sale,7/18/2023,PKR71.5 Lakh
2182,Flat,Sindh,Karachi,"Gulshan-e-Iqbal Town, Karachi, Sindh",2,2,110 Sq. Yd.,For Sale,7/18/2023,PKR2.25 Crore
2183,House,Sindh,Karachi,"DHA Defence, Karachi, Sindh",6,5,500 Sq. Yd.,For Sale,7/18/2023,PKR14 Crore
2184,House,Sindh,Karachi,"Bahria Town Karachi, Karachi, Sindh",4,3,125 Sq. Yd.,For Sale,7/4/2023,PKR1.58 Crore
2185,Flat,Sindh,Karachi,"Chapal Courtyard, Karachi, Sindh",2,2,83 Sq. Yd.,For Sale,7/25/2023,PKR90 Lakh
2186,Flat,Sindh,Karachi,"Cantt, Karachi, Sindh",2,2,144 Sq. Yd.,For Sale,7/25/2023,PKR1.45 Crore
2187,Flat,Sindh,Karachi,"Scheme 33, Karachi, Sindh",2,2,83 Sq. Yd.,For Sale,7/25/2023,PKR93 Lakh
2188,House,Sindh,Karachi,"Bahria Town Karachi, Karachi, Sindh",3,3,79 Sq. Yd.,For Sale,7/25/2023,PKR71.23 Lakh
2189,Flat,Sindh,Karachi,"Bahria Town Karachi, Karachi, Sindh",3,3,45 Sq. Yd.,For Sale,7/25/2023,PKR35.74 Lakh
2190,House,Sindh,Karachi,"Bahria Town Karachi, Karachi, Sindh",3,3,152 Sq. Yd.,For Sale,7/4/2023,PKR2.1 Crore
2191,Flat,Sindh,Karachi,"DHA Defence, Karachi, Sindh",2,2,100 Sq. Yd.,For Sale,7/25/2023,PKR1.5 Crore
2192,Flat,Sindh,Karachi,"Cantt, Karachi, Sindh",3,3,286 Sq. Yd.,For Sale,7/25/2023,PKR3.75 Crore
2193,Flat,Sindh,Karachi,"Cantt, Karachi, Sindh",4,4,330 Sq. Yd.,For Sale,7/25/2023,PKR4.5 Crore
2194,House,Sindh,Karachi,"Cantt, Karachi, Sindh",5,5,375 Sq. Yd.,For Sale,7/25/2023,PKR7.5 Crore
2195,Flat,Sindh,Karachi,"Cantt, Karachi, Sindh",6,5,375 Sq. Yd.,For Sale,7/25/2023,PKR8.25 Crore
2196,Flat,Sindh,Karachi,"North Nazimabad, Karachi, Sindh",3,3,333 Sq. Yd.,For Sale,7/11/2023,PKR3.8 Crore
2197,Flat,Sindh,Karachi,"Gulshan-e-Iqbal Town, Karachi, Sindh",3,3,178 Sq. Yd.,For Sale,7/11/2023,PKR1.5 Crore
2198,House,Sindh,Karachi,"Gulshan-e-Iqbal Town, Karachi, Sindh",3,3,240 Sq. Yd.,For Sale,7/11/2023,PKR3.8 Crore
2199,House,Sindh,Karachi,"Scheme 33, Karachi, Sindh",6,8,400 Sq. Yd.,For Sale,7/11/2023,PKR7 Crore
2200,House,Sindh,Karachi,"Bahria Town Karachi, Karachi, Sindh",3,3,250 Sq. Yd.,For Sale,7/11/2023,PKR1.5 Crore
2201,Flat,Sindh,Karachi,"Malir, Karachi, Sindh",2,2,72 Sq. Yd.,For Sale,7/4/2023,PKR37 Lakh
2202,Flat,Sindh,Karachi,"Scheme 33, Karachi, Sindh",2,2,122 Sq. Yd.,For Sale,7/18/2023,PKR90 Lakh
2203,House,Sindh,Karachi,"Scheme 33, Karachi, Sindh",6,6,240 Sq. Yd.,For Sale,7/18/2023,PKR4.8 Crore
2204,Flat,Sindh,Karachi,"Gulistan-e-Jauhar, Karachi, Sindh",2,2,128 Sq. Yd.,For Sale,6/27/2023,PKR1.35 Crore
2205,Flat,Sindh,Karachi,"Gulshan-e-Iqbal Town, Karachi, Sindh",2,3,144 Sq. Yd.,For Sale,7/18/2023,PKR1.2 Crore
2206,House,Sindh,Karachi,"Gadap Town, Karachi, Sindh",4,3,215 Sq. Yd.,For Sale,6/29/2023,PKR3.4 Crore
2207,House,Sindh,Karachi,"Gadap Town, Karachi, Sindh",4,3,260 Sq. Yd.,For Sale,7/18/2023,PKR2.8 Crore
2208,Flat,Sindh,Karachi,"Nazimabad, Karachi, Sindh",3,3,133 Sq. Yd.,For Sale,7/18/2023,PKR1.25 Crore
2209,House,Sindh,Karachi,"Bahria Town Karachi, Karachi, Sindh",3,3,152 Sq. Yd.,For Sale,7/4/2023,PKR2.1 Crore
2210,House,Sindh,Karachi,"Bahria Town Karachi, Karachi, Sindh",4,3,235 Sq. Yd.,For Sale,6/27/2023,PKR1.48 Crore
2211,Flat,Sindh,Karachi,"Naya Nazimabad, Karachi, Sindh",-,2,146 Sq. Yd.,For Sale,6/27/2023,PKR1.84 Crore
2212,Flat,Sindh,Karachi,"Naya Nazimabad, Karachi, Sindh",2,2,159 Sq. Yd.,For Sale,6/27/2023,PKR1.85 Crore
2213,Flat,Sindh,Karachi,"DHA Defence, Karachi, Sindh",3,3,272 Sq. Yd.,For Sale,7/25/2023,PKR7.25 Crore
2214,House,Sindh,Karachi,"DHA Defence, Karachi, Sindh",6,6,500 Sq. Yd.,For Sale,7/25/2023,PKR17 Crore
2215,Flat,Sindh,Karachi,"Bahria Town Karachi, Karachi, Sindh",2,2,35 Sq. Yd.,For Sale,7/25/2023,PKR27.84 Lakh
2216,House,Sindh,Karachi,"Bahria Town Karachi, Karachi, Sindh",3,3,79 Sq. Yd.,For Sale,7/25/2023,PKR71.23 Lakh
2217,Flat,Sindh,Karachi,"Bahria Town Karachi, Karachi, Sindh",2,2,35 Sq. Yd.,For Sale,7/25/2023,PKR27.84 Lakh
2218,House,Sindh,Karachi,"DHA Defence, Karachi, Sindh",6,5,500 Sq. Yd.,For Sale,7/25/2023,PKR11.5 Crore
2219,House,Sindh,Karachi,"Bahria Town Karachi, Karachi, Sindh",5,4,350 Sq. Yd.,For Sale,7/4/2023,PKR2.22 Crore
2220,House,Sindh,Karachi,"Bahria Town Karachi, Karachi, Sindh",6,5,272 Sq. Yd.,For Sale,7/4/2023,PKR3.8 Crore
2221,Flat,Sindh,Karachi,"Bahria Town Karachi, Karachi, Sindh",2,2,106 Sq. Yd.,For Sale,7/11/2023,PKR67 Lakh
2222,House,Sindh,Karachi,"Bahria Town Karachi, Karachi, Sindh",3,3,235 Sq. Yd.,For Sale,7/11/2023,PKR1.6 Crore
2223,House,Sindh,Karachi,"Bahria Town Karachi, Karachi, Sindh",3,3,235 Sq. Yd.,For Sale,7/11/2023,PKR1.7 Crore
2224,Flat,Sindh,Karachi,"Cantt, Karachi, Sindh",2,2,122 Sq. Yd.,For Sale,7/11/2023,PKR1.6 Crore
2225,House,Sindh,Karachi,"Gadap Town, Karachi, Sindh",3,2,120 Sq. Yd.,For Sale,6/27/2023,PKR1.5 Crore
2226,Flat,Sindh,Karachi,"Defence View Society, Karachi, Sindh",2,2,106 Sq. Yd.,For Sale,7/4/2023,PKR1 Crore
2227,Flat,Sindh,Karachi,"DHA Defence, Karachi, Sindh",-,-,222 Sq. Yd.,For Sale,7/4/2023,PKR3 Crore
2228,Flat,Sindh,Karachi,"Gulshan-e-Iqbal Town, Karachi, Sindh",3,3,178 Sq. Yd.,For Sale,6/29/2023,PKR2 Crore
2229,Flat,Sindh,Karachi,"Saadi Road, Karachi, Sindh",3,3,200 Sq. Yd.,For Sale,6/29/2023,PKR1.9 Crore
2230,House,Sindh,Karachi,"Cantt, Karachi, Sindh",5,5,500 Sq. Yd.,For Sale,7/18/2023,PKR8.5 Crore
2231,Flat,Sindh,Karachi,"Frere Town, Karachi, Sindh",5,3,200 Sq. Yd.,For Sale,7/18/2023,PKR3.9 Crore
2232,Flat,Sindh,Karachi,"Bahria Town Karachi, Karachi, Sindh",2,2,106 Sq. Yd.,For Sale,7/4/2023,PKR83 Lakh
2233,House,Sindh,Karachi,"Bahria Town Karachi, Karachi, Sindh",3,3,152 Sq. Yd.,For Sale,7/4/2023,PKR1.5 Crore
2234,House,Sindh,Karachi,"Bahria Town Karachi, Karachi, Sindh",5,4,350 Sq. Yd.,For Sale,7/4/2023,PKR2.1 Crore
2235,House,Sindh,Karachi,"Bahria Town Karachi, Karachi, Sindh",6,6,272 Sq. Yd.,For Sale,7/2/2023,PKR3.9 Crore
2236,House,Sindh,Karachi,"Bahria Town Karachi, Karachi, Sindh",6,5,500 Sq. Yd.,For Sale,7/4/2023,PKR4.2 Crore
2237,Flat,Sindh,Karachi,"Bahria Town Karachi, Karachi, Sindh",2,2,106 Sq. Yd.,For Sale,7/4/2023,PKR90 Lakh
2238,House,Sindh,Karachi,"Bahria Town Karachi, Karachi, Sindh",4,3,125 Sq. Yd.,For Sale,7/4/2023,PKR1.47 Crore
2239,Flat,Sindh,Karachi,"Bahria Town Karachi, Karachi, Sindh",2,2,106 Sq. Yd.,For Sale,7/4/2023,PKR99.5 Lakh
2240,House,Sindh,Karachi,"Bahria Town Karachi, Karachi, Sindh",3,3,200 Sq. Yd.,For Sale,7/4/2023,PKR2.19 Crore
2241,House,Sindh,Karachi,"Bahria Town Karachi, Karachi, Sindh",3,3,152 Sq. Yd.,For Sale,7/4/2023,PKR1.79 Crore
2242,House,Sindh,Karachi,"Bahria Town Karachi, Karachi, Sindh",5,5,250 Sq. Yd.,For Sale,7/4/2023,PKR3.76 Crore
2243,House,Sindh,Karachi,"Navy Housing Scheme Karsaz, Karachi, Sindh",5,5,350 Sq. Yd.,For Sale,7/11/2023,PKR14 Crore
2244,Flat,Sindh,Karachi,"Cantt, Karachi, Sindh",3,3,300 Sq. Yd.,For Sale,7/11/2023,PKR3.8 Crore
2245,Flat,Sindh,Karachi,"Cantt, Karachi, Sindh",3,3,289 Sq. Yd.,For Sale,7/11/2023,PKR4.25 Crore
2246,Flat,Sindh,Karachi,"Cantt, Karachi, Sindh",3,3,300 Sq. Yd.,For Sale,7/11/2023,PKR3.8 Crore
2247,House,Sindh,Karachi,"University Road, Karachi, Sindh",5,6,120 Sq. Yd.,For Sale,7/2/2023,PKR1.95 Crore
2248,House,Sindh,Karachi,"Bahria Town Karachi, Karachi, Sindh",6,5,272 Sq. Yd.,For Sale,7/11/2023,PKR3.75 Crore
2249,Flat,Sindh,Karachi,"Korangi, Karachi, Sindh",1,2,50 Sq. Yd.,For Sale,6/29/2023,PKR16.3 Lakh
2250,Flat,Sindh,Karachi,"Gulistan-e-Jauhar, Karachi, Sindh",3,3,200 Sq. Yd.,For Sale,7/11/2023,PKR1.45 Crore
2251,Flat,Sindh,Karachi,"Gulistan-e-Jauhar, Karachi, Sindh",3,3,200 Sq. Yd.,For Sale,7/11/2023,PKR1.55 Crore
2252,Flat,Sindh,Karachi,"Gulistan-e-Jauhar, Karachi, Sindh",3,3,156 Sq. Yd.,For Sale,7/4/2023,PKR1.2 Crore
2253,Flat,Sindh,Karachi,"Scheme 33, Karachi, Sindh",2,2,100 Sq. Yd.,For Sale,7/11/2023,PKR90 Lakh
2254,Flat,Sindh,Karachi,"Clifton, Karachi, Sindh",4,3,173 Sq. Yd.,For Sale,7/11/2023,PKR1.75 Crore
2255,Flat,Sindh,Karachi,"Khalid Bin Walid Road, Karachi, Sindh",4,4,244 Sq. Yd.,For Sale,7/11/2023,PKR4.05 Crore
2256,Flat,Sindh,Karachi,"Scheme 33, Karachi, Sindh",3,3,156 Sq. Yd.,For Sale,6/27/2023,PKR1.15 Crore
2257,Flat,Sindh,Karachi,"Clifton, Karachi, Sindh",4,4,405 Sq. Yd.,For Sale,7/11/2023,PKR7.25 Crore
2258,Flat,Sindh,Karachi,"Gulshan-e-Iqbal Town, Karachi, Sindh",3,3,289 Sq. Yd.,For Sale,7/25/2023,PKR5.5 Crore
2259,House,Sindh,Karachi,"Bahria Town Karachi, Karachi, Sindh",3,3,125 Sq. Yd.,For Sale,7/25/2023,PKR1.3 Crore
2260,House,Sindh,Karachi,"Bahria Town Karachi, Karachi, Sindh",3,3,235 Sq. Yd.,For Sale,7/4/2023,PKR1.48 Crore
2261,House,Sindh,Karachi,"Bahria Town Karachi, Karachi, Sindh",3,3,152 Sq. Yd.,For Sale,7/4/2023,PKR1.5 Crore
2262,House,Sindh,Karachi,"Bahria Town Karachi, Karachi, Sindh",3,3,200 Sq. Yd.,For Sale,7/4/2023,PKR1.68 Crore
2263,House,Sindh,Karachi,"Bahria Town Karachi, Karachi, Sindh",3,3,152 Sq. Yd.,For Sale,7/4/2023,PKR1.76 Crore
2264,Flat,Sindh,Karachi,"Bahria Town Karachi, Karachi, Sindh",2,2,106 Sq. Yd.,For Sale,7/4/2023,PKR72 Lakh
2265,House,Sindh,Karachi,"Malir, Karachi, Sindh",5,5,500 Sq. Yd.,For Sale,7/11/2023,PKR8.5 Crore
2266,House,Sindh,Karachi,"Malir, Karachi, Sindh",5,5,500 Sq. Yd.,For Sale,7/25/2023,PKR8.55 Crore
2267,Flat,Sindh,Karachi,"Cantt, Karachi, Sindh",4,4,233 Sq. Yd.,For Sale,7/11/2023,PKR2 Crore
2268,House,Sindh,Karachi,"DHA Defence, Karachi, Sindh",6,5,500 Sq. Yd.,For Sale,7/4/2023,PKR11.5 Crore
2269,House,Sindh,Karachi,"DHA Defence, Karachi, Sindh",6,7,"1,000 Sq. Yd.",For Sale,7/4/2023,PKR22 Crore
2270,Flat,Sindh,Karachi,"Scheme 33, Karachi, Sindh",1,-,56 Sq. Yd.,For Sale,7/11/2023,PKR55 Lakh
2271,Flat,Sindh,Karachi,"Malir, Karachi, Sindh",3,3,161 Sq. Yd.,For Sale,7/11/2023,PKR1.45 Crore
2272,House,Sindh,Karachi,"Cantt, Karachi, Sindh",5,5,375 Sq. Yd.,For Sale,7/18/2023,PKR7.4 Crore
2273,House,Sindh,Karachi,"Cantt, Karachi, Sindh",5,5,375 Sq. Yd.,For Sale,7/18/2023,PKR7.4 Crore
2274,House,Sindh,Karachi,"DHA Defence, Karachi, Sindh",6,9,"1,000 Sq. Yd.",For Sale,7/25/2023,PKR23 Crore
2275,Flat,Sindh,Karachi,"Korangi, Karachi, Sindh",2,2,89 Sq. Yd.,For Sale,7/25/2023,PKR40 Lakh
2276,House,Sindh,Karachi,"Malir, Karachi, Sindh",5,5,130 Sq. Yd.,For Sale,7/25/2023,PKR2.5 Crore
2277,Flat,Sindh,Karachi,"Korangi, Karachi, Sindh",2,2,60 Sq. Yd.,For Sale,7/25/2023,PKR24.75 Lakh
2278,Flat,Sindh,Karachi,"Gulshan-e-Iqbal Town, Karachi, Sindh",3,3,178 Sq. Yd.,For Sale,7/25/2023,PKR2.1 Crore
2279,House,Sindh,Karachi,"Nazimabad, Karachi, Sindh",6,8,216 Sq. Yd.,For Sale,7/25/2023,PKR5.5 Crore
2280,House,Sindh,Karachi,"Bahria Town Karachi, Karachi, Sindh",3,3,79 Sq. Yd.,For Sale,7/25/2023,PKR71.23 Lakh
2281,House,Sindh,Karachi,"Bahria Town Karachi, Karachi, Sindh",5,5,500 Sq. Yd.,For Sale,7/4/2023,PKR4.3 Crore
2282,Flat,Sindh,Karachi,"Bahria Town Karachi, Karachi, Sindh",2,2,106 Sq. Yd.,For Sale,7/4/2023,PKR70 Lakh
2283,Flat,Sindh,Karachi,"Bahria Town Karachi, Karachi, Sindh",2,2,122 Sq. Yd.,For Sale,7/4/2023,PKR70 Lakh
2284,House,Sindh,Karachi,"Bahria Town Karachi, Karachi, Sindh",3,3,152 Sq. Yd.,For Sale,7/4/2023,PKR1.75 Crore
2285,Flat,Sindh,Karachi,"Bahria Town Karachi, Karachi, Sindh",2,2,35 Sq. Yd.,For Sale,7/25/2023,PKR27.84 Lakh
2286,House,Sindh,Karachi,"Bahria Town Karachi, Karachi, Sindh",3,3,200 Sq. Yd.,For Sale,7/4/2023,PKR2.25 Crore
2287,Flat,Sindh,Karachi,"Cantt, Karachi, Sindh",3,3,300 Sq. Yd.,For Sale,7/25/2023,PKR4.05 Crore
2288,House,Sindh,Karachi,"Cantt, Karachi, Sindh",5,5,375 Sq. Yd.,For Sale,7/25/2023,PKR7.5 Crore
2289,House,Sindh,Karachi,"Cantt, Karachi, Sindh",5,5,375 Sq. Yd.,For Sale,7/25/2023,PKR7.1 Crore
2290,House,Sindh,Karachi,"Cantt, Karachi, Sindh",6,5,500 Sq. Yd.,For Sale,7/25/2023,PKR8.65 Crore
2291,House,Sindh,Karachi,"Cantt, Karachi, Sindh",6,5,500 Sq. Yd.,For Sale,7/25/2023,PKR8.65 Crore
2292,Flat,Sindh,Karachi,"Cantt, Karachi, Sindh",3,3,189 Sq. Yd.,For Sale,7/11/2023,PKR1.7 Crore
2293,House,Sindh,Karachi,"DHA Defence, Karachi, Sindh",6,5,500 Sq. Yd.,For Sale,7/4/2023,PKR8.5 Crore
2294,House,Sindh,Karachi,"DHA Defence, Karachi, Sindh",6,6,500 Sq. Yd.,For Sale,7/11/2023,PKR17 Crore
2295,House,Sindh,Karachi,"DHA Defence, Karachi, Sindh",6,6,"1,000 Sq. Yd.",For Sale,7/4/2023,PKR20.5 Crore
2296,Flat,Sindh,Karachi,"Scheme 33, Karachi, Sindh",5,4,267 Sq. Yd.,For Sale,7/2/2023,PKR2.05 Crore
2297,Lower Portion,Sindh,Karachi,"North Nazimabad, Karachi, Sindh",3,3,240 Sq. Yd.,For Sale,7/25/2023,PKR2.3 Crore
2298,Flat,Sindh,Karachi,"Bahria Town Karachi, Karachi, Sindh",2,2,122 Sq. Yd.,For Sale,6/27/2023,PKR65 Lakh
2299,House,Sindh,Karachi,"Gadap Town, Karachi, Sindh",3,2,120 Sq. Yd.,For Sale,6/27/2023,PKR1.5 Crore
2300,Flat,Sindh,Karachi,"Defence View Society, Karachi, Sindh",2,2,106 Sq. Yd.,For Sale,7/4/2023,PKR1 Crore
2301,Flat,Sindh,Karachi,"DHA Defence, Karachi, Sindh",-,-,222 Sq. Yd.,For Sale,7/4/2023,PKR3 Crore
2302,Flat,Sindh,Karachi,"Gulshan-e-Iqbal Town, Karachi, Sindh",3,3,178 Sq. Yd.,For Sale,6/29/2023,PKR2 Crore
2303,Flat,Sindh,Karachi,"Saadi Road, Karachi, Sindh",3,3,200 Sq. Yd.,For Sale,6/27/2023,PKR1.9 Crore
2304,House,Sindh,Karachi,"Cantt, Karachi, Sindh",5,5,500 Sq. Yd.,For Sale,7/18/2023,PKR8.5 Crore
2305,Flat,Sindh,Karachi,"Frere Town, Karachi, Sindh",5,3,200 Sq. Yd.,For Sale,7/18/2023,PKR3.9 Crore
2306,Flat,Sindh,Karachi,"Bahria Town Karachi, Karachi, Sindh",2,2,106 Sq. Yd.,For Sale,7/4/2023,PKR83 Lakh
2307,House,Sindh,Karachi,"Bahria Town Karachi, Karachi, Sindh",3,3,152 Sq. Yd.,For Sale,7/4/2023,PKR1.5 Crore
2308,House,Sindh,Karachi,"Bahria Town Karachi, Karachi, Sindh",5,4,350 Sq. Yd.,For Sale,7/4/2023,PKR2.1 Crore
2309,House,Sindh,Karachi,"Bahria Town Karachi, Karachi, Sindh",6,6,272 Sq. Yd.,For Sale,7/2/2023,PKR3.9 Crore
2310,House,Sindh,Karachi,"Bahria Town Karachi, Karachi, Sindh",6,5,500 Sq. Yd.,For Sale,7/4/2023,PKR4.2 Crore
2311,Flat,Sindh,Karachi,"Bahria Town Karachi, Karachi, Sindh",2,2,106 Sq. Yd.,For Sale,7/4/2023,PKR90 Lakh
2312,House,Sindh,Karachi,"Bahria Town Karachi, Karachi, Sindh",4,3,125 Sq. Yd.,For Sale,7/4/2023,PKR1.47 Crore
2313,Flat,Sindh,Karachi,"Bahria Town Karachi, Karachi, Sindh",2,2,106 Sq. Yd.,For Sale,7/4/2023,PKR99.5 Lakh
2314,House,Sindh,Karachi,"Bahria Town Karachi, Karachi, Sindh",3,3,200 Sq. Yd.,For Sale,7/4/2023,PKR2.19 Crore
2315,House,Sindh,Karachi,"Bahria Town Karachi, Karachi, Sindh",3,3,152 Sq. Yd.,For Sale,7/4/2023,PKR1.79 Crore
2316,House,Sindh,Karachi,"Bahria Town Karachi, Karachi, Sindh",5,5,250 Sq. Yd.,For Sale,7/4/2023,PKR3.76 Crore
2317,House,Sindh,Karachi,"Navy Housing Scheme Karsaz, Karachi, Sindh",5,5,350 Sq. Yd.,For Sale,7/11/2023,PKR14 Crore
2318,Flat,Sindh,Karachi,"Cantt, Karachi, Sindh",3,3,300 Sq. Yd.,For Sale,7/11/2023,PKR3.8 Crore
2319,Flat,Sindh,Karachi,"Cantt, Karachi, Sindh",3,3,289 Sq. Yd.,For Sale,7/11/2023,PKR4.25 Crore
2320,Flat,Sindh,Karachi,"Cantt, Karachi, Sindh",3,3,300 Sq. Yd.,For Sale,7/11/2023,PKR3.8 Crore
2321,House,Sindh,Karachi,"University Road, Karachi, Sindh",5,6,120 Sq. Yd.,For Sale,7/2/2023,PKR1.95 Crore
2322,House,Sindh,Karachi,"Bahria Town Karachi, Karachi, Sindh",6,5,272 Sq. Yd.,For Sale,7/11/2023,PKR3.75 Crore
2323,Flat,Sindh,Karachi,"Korangi, Karachi, Sindh",1,2,50 Sq. Yd.,For Sale,6/29/2023,PKR16.3 Lakh
2324,Flat,Sindh,Karachi,"Gulistan-e-Jauhar, Karachi, Sindh",3,3,200 Sq. Yd.,For Sale,7/11/2023,PKR1.45 Crore
2325,Flat,Sindh,Karachi,"Gulistan-e-Jauhar, Karachi, Sindh",3,3,200 Sq. Yd.,For Sale,7/11/2023,PKR1.55 Crore
2326,Flat,Sindh,Karachi,"Gulistan-e-Jauhar, Karachi, Sindh",3,3,156 Sq. Yd.,For Sale,7/4/2023,PKR1.2 Crore
2327,Flat,Sindh,Karachi,"Scheme 33, Karachi, Sindh",2,2,100 Sq. Yd.,For Sale,7/11/2023,PKR90 Lakh
2328,Flat,Sindh,Karachi,"Clifton, Karachi, Sindh",4,3,173 Sq. Yd.,For Sale,7/11/2023,PKR1.75 Crore
2329,Flat,Sindh,Karachi,"Khalid Bin Walid Road, Karachi, Sindh",4,4,244 Sq. Yd.,For Sale,7/11/2023,PKR4.05 Crore
2330,Flat,Sindh,Karachi,"Scheme 33, Karachi, Sindh",3,3,156 Sq. Yd.,For Sale,6/27/2023,PKR1.15 Crore
2331,Flat,Sindh,Karachi,"Clifton, Karachi, Sindh",4,4,405 Sq. Yd.,For Sale,7/11/2023,PKR7.25 Crore
2332,Flat,Sindh,Karachi,"Gulshan-e-Iqbal Town, Karachi, Sindh",3,3,289 Sq. Yd.,For Sale,7/25/2023,PKR5.5 Crore
2333,House,Sindh,Karachi,"Bahria Town Karachi, Karachi, Sindh",3,3,125 Sq. Yd.,For Sale,7/25/2023,PKR1.3 Crore
2334,House,Sindh,Karachi,"Bahria Town Karachi, Karachi, Sindh",3,3,235 Sq. Yd.,For Sale,7/4/2023,PKR1.48 Crore
2335,House,Sindh,Karachi,"Bahria Town Karachi, Karachi, Sindh",3,3,152 Sq. Yd.,For Sale,7/4/2023,PKR1.5 Crore
2336,House,Sindh,Karachi,"Bahria Town Karachi, Karachi, Sindh",3,3,200 Sq. Yd.,For Sale,7/4/2023,PKR1.68 Crore
2337,House,Sindh,Karachi,"Bahria Town Karachi, Karachi, Sindh",3,3,152 Sq. Yd.,For Sale,7/4/2023,PKR1.76 Crore
2338,Flat,Sindh,Karachi,"Bahria Town Karachi, Karachi, Sindh",2,2,106 Sq. Yd.,For Sale,7/4/2023,PKR72 Lakh
2339,House,Sindh,Karachi,"Malir, Karachi, Sindh",5,5,500 Sq. Yd.,For Sale,7/11/2023,PKR8.5 Crore
2340,House,Sindh,Karachi,"Malir, Karachi, Sindh",5,5,500 Sq. Yd.,For Sale,7/25/2023,PKR8.55 Crore
2341,Flat,Sindh,Karachi,"Cantt, Karachi, Sindh",4,4,233 Sq. Yd.,For Sale,7/11/2023,PKR2 Crore
2342,House,Sindh,Karachi,"DHA Defence, Karachi, Sindh",6,5,500 Sq. Yd.,For Sale,7/4/2023,PKR11.5 Crore
2343,House,Sindh,Karachi,"DHA Defence, Karachi, Sindh",6,7,"1,000 Sq. Yd.",For Sale,7/4/2023,PKR22 Crore
2344,Flat,Sindh,Karachi,"Scheme 33, Karachi, Sindh",1,-,56 Sq. Yd.,For Sale,7/11/2023,PKR55 Lakh
2345,Flat,Sindh,Karachi,"Malir, Karachi, Sindh",3,3,161 Sq. Yd.,For Sale,7/11/2023,PKR1.45 Crore
2346,House,Sindh,Karachi,"Cantt, Karachi, Sindh",5,5,375 Sq. Yd.,For Sale,7/18/2023,PKR7.4 Crore
2347,House,Sindh,Karachi,"Cantt, Karachi, Sindh",5,5,375 Sq. Yd.,For Sale,7/18/2023,PKR7.4 Crore
2348,House,Sindh,Karachi,"DHA Defence, Karachi, Sindh",6,9,"1,000 Sq. Yd.",For Sale,7/25/2023,PKR23 Crore
2349,Flat,Sindh,Karachi,"Korangi, Karachi, Sindh",2,2,89 Sq. Yd.,For Sale,7/25/2023,PKR40 Lakh
2350,House,Sindh,Karachi,"Malir, Karachi, Sindh",5,5,130 Sq. Yd.,For Sale,7/25/2023,PKR2.5 Crore
2351,Flat,Sindh,Karachi,"Korangi, Karachi, Sindh",2,2,60 Sq. Yd.,For Sale,7/25/2023,PKR24.75 Lakh
2352,Flat,Sindh,Karachi,"Gulshan-e-Iqbal Town, Karachi, Sindh",3,3,178 Sq. Yd.,For Sale,7/25/2023,PKR2.1 Crore
2353,House,Sindh,Karachi,"Nazimabad, Karachi, Sindh",6,8,216 Sq. Yd.,For Sale,7/25/2023,PKR5.5 Crore
2354,House,Sindh,Karachi,"Bahria Town Karachi, Karachi, Sindh",3,3,79 Sq. Yd.,For Sale,7/25/2023,PKR71.23 Lakh
2355,House,Sindh,Karachi,"Bahria Town Karachi, Karachi, Sindh",5,5,500 Sq. Yd.,For Sale,7/4/2023,PKR4.3 Crore
2356,Flat,Sindh,Karachi,"Bahria Town Karachi, Karachi, Sindh",2,2,106 Sq. Yd.,For Sale,7/4/2023,PKR70 Lakh
2357,Flat,Sindh,Karachi,"Bahria Town Karachi, Karachi, Sindh",2,2,122 Sq. Yd.,For Sale,7/4/2023,PKR70 Lakh
2358,House,Sindh,Karachi,"Bahria Town Karachi, Karachi, Sindh",3,3,152 Sq. Yd.,For Sale,7/4/2023,PKR1.75 Crore
2359,Flat,Sindh,Karachi,"Bahria Town Karachi, Karachi, Sindh",2,2,35 Sq. Yd.,For Sale,7/25/2023,PKR27.84 Lakh
2360,House,Sindh,Karachi,"Bahria Town Karachi, Karachi, Sindh",3,3,200 Sq. Yd.,For Sale,7/4/2023,PKR2.25 Crore
2361,Flat,Sindh,Karachi,"Cantt, Karachi, Sindh",3,3,300 Sq. Yd.,For Sale,6/27/2023,PKR4.15 Crore
2362,House,Sindh,Karachi,"Cantt, Karachi, Sindh",5,5,375 Sq. Yd.,For Sale,7/25/2023,PKR7.5 Crore
2363,House,Sindh,Karachi,"Cantt, Karachi, Sindh",5,5,375 Sq. Yd.,For Sale,7/25/2023,PKR7.1 Crore
2364,House,Sindh,Karachi,"Cantt, Karachi, Sindh",6,5,500 Sq. Yd.,For Sale,7/25/2023,PKR8.65 Crore
2365,House,Sindh,Karachi,"Cantt, Karachi, Sindh",6,5,500 Sq. Yd.,For Sale,7/25/2023,PKR8.65 Crore
2366,Flat,Sindh,Karachi,"Cantt, Karachi, Sindh",3,3,189 Sq. Yd.,For Sale,7/11/2023,PKR1.7 Crore
2367,House,Sindh,Karachi,"DHA Defence, Karachi, Sindh",6,5,500 Sq. Yd.,For Sale,7/4/2023,PKR8.5 Crore
2368,House,Sindh,Karachi,"DHA Defence, Karachi, Sindh",6,6,500 Sq. Yd.,For Sale,7/11/2023,PKR17 Crore
2369,House,Sindh,Karachi,"DHA Defence, Karachi, Sindh",6,6,"1,000 Sq. Yd.",For Sale,7/4/2023,PKR20.5 Crore
2370,Flat,Sindh,Karachi,"Scheme 33, Karachi, Sindh",5,4,267 Sq. Yd.,For Sale,7/2/2023,PKR2.05 Crore
2371,Lower Portion,Sindh,Karachi,"North Nazimabad, Karachi, Sindh",3,3,240 Sq. Yd.,For Sale,7/25/2023,PKR2.3 Crore
2372,Flat,Sindh,Karachi,"Bahria Town Karachi, Karachi, Sindh",2,2,122 Sq. Yd.,For Sale,6/27/2023,PKR65 Lakh
2373,Lower Portion,Sindh,Karachi,"Gulshan-e-Iqbal Town, Karachi, Sindh",4,3,167 Sq. Yd.,For Sale,7/4/2023,PKR2.5 Crore
2374,Flat,Sindh,Karachi,"Clifton, Karachi, Sindh",4,4,300 Sq. Yd.,For Sale,6/27/2023,PKR5.25 Crore
2375,Flat,Sindh,Karachi,"Cantt, Karachi, Sindh",3,3,272 Sq. Yd.,For Sale,6/27/2023,PKR5.5 Crore
2376,House,Sindh,Karachi,"Cantt, Karachi, Sindh",6,5,500 Sq. Yd.,For Sale,7/25/2023,PKR8.65 Crore
2377,House,Sindh,Karachi,"Cantt, Karachi, Sindh",6,5,427 Sq. Yd.,For Sale,7/25/2023,PKR8.65 Crore
2378,House,Sindh,Karachi,"Cantt, Karachi, Sindh",6,5,427 Sq. Yd.,For Sale,7/25/2023,PKR8.5 Crore
2379,Flat,Sindh,Karachi,"Cantt, Karachi, Sindh",4,3,289 Sq. Yd.,For Sale,7/25/2023,PKR3.6 Crore
2380,Flat,Sindh,Karachi,"Cantt, Karachi, Sindh",4,3,289 Sq. Yd.,For Sale,7/25/2023,PKR3.6 Crore
2381,Flat,Sindh,Karachi,"Cantt, Karachi, Sindh",4,3,289 Sq. Yd.,For Sale,7/25/2023,PKR3.6 Crore
2382,House,Sindh,Karachi,"Cantt, Karachi, Sindh",5,5,427 Sq. Yd.,For Sale,7/25/2023,PKR9.5 Crore
2383,House,Sindh,Karachi,"Malir, Karachi, Sindh",6,5,500 Sq. Yd.,For Sale,7/25/2023,PKR9.5 Crore
2384,House,Sindh,Karachi,"Malir, Karachi, Sindh",6,5,500 Sq. Yd.,For Sale,7/25/2023,PKR9.5 Crore
2385,House,Sindh,Karachi,"Malir, Karachi, Sindh",6,5,500 Sq. Yd.,For Sale,7/25/2023,PKR9.5 Crore
2386,House,Sindh,Karachi,"Malir, Karachi, Sindh",5,4,350 Sq. Yd.,For Sale,7/25/2023,PKR8 Crore
2387,Flat,Sindh,Karachi,"Clifton, Karachi, Sindh",3,4,222 Sq. Yd.,For Sale,7/11/2023,PKR6.5 Crore
2388,Upper Portion,Sindh,Karachi,"Jamshed Town, Karachi, Sindh",4,3,171 Sq. Yd.,For Sale,7/4/2023,PKR2.85 Crore
2389,House,Sindh,Karachi,"Bahria Town Karachi, Karachi, Sindh",4,3,235 Sq. Yd.,For Sale,6/28/2023,PKR1.55 Crore
2390,House,Sindh,Karachi,"Bahria Town Karachi, Karachi, Sindh",4,4,125 Sq. Yd.,For Sale,6/27/2023,PKR95 Lakh
2391,House,Sindh,Karachi,"Bahria Town Karachi, Karachi, Sindh",5,4,350 Sq. Yd.,For Sale,6/27/2023,PKR1.92 Crore
2392,Flat,Sindh,Karachi,"Korangi, Karachi, Sindh",1,2,50 Sq. Yd.,For Sale,6/27/2023,PKR13.75 Lakh
2393,Flat,Sindh,Karachi,"Korangi, Karachi, Sindh",2,2,83 Sq. Yd.,For Sale,6/30/2023,PKR40 Lakh
2394,Flat,Sindh,Karachi,"Korangi, Karachi, Sindh",2,2,83 Sq. Yd.,For Sale,6/30/2023,PKR40 Lakh
2395,Flat,Sindh,Karachi,"Scheme 33, Karachi, Sindh",2,2,122 Sq. Yd.,For Sale,6/27/2023,PKR92 Lakh
2396,Flat,Sindh,Karachi,"Gulistan-e-Jauhar, Karachi, Sindh",3,3,178 Sq. Yd.,For Sale,6/27/2023,PKR1.45 Crore
2397,House,Sindh,Karachi,"Gulistan-e-Jauhar, Karachi, Sindh",4,4,120 Sq. Yd.,For Sale,7/11/2023,PKR2.5 Crore
2398,House,Sindh,Karachi,"Malir, Karachi, Sindh",5,4,350 Sq. Yd.,For Sale,7/25/2023,PKR8 Crore
2399,House,Sindh,Karachi,"Malir, Karachi, Sindh",5,4,350 Sq. Yd.,For Sale,7/25/2023,PKR8 Crore
2400,House,Sindh,Karachi,"Cantt, Karachi, Sindh",5,5,375 Sq. Yd.,For Sale,7/25/2023,PKR7.3 Crore
2401,House,Sindh,Karachi,"Cantt, Karachi, Sindh",6,5,375 Sq. Yd.,For Sale,7/25/2023,PKR7.45 Crore
2402,House,Sindh,Karachi,"Cantt, Karachi, Sindh",5,5,500 Sq. Yd.,For Sale,7/25/2023,PKR9 Crore
2403,Flat,Sindh,Karachi,"Cantt, Karachi, Sindh",4,3,300 Sq. Yd.,For Sale,7/25/2023,PKR4.1 Crore
2404,House,Sindh,Karachi,"DHA Defence, Karachi, Sindh",6,9,600 Sq. Yd.,For Sale,7/4/2023,PKR13 Crore
2405,House,Sindh,Karachi,"Bahria Town Karachi, Karachi, Sindh",5,5,250 Sq. Yd.,For Sale,7/4/2023,PKR3.25 Crore
2406,House,Sindh,Karachi,"Bahria Town Karachi, Karachi, Sindh",3,3,200 Sq. Yd.,For Sale,7/4/2023,PKR1.8 Crore
2407,House,Sindh,Karachi,"Bahria Town Karachi, Karachi, Sindh",3,3,152 Sq. Yd.,For Sale,7/4/2023,PKR1.5 Crore
2408,Flat,Sindh,Karachi,"DHA Defence, Karachi, Sindh",2,2,182 Sq. Yd.,For Sale,7/4/2023,PKR6 Crore
2409,Flat,Sindh,Karachi,"DHA Defence, Karachi, Sindh",3,3,272 Sq. Yd.,For Sale,6/27/2023,PKR7.25 Crore
2410,House,Sindh,Karachi,"Bahria Town Karachi, Karachi, Sindh",4,3,235 Sq. Yd.,For Sale,6/27/2023,PKR1.48 Crore
2411,House,Sindh,Karachi,"DHA Defence, Karachi, Sindh",6,8,"1,050 Sq. Yd.",For Sale,7/11/2023,PKR19.5 Crore
2412,House,Sindh,Karachi,"DHA Defence, Karachi, Sindh",4,4,300 Sq. Yd.,For Sale,7/11/2023,PKR7.25 Crore
2413,House,Sindh,Karachi,"Scheme 33, Karachi, Sindh",6,6,200 Sq. Yd.,For Sale,6/27/2023,PKR4.25 Crore
2414,Flat,Sindh,Karachi,"Gulistan-e-Jauhar, Karachi, Sindh",3,3,172 Sq. Yd.,For Sale,7/4/2023,PKR1.42 Crore
2415,House,Sindh,Karachi,"Cantt, Karachi, Sindh",6,5,375 Sq. Yd.,For Sale,7/11/2023,PKR6.4 Crore
2416,Upper Portion,Sindh,Karachi,"Gulshan-e-Iqbal Town, Karachi, Sindh",3,3,240 Sq. Yd.,For Sale,6/29/2023,PKR3.3 Crore
2417,Upper Portion,Sindh,Karachi,"Gulshan-e-Iqbal Town, Karachi, Sindh",4,4,250 Sq. Yd.,For Sale,6/29/2023,PKR3.25 Crore
2418,Flat,Sindh,Karachi,"North Nazimabad, Karachi, Sindh",4,4,267 Sq. Yd.,For Sale,7/11/2023,PKR3 Crore
2419,House,Sindh,Karachi,"Korangi, Karachi, Sindh",3,3,120 Sq. Yd.,For Sale,7/11/2023,PKR2 Crore
2420,Flat,Sindh,Karachi,"Frere Town, Karachi, Sindh",3,3,189 Sq. Yd.,For Sale,7/11/2023,PKR2.7 Crore
2421,Flat,Sindh,Karachi,"Gulshan-e-Iqbal Town, Karachi, Sindh",3,3,156 Sq. Yd.,For Sale,7/11/2023,PKR2.4 Crore
2422,Upper Portion,Sindh,Karachi,"Gulistan-e-Jauhar, Karachi, Sindh",3,3,300 Sq. Yd.,For Sale,7/3/2023,PKR2.15 Crore
2423,Flat,Sindh,Karachi,"DHA Defence, Karachi, Sindh",2,2,180 Sq. Yd.,For Sale,6/27/2023,PKR6 Crore
2424,Flat,Sindh,Karachi,"DHA Defence, Karachi, Sindh",2,2,227 Sq. Yd.,For Sale,6/27/2023,PKR6.3 Crore
2425,Flat,Sindh,Karachi,"Cantt, Karachi, Sindh",3,3,286 Sq. Yd.,For Sale,7/25/2023,PKR3.75 Crore
2426,House,Sindh,Karachi,"Cantt, Karachi, Sindh",6,6,550 Sq. Yd.,For Sale,7/25/2023,PKR12.75 Crore
2427,Flat,Sindh,Karachi,"Cantt, Karachi, Sindh",4,4,367 Sq. Yd.,For Sale,7/25/2023,PKR4.85 Crore
2428,Flat,Sindh,Karachi,"Cantt, Karachi, Sindh",4,4,367 Sq. Yd.,For Sale,7/25/2023,PKR4.85 Crore
2429,House,Sindh,Karachi,"Cantt, Karachi, Sindh",5,5,375 Sq. Yd.,For Sale,7/25/2023,PKR7.25 Crore
2430,Flat,Sindh,Karachi,"Cantt, Karachi, Sindh",3,3,249 Sq. Yd.,For Sale,7/25/2023,PKR3.65 Crore
2431,Flat,Sindh,Karachi,"Cantt, Karachi, Sindh",3,3,289 Sq. Yd.,For Sale,7/25/2023,PKR4 Crore
2432,Flat,Sindh,Karachi,"Cantt, Karachi, Sindh",3,3,306 Sq. Yd.,For Sale,7/25/2023,PKR4.1 Crore
2433,Flat,Sindh,Karachi,"Cantt, Karachi, Sindh",3,3,306 Sq. Yd.,For Sale,7/25/2023,PKR4 Crore
2434,Flat,Sindh,Karachi,"Cantt, Karachi, Sindh",3,3,289 Sq. Yd.,For Sale,7/25/2023,PKR4 Crore
2435,Flat,Sindh,Karachi,"Cantt, Karachi, Sindh",3,3,306 Sq. Yd.,For Sale,7/25/2023,PKR4.1 Crore
2436,Flat,Sindh,Karachi,"Cantt, Karachi, Sindh",3,3,306 Sq. Yd.,For Sale,7/25/2023,PKR4 Crore
2437,Flat,Sindh,Karachi,"Cantt, Karachi, Sindh",3,3,298 Sq. Yd.,For Sale,7/25/2023,PKR3.9 Crore
2438,Flat,Sindh,Karachi,"Guru Mandir Chorangi, Karachi, Sindh",3,3,178 Sq. Yd.,For Sale,7/11/2023,PKR2.65 Crore
2439,Flat,Sindh,Karachi,"Bahria Town Karachi, Karachi, Sindh",1,2,58 Sq. Yd.,For Sale,6/29/2023,PKR40 Lakh
2440,House,Sindh,Karachi,"DHA Defence, Karachi, Sindh",6,5,400 Sq. Yd.,For Sale,7/3/2023,PKR8 Crore
2441,Flat,Sindh,Karachi,"Jamshed Town, Karachi, Sindh",4,3,167 Sq. Yd.,For Sale,7/11/2023,PKR2.5 Crore
2442,Flat,Sindh,Karachi,"Defence View Society, Karachi, Sindh",3,3,133 Sq. Yd.,For Sale,7/2/2023,PKR2.25 Crore
2443,Flat,Sindh,Karachi,"DHA Defence, Karachi, Sindh",4,2,182 Sq. Yd.,For Sale,7/4/2023,PKR6 Crore
2444,Flat,Sindh,Karachi,"Korangi, Karachi, Sindh",2,2,50 Sq. Yd.,For Sale,6/27/2023,PKR18 Lakh
2445,Flat,Sindh,Karachi,"Korangi, Karachi, Sindh",1,2,50 Sq. Yd.,For Sale,6/27/2023,PKR16 Lakh
2446,House,Sindh,Karachi,"Gulistan-e-Jauhar, Karachi, Sindh",-,-,240 Sq. Yd.,For Sale,6/27/2023,PKR3.8 Crore
2447,Flat,Sindh,Karachi,"Korangi, Karachi, Sindh",2,2,60 Sq. Yd.,For Sale,6/27/2023,PKR25 Lakh
2448,House,Sindh,Karachi,"Korangi, Karachi, Sindh",3,5,80 Sq. Yd.,For Sale,6/27/2023,PKR60 Lakh
2449,Flat,Sindh,Karachi,"Cantt, Karachi, Sindh",3,3,285 Sq. Yd.,For Sale,7/25/2023,PKR4.05 Crore
2450,Flat,Sindh,Karachi,"Cantt, Karachi, Sindh",4,4,367 Sq. Yd.,For Sale,7/25/2023,PKR4.9 Crore
2451,House,Sindh,Karachi,"Cantt, Karachi, Sindh",5,5,427 Sq. Yd.,For Sale,7/25/2023,PKR9.25 Crore
2452,House,Sindh,Karachi,"Malir, Karachi, Sindh",5,5,500 Sq. Yd.,For Sale,7/25/2023,PKR9.3 Crore
2453,House,Sindh,Karachi,"Cantt, Karachi, Sindh",5,5,500 Sq. Yd.,For Sale,7/25/2023,PKR8.5 Crore
2454,House,Sindh,Karachi,"Cantt, Karachi, Sindh",5,5,375 Sq. Yd.,For Sale,7/25/2023,PKR8.7 Crore
2455,Flat,Sindh,Karachi,"Cantt, Karachi, Sindh",4,4,331 Sq. Yd.,For Sale,7/25/2023,PKR4.4 Crore
2456,House,Sindh,Karachi,"Cantt, Karachi, Sindh",5,5,427 Sq. Yd.,For Sale,7/25/2023,PKR9.25 Crore
2457,House,Sindh,Karachi,"Cantt, Karachi, Sindh",5,5,375 Sq. Yd.,For Sale,7/25/2023,PKR8.7 Crore
2458,Flat,Sindh,Karachi,"Cantt, Karachi, Sindh",4,4,333 Sq. Yd.,For Sale,7/25/2023,PKR4.6 Crore
2459,Flat,Sindh,Karachi,"Cantt, Karachi, Sindh",3,3,298 Sq. Yd.,For Sale,7/25/2023,PKR4 Crore
2460,Flat,Sindh,Karachi,"Cantt, Karachi, Sindh",4,4,367 Sq. Yd.,For Sale,7/25/2023,PKR4.85 Crore
2461,House,Sindh,Karachi,"DHA Defence, Karachi, Sindh",6,5,500 Sq. Yd.,For Sale,7/11/2023,PKR14 Crore
2462,House,Sindh,Karachi,"DHA Defence, Karachi, Sindh",5,5,300 Sq. Yd.,For Sale,7/11/2023,PKR6.75 Crore
2463,Upper Portion,Sindh,Karachi,"Federal B Area, Karachi, Sindh",2,2,65 Sq. Yd.,For Sale,7/11/2023,PKR55 Lakh
2464,Upper Portion,Sindh,Karachi,"Federal B Area, Karachi, Sindh",3,3,120 Sq. Yd.,For Sale,7/11/2023,PKR1 Crore
2465,Flat,Sindh,Karachi,"Clifton, Karachi, Sindh",6,4,378 Sq. Yd.,For Sale,7/4/2023,PKR6.5 Crore
2466,House,Sindh,Karachi,"North Nazimabad, Karachi, Sindh",6,8,600 Sq. Yd.,For Sale,6/27/2023,PKR13 Crore
2467,Flat,Sindh,Karachi,"North Nazimabad, Karachi, Sindh",2,2,111 Sq. Yd.,For Sale,6/27/2023,PKR1.16 Crore
2468,Flat,Sindh,Karachi,"Gulshan-e-Iqbal Town, Karachi, Sindh",4,3,178 Sq. Yd.,For Sale,6/27/2023,PKR2.15 Crore
2469,House,Sindh,Karachi,"DHA Defence, Karachi, Sindh",6,6,500 Sq. Yd.,For Sale,7/4/2023,PKR15.5 Crore
2470,Flat,Sindh,Karachi,"DHA Defence, Karachi, Sindh",3,3,122 Sq. Yd.,For Sale,7/4/2023,PKR1.25 Crore
2471,House,Sindh,Karachi,"Bahria Town Karachi, Karachi, Sindh",4,3,235 Sq. Yd.,For Sale,6/27/2023,PKR1.55 Crore
2472,House,Sindh,Karachi,"Gadap Town, Karachi, Sindh",3,3,160 Sq. Yd.,For Sale,6/27/2023,PKR1.65 Crore
2473,Flat,Sindh,Karachi,"Gadap Town, Karachi, Sindh",2,2,83 Sq. Yd.,For Sale,6/27/2023,PKR50 Lakh
2474,House,Sindh,Karachi,"Cantt, Karachi, Sindh",5,5,375 Sq. Yd.,For Sale,7/25/2023,PKR7.5 Crore
2475,House,Sindh,Karachi,"Cantt, Karachi, Sindh",5,5,500 Sq. Yd.,For Sale,7/25/2023,PKR8.7 Crore
2476,House,Sindh,Karachi,"Cantt, Karachi, Sindh",5,5,427 Sq. Yd.,For Sale,7/25/2023,PKR9 Crore
2477,House,Sindh,Karachi,"Cantt, Karachi, Sindh",5,5,427 Sq. Yd.,For Sale,7/25/2023,PKR9 Crore
2478,House,Sindh,Karachi,"Cantt, Karachi, Sindh",5,5,500 Sq. Yd.,For Sale,7/25/2023,PKR9.4 Crore
2479,House,Sindh,Karachi,"Cantt, Karachi, Sindh",5,5,427 Sq. Yd.,For Sale,7/25/2023,PKR9.25 Crore
2480,Flat,Sindh,Karachi,"Cantt, Karachi, Sindh",3,3,298 Sq. Yd.,For Sale,7/25/2023,PKR3.75 Crore
2481,House,Sindh,Karachi,"Cantt, Karachi, Sindh",5,5,375 Sq. Yd.,For Sale,7/25/2023,PKR8.7 Crore
2482,Flat,Sindh,Karachi,"Cantt, Karachi, Sindh",3,3,289 Sq. Yd.,For Sale,7/25/2023,PKR3.85 Crore
2483,House,Sindh,Karachi,"Bahria Town Karachi, Karachi, Sindh",3,3,125 Sq. Yd.,For Sale,7/4/2023,PKR1.12 Crore
2484,Flat,Sindh,Karachi,"Bahria Town Karachi, Karachi, Sindh",2,2,111 Sq. Yd.,For Sale,7/25/2023,PKR1.08 Crore
2485,House,Sindh,Karachi,"Cantt, Karachi, Sindh",5,5,375 Sq. Yd.,For Sale,7/25/2023,PKR7.5 Crore
2486,House,Sindh,Karachi,"DHA Defence, Karachi, Sindh",5,4,100 Sq. Yd.,For Sale,7/1/2023,PKR4.3 Crore
2487,House,Sindh,Karachi,"Gulshan-e-Iqbal Town, Karachi, Sindh",6,5,300 Sq. Yd.,For Sale,7/11/2023,PKR5.35 Crore
2488,Flat,Sindh,Karachi,"Gulistan-e-Jauhar, Karachi, Sindh",2,2,128 Sq. Yd.,For Sale,7/4/2023,PKR1.25 Crore
2489,Flat,Sindh,Karachi,"Gulistan-e-Jauhar, Karachi, Sindh",4,3,200 Sq. Yd.,For Sale,7/4/2023,PKR2.25 Crore
2490,House,Sindh,Karachi,"Gulistan-e-Jauhar, Karachi, Sindh",6,7,400 Sq. Yd.,For Sale,7/11/2023,PKR6.1 Crore
2491,House,Sindh,Karachi,"Scheme 33, Karachi, Sindh",4,4,120 Sq. Yd.,For Sale,7/4/2023,PKR2.65 Crore
2492,House,Sindh,Karachi,"Gulshan-e-Iqbal Town, Karachi, Sindh",-,-,560 Sq. Yd.,For Sale,7/11/2023,PKR15 Crore
2493,House,Sindh,Karachi,"KDA Scheme 1, Karachi, Sindh",-,-,"1,185 Sq. Yd.",For Sale,7/11/2023,PKR30 Crore
2494,Upper Portion,Sindh,Karachi,"Nazimabad, Karachi, Sindh",3,3,150 Sq. Yd.,For Sale,7/11/2023,PKR1.35 Crore
2495,Flat,Sindh,Karachi,"North Karachi, Karachi, Sindh",2,2,83 Sq. Yd.,For Sale,7/11/2023,PKR45 Lakh
2496,House,Sindh,Karachi,"Gulshan-e-Iqbal Town, Karachi, Sindh",4,4,160 Sq. Yd.,For Sale,7/11/2023,PKR3.25 Crore
2497,Lower Portion,Sindh,Karachi,"Scheme 33, Karachi, Sindh",3,2,120 Sq. Yd.,For Sale,6/30/2023,PKR1.28 Crore
2498,Upper Portion,Sindh,Karachi,"North Karachi, Karachi, Sindh",3,3,145 Sq. Yd.,For Rent,7/11/2023,PKR39 Thousand
2499,House,Sindh,Karachi,"Bahria Town Karachi, Karachi, Sindh",3,3,79 Sq. Yd.,For Sale,7/25/2023,PKR71.23 Lakh
2500,Flat,Sindh,Karachi,"Bahria Town Karachi, Karachi, Sindh",3,3,45 Sq. Yd.,For Sale,7/25/2023,PKR35.74 Lakh
2501,House,Sindh,Karachi,"DHA Defence, Karachi, Sindh",6,6,500 Sq. Yd.,For Sale,7/1/2023,PKR16.99 Crore
2502,Flat,Sindh,Karachi,"DHA Defence, Karachi, Sindh",1,1,111 Sq. Yd.,For Sale,7/25/2023,PKR3.7 Crore
2503,Flat,Sindh,Karachi,"DHA Defence, Karachi, Sindh",2,2,216 Sq. Yd.,For Sale,7/25/2023,PKR7.2 Crore
2504,Flat,Sindh,Karachi,"DHA Defence, Karachi, Sindh",3,3,264 Sq. Yd.,For Sale,7/25/2023,PKR9.3 Crore
2505,House,Sindh,Karachi,"DHA Defence, Karachi, Sindh",4,4,100 Sq. Yd.,For Sale,6/27/2023,PKR4.8 Crore
2506,Flat,Sindh,Karachi,"DHA Defence, Karachi, Sindh",3,2,167 Sq. Yd.,For Sale,6/27/2023,PKR6.5 Crore
2507,House,Sindh,Karachi,"Bahria Town Karachi, Karachi, Sindh",3,3,200 Sq. Yd.,For Sale,7/25/2023,PKR1.7 Crore
2508,Flat,Sindh,Karachi,"Cantt, Karachi, Sindh",4,4,367 Sq. Yd.,For Sale,7/25/2023,PKR4.7 Crore
2509,Flat,Sindh,Karachi,"Cantt, Karachi, Sindh",3,3,300 Sq. Yd.,For Sale,7/25/2023,PKR4 Crore
2510,House,Sindh,Karachi,"Cantt, Karachi, Sindh",4,4,350 Sq. Yd.,For Sale,7/25/2023,PKR7.4 Crore
2511,Upper Portion,Sindh,Karachi,"Gulistan-e-Jauhar, Karachi, Sindh",3,3,300 Sq. Yd.,For Sale,7/4/2023,PKR2.5 Crore
2512,Flat,Sindh,Karachi,"Gulistan-e-Jauhar, Karachi, Sindh",6,4,300 Sq. Yd.,For Sale,7/4/2023,PKR1.85 Crore
2513,Flat,Sindh,Karachi,"Gulistan-e-Jauhar, Karachi, Sindh",3,3,267 Sq. Yd.,For Sale,7/4/2023,PKR1.6 Crore
2514,Flat,Sindh,Karachi,"Scheme 33, Karachi, Sindh",3,3,189 Sq. Yd.,For Sale,7/4/2023,PKR1.4 Crore
2515,Upper Portion,Sindh,Karachi,"Gulistan-e-Jauhar, Karachi, Sindh",3,3,230 Sq. Yd.,For Sale,7/4/2023,PKR2.6 Crore
2516,Flat,Sindh,Karachi,"Gulshan-e-Iqbal Town, Karachi, Sindh",3,3,128 Sq. Yd.,For Sale,6/27/2023,PKR2.1 Crore
2517,House,Sindh,Karachi,"DHA Defence, Karachi, Sindh",6,6,500 Sq. Yd.,For Sale,7/11/2023,PKR10.5 Crore
2518,Flat,Sindh,Karachi,"Gulshan-e-Iqbal Town, Karachi, Sindh",3,3,156 Sq. Yd.,For Sale,6/27/2023,PKR2.5 Crore
2519,House,Sindh,Karachi,"DHA Defence, Karachi, Sindh",2,2,106 Sq. Yd.,For Sale,6/27/2023,PKR1.4 Crore
2520,Flat,Sindh,Karachi,"Cantt, Karachi, Sindh",4,4,333 Sq. Yd.,For Sale,6/27/2023,PKR4.4 Crore
2521,Flat,Sindh,Karachi,"Cantt, Karachi, Sindh",3,3,278 Sq. Yd.,For Sale,7/1/2023,PKR3.8 Crore
2522,House,Sindh,Karachi,"Cantt, Karachi, Sindh",7,5,427 Sq. Yd.,For Sale,6/27/2023,PKR8.5 Crore
2523,House,Sindh,Karachi,"Gulshan-e-Iqbal Town, Karachi, Sindh",7,6,600 Sq. Yd.,For Sale,6/27/2023,PKR10 Crore
2524,Flat,Sindh,Karachi,"Bahria Town Karachi, Karachi, Sindh",2,2,35 Sq. Yd.,For Sale,7/25/2023,PKR27.84 Lakh
2525,House,Sindh,Karachi,"Bahria Town Karachi, Karachi, Sindh",3,3,79 Sq. Yd.,For Sale,7/25/2023,PKR71.23 Lakh
2526,Flat,Sindh,Karachi,"DHA Defence, Karachi, Sindh",5,3,444 Sq. Yd.,For Sale,7/25/2023,PKR7 Crore
2527,House,Sindh,Karachi,"DHA Defence, Karachi, Sindh",6,6,500 Sq. Yd.,For Sale,7/25/2023,PKR18.5 Crore
2528,Flat,Sindh,Karachi,"Shaheed Millat Road, Karachi, Sindh",4,3,172 Sq. Yd.,For Sale,7/11/2023,PKR2.5 Crore
2529,Flat,Sindh,Karachi,"DHA Defence, Karachi, Sindh",2,1,133 Sq. Yd.,For Sale,7/4/2023,PKR4.9 Crore
2530,Flat,Sindh,Karachi,"DHA Defence, Karachi, Sindh",5,4,556 Sq. Yd.,For Sale,7/11/2023,PKR6.14 Crore
2531,Flat,Sindh,Karachi,"DHA Defence, Karachi, Sindh",3,2,181 Sq. Yd.,For Sale,7/11/2023,PKR4.45 Crore
2532,Flat,Sindh,Karachi,"DHA Defence, Karachi, Sindh",4,2,175 Sq. Yd.,For Sale,7/11/2023,PKR4.5 Crore
2533,Flat,Sindh,Karachi,"DHA Defence, Karachi, Sindh",4,2,175 Sq. Yd.,For Sale,7/11/2023,PKR4.85 Crore
2534,Flat,Sindh,Karachi,"DHA Defence, Karachi, Sindh",5,4,311 Sq. Yd.,For Sale,7/11/2023,PKR6.15 Crore
2535,Flat,Sindh,Karachi,"Gulistan-e-Jauhar, Karachi, Sindh",3,3,156 Sq. Yd.,For Sale,7/4/2023,PKR1 Crore
2536,Lower Portion,Sindh,Karachi,"North Nazimabad, Karachi, Sindh",3,3,200 Sq. Yd.,For Sale,7/18/2023,PKR2 Crore
2537,Upper Portion,Sindh,Karachi,"North Nazimabad, Karachi, Sindh",2,2,100 Sq. Yd.,For Sale,7/18/2023,PKR85 Lakh
2538,Upper Portion,Sindh,Karachi,"North Nazimabad, Karachi, Sindh",3,3,170 Sq. Yd.,For Sale,7/4/2023,PKR1.25 Crore
2539,House,Sindh,Karachi,"Scheme 33, Karachi, Sindh",3,3,120 Sq. Yd.,For Sale,6/27/2023,PKR1.75 Crore
2540,House,Sindh,Karachi,"DHA Defence, Karachi, Sindh",6,6,300 Sq. Yd.,For Sale,6/29/2023,PKR11.9 Crore
2541,House,Sindh,Karachi,"DHA Defence, Karachi, Sindh",6,9,"1,000 Sq. Yd.",For Sale,6/29/2023,PKR17.5 Crore
2542,House,Sindh,Karachi,"DHA Defence, Karachi, Sindh",6,7,500 Sq. Yd.,For Sale,6/29/2023,PKR10 Crore
2543,House,Sindh,Karachi,"DHA Defence, Karachi, Sindh",5,5,680 Sq. Yd.,For Sale,6/29/2023,PKR13.5 Crore
2544,Flat,Sindh,Karachi,"DHA Defence, Karachi, Sindh",2,1,150 Sq. Yd.,For Sale,6/27/2023,PKR3.3 Crore
2545,House,Sindh,Karachi,"DHA Defence, Karachi, Sindh",6,5,500 Sq. Yd.,For Sale,6/27/2023,PKR8.5 Crore
2546,Flat,Sindh,Karachi,"Clifton, Karachi, Sindh",4,3,222 Sq. Yd.,For Sale,6/27/2023,PKR6 Crore
2547,Flat,Sindh,Karachi,"DHA Defence, Karachi, Sindh",3,1,119 Sq. Yd.,For Sale,7/4/2023,PKR5 Crore
2548,Flat,Sindh,Karachi,"DHA Defence, Karachi, Sindh",2,2,182 Sq. Yd.,For Sale,7/1/2023,PKR5.9 Crore
2549,House,Sindh,Karachi,"Bahria Town Karachi, Karachi, Sindh",4,4,350 Sq. Yd.,For Sale,6/27/2023,PKR2 Crore
2550,House,Sindh,Karachi,"DHA Defence, Karachi, Sindh",5,5,500 Sq. Yd.,For Sale,7/4/2023,PKR16 Crore
2551,House,Sindh,Karachi,"Bahria Town Karachi, Karachi, Sindh",6,5,272 Sq. Yd.,For Sale,7/4/2023,PKR3.5 Crore
2552,Flat,Sindh,Karachi,"Bahria Town Karachi, Karachi, Sindh",2,2,106 Sq. Yd.,For Sale,7/4/2023,PKR82 Lakh
2553,House,Sindh,Karachi,"Bahria Town Karachi, Karachi, Sindh",6,5,272 Sq. Yd.,For Sale,7/4/2023,PKR3.5 Crore
2554,Flat,Sindh,Karachi,"Bahria Town Karachi, Karachi, Sindh",2,2,106 Sq. Yd.,For Sale,7/4/2023,PKR82 Lakh
2555,House,Sindh,Karachi,"DHA Defence, Karachi, Sindh",5,5,580 Sq. Yd.,For Sale,7/4/2023,PKR16 Crore
2556,House,Sindh,Karachi,"DHA Defence, Karachi, Sindh",5,5,568 Sq. Yd.,For Sale,6/27/2023,PKR11.5 Crore
2557,House,Sindh,Karachi,"DHA Defence, Karachi, Sindh",6,7,500 Sq. Yd.,For Sale,7/4/2023,PKR10.5 Crore
2558,House,Sindh,Karachi,"DHA Defence, Karachi, Sindh",4,4,500 Sq. Yd.,For Sale,6/27/2023,PKR11.5 Crore
2559,Upper Portion,Sindh,Karachi,"North Nazimabad, Karachi, Sindh",2,2,120 Sq. Yd.,For Sale,7/18/2023,PKR95 Lakh
2560,Flat,Sindh,Karachi,"Shaheed Millat Road, Karachi, Sindh",5,4,272 Sq. Yd.,For Sale,7/4/2023,PKR7 Crore
2561,Flat,Sindh,Karachi,"Scheme 33, Karachi, Sindh",2,3,161 Sq. Yd.,For Sale,7/18/2023,PKR1.45 Crore
2562,Flat,Sindh,Karachi,"Malir, Karachi, Sindh",4,3,244 Sq. Yd.,For Sale,7/18/2023,PKR3.25 Crore
2563,Flat,Sindh,Karachi,"Cantt, Karachi, Sindh",4,4,367 Sq. Yd.,For Sale,7/4/2023,PKR4.41 Crore
2564,Flat,Sindh,Karachi,"Cantt, Karachi, Sindh",4,4,367 Sq. Yd.,For Sale,7/4/2023,PKR4.4 Crore
2565,Flat,Sindh,Karachi,"Cantt, Karachi, Sindh",3,3,300 Sq. Yd.,For Sale,7/4/2023,PKR3.68 Crore
2566,Flat,Sindh,Karachi,"Cantt, Karachi, Sindh",3,3,300 Sq. Yd.,For Sale,7/4/2023,PKR3.67 Crore
2567,Flat,Sindh,Karachi,"Cantt, Karachi, Sindh",3,3,300 Sq. Yd.,For Sale,7/4/2023,PKR3.65 Crore
2568,House,Sindh,Karachi,"Cantt, Karachi, Sindh",5,5,375 Sq. Yd.,For Sale,7/4/2023,PKR6.7 Crore
2569,House,Sindh,Karachi,"Cantt, Karachi, Sindh",5,5,375 Sq. Yd.,For Sale,7/4/2023,PKR7 Crore
2570,House,Sindh,Karachi,"Cantt, Karachi, Sindh",5,5,375 Sq. Yd.,For Sale,7/4/2023,PKR7.05 Crore
2571,House,Sindh,Karachi,"DHA Defence, Karachi, Sindh",5,5,300 Sq. Yd.,For Sale,7/4/2023,PKR11.5 Crore
2572,House,Sindh,Karachi,"DHA Defence, Karachi, Sindh",6,5,666 Sq. Yd.,For Sale,7/4/2023,PKR17 Crore
2573,Flat,Sindh,Karachi,"Bahria Town Karachi, Karachi, Sindh",2,2,35 Sq. Yd.,For Sale,6/27/2023,PKR27.84 Lakh
2574,House,Sindh,Karachi,"DHA Defence, Karachi, Sindh",5,4,100 Sq. Yd.,For Sale,6/27/2023,PKR4.5 Crore
2575,House,Sindh,Karachi,"Navy Housing Scheme Karsaz, Karachi, Sindh",6,5,350 Sq. Yd.,For Sale,6/27/2023,PKR10.75 Crore
2576,House,Sindh,Karachi,"Navy Housing Scheme Karsaz, Karachi, Sindh",6,5,350 Sq. Yd.,For Sale,6/27/2023,PKR11 Crore
2577,House,Sindh,Karachi,"DHA Defence, Karachi, Sindh",7,5,500 Sq. Yd.,For Sale,6/30/2023,PKR16.5 Crore
2578,House,Sindh,Karachi,"DHA Defence, Karachi, Sindh",6,6,516 Sq. Yd.,For Sale,6/30/2023,PKR10.5 Crore
2579,House,Sindh,Karachi,"Bahria Town Karachi, Karachi, Sindh",7,6,500 Sq. Yd.,For Sale,7/4/2023,PKR3.25 Crore
2580,Flat,Sindh,Karachi,"DHA Defence, Karachi, Sindh",5,4,418 Sq. Yd.,For Sale,7/4/2023,PKR7.15 Crore
2581,Flat,Sindh,Karachi,"Navy Housing Scheme Karsaz, Karachi, Sindh",6,5,491 Sq. Yd.,For Sale,7/11/2023,PKR8.15 Crore
2582,Flat,Sindh,Karachi,"DHA Defence, Karachi, Sindh",4,3,310 Sq. Yd.,For Sale,7/11/2023,PKR5.2 Crore
2583,House,Sindh,Karachi,"North Karachi, Karachi, Sindh",6,7,240 Sq. Yd.,For Sale,7/4/2023,PKR4.15 Crore
2584,House,Sindh,Karachi,"Cantt, Karachi, Sindh",6,5,375 Sq. Yd.,For Sale,7/4/2023,PKR7.5 Crore
2585,Flat,Sindh,Karachi,"Scheme 33, Karachi, Sindh",3,3,122 Sq. Yd.,For Sale,7/18/2023,PKR1 Crore
2586,House,Sindh,Karachi,"DHA Defence, Karachi, Sindh",5,5,300 Sq. Yd.,For Sale,7/11/2023,PKR8.5 Crore
2587,House,Sindh,Karachi,"North Karachi, Karachi, Sindh",5,4,120 Sq. Yd.,For Sale,7/11/2023,PKR1.55 Crore
2588,House,Sindh,Karachi,"Gulistan-e-Jauhar, Karachi, Sindh",6,6,120 Sq. Yd.,For Sale,7/11/2023,PKR2.4 Crore
2589,Flat,Sindh,Karachi,"Scheme 33, Karachi, Sindh",2,2,83 Sq. Yd.,For Sale,6/29/2023,PKR60 Lakh
2590,Flat,Sindh,Karachi,"Gulistan-e-Jauhar, Karachi, Sindh",3,3,144 Sq. Yd.,For Sale,7/4/2023,PKR1.3 Crore
2591,Flat,Sindh,Karachi,"DHA Defence, Karachi, Sindh",2,2,100 Sq. Yd.,For Sale,7/2/2023,PKR1.18 Crore
2592,Flat,Sindh,Karachi,"Gulistan-e-Jauhar, Karachi, Sindh",2,2,89 Sq. Yd.,For Sale,7/4/2023,PKR28 Lakh
2593,Flat,Sindh,Karachi,"Gulistan-e-Jauhar, Karachi, Sindh",3,3,144 Sq. Yd.,For Sale,7/4/2023,PKR65 Lakh
2594,Flat,Sindh,Karachi,"Malir, Karachi, Sindh",3,3,147 Sq. Yd.,For Sale,7/11/2023,PKR1.55 Crore
2595,Flat,Sindh,Karachi,"DHA Defence, Karachi, Sindh",2,2,94 Sq. Yd.,For Sale,7/11/2023,PKR85 Lakh
2596,House,Sindh,Karachi,"Gulshan-e-Iqbal Town, Karachi, Sindh",6,6,600 Sq. Yd.,For Sale,7/11/2023,PKR19 Crore
2597,Flat,Sindh,Karachi,"Clifton, Karachi, Sindh",4,4,405 Sq. Yd.,For Sale,7/11/2023,PKR6.5 Crore
2598,Flat,Sindh,Karachi,"DHA Defence, Karachi, Sindh",3,3,276 Sq. Yd.,For Sale,7/11/2023,PKR10.83 Crore
2599,Flat,Sindh,Karachi,"Clifton, Karachi, Sindh",4,4,405 Sq. Yd.,For Sale,7/11/2023,PKR8 Crore
2600,House,Sindh,Karachi,"Zamzama, Karachi, Sindh",5,5,350 Sq. Yd.,For Sale,7/11/2023,PKR20 Crore
2601,House,Sindh,Karachi,"DHA Defence, Karachi, Sindh",6,6,"1,000 Sq. Yd.",For Sale,7/11/2023,PKR18 Crore
2602,House,Sindh,Karachi,"DHA Defence, Karachi, Sindh",5,5,500 Sq. Yd.,For Sale,7/11/2023,PKR8.5 Crore
2603,House,Sindh,Karachi,"Bahria Town Karachi, Karachi, Sindh",3,3,79 Sq. Yd.,For Sale,6/27/2023,PKR71.23 Lakh
2604,House,Sindh,Karachi,"DHA Defence, Karachi, Sindh",6,6,600 Sq. Yd.,For Sale,7/11/2023,PKR18.5 Crore
2605,Flat,Sindh,Karachi,"Dalmia Cement Factory Road, Karachi, Sindh",3,2,133 Sq. Yd.,For Sale,6/27/2023,PKR2.25 Crore
2606,Flat,Sindh,Karachi,"Rashid Minhas Road, Karachi, Sindh",4,3,209 Sq. Yd.,For Sale,6/27/2023,PKR2.45 Crore
2607,Flat,Sindh,Karachi,"Gulshan-e-Iqbal Town, Karachi, Sindh",3,3,161 Sq. Yd.,For Sale,6/27/2023,PKR1.65 Crore
2608,House,Sindh,Karachi,"North Karachi, Karachi, Sindh",4,4,125 Sq. Yd.,For Sale,7/4/2023,PKR1.65 Crore
2609,House,Sindh,Karachi,"Bahria Town Karachi, Karachi, Sindh",4,4,350 Sq. Yd.,For Sale,7/18/2023,PKR2.1 Crore
2610,Flat,Sindh,Karachi,"Cantt, Karachi, Sindh",3,3,300 Sq. Yd.,For Sale,7/4/2023,PKR3.66 Crore
2611,Flat,Sindh,Karachi,"Cantt, Karachi, Sindh",4,4,367 Sq. Yd.,For Sale,7/4/2023,PKR4.48 Crore
2612,House,Sindh,Karachi,"Cantt, Karachi, Sindh",5,5,375 Sq. Yd.,For Sale,7/4/2023,PKR6.7 Crore
2613,House,Sindh,Karachi,"Cantt, Karachi, Sindh",5,5,375 Sq. Yd.,For Sale,7/4/2023,PKR6.7 Crore
2614,House,Sindh,Karachi,"Cantt, Karachi, Sindh",5,5,375 Sq. Yd.,For Sale,7/4/2023,PKR6.7 Crore
2615,House,Sindh,Karachi,"Cantt, Karachi, Sindh",5,5,375 Sq. Yd.,For Sale,7/4/2023,PKR6.9 Crore
2616,House,Sindh,Karachi,"Cantt, Karachi, Sindh",5,5,375 Sq. Yd.,For Sale,7/4/2023,PKR6.7 Crore
2617,House,Sindh,Karachi,"Cantt, Karachi, Sindh",5,5,375 Sq. Yd.,For Sale,7/4/2023,PKR7 Crore
2618,Flat,Sindh,Karachi,"Civil Lines, Karachi, Sindh",2,2,220 Sq. Yd.,For Sale,7/4/2023,PKR6.93 Crore
2619,Flat,Sindh,Karachi,"DHA Defence, Karachi, Sindh",2,1,161 Sq. Yd.,For Sale,7/11/2023,PKR5.77 Crore
2620,Flat,Sindh,Karachi,"Civil Lines, Karachi, Sindh",3,3,294 Sq. Yd.,For Sale,7/11/2023,PKR9.28 Crore
2621,Flat,Sindh,Karachi,"Civil Lines, Karachi, Sindh",2,2,220 Sq. Yd.,For Sale,7/11/2023,PKR6.93 Crore
2622,Flat,Sindh,Karachi,"DHA Defence, Karachi, Sindh",-,-,437 Sq. Yd.,For Sale,7/11/2023,PKR17.5 Crore
2623,Flat,Sindh,Karachi,"DHA City Karachi, Karachi, Sindh",3,3,161 Sq. Yd.,For Sale,7/11/2023,PKR1.45 Crore
2624,Flat,Sindh,Karachi,"DHA City Karachi, Karachi, Sindh",2,2,114 Sq. Yd.,For Sale,7/11/2023,PKR95 Lakh
2625,Flat,Sindh,Karachi,"Shahra-e-Faisal, Karachi, Sindh",2,2,199 Sq. Yd.,For Sale,7/11/2023,PKR3.23 Crore
2626,Flat,Sindh,Karachi,"Gizri, Karachi, Sindh",3,3,167 Sq. Yd.,For Sale,7/11/2023,PKR85 Lakh
2627,Flat,Sindh,Karachi,"Jamshed Town, Karachi, Sindh",4,4,267 Sq. Yd.,For Sale,7/11/2023,PKR5 Crore
2628,Flat,Sindh,Karachi,"DHA Defence, Karachi, Sindh",2,2,200 Sq. Yd.,For Sale,7/11/2023,PKR2 Crore
2629,Flat,Sindh,Karachi,"DHA Defence, Karachi, Sindh",2,2,197 Sq. Yd.,For Sale,7/11/2023,PKR4.25 Crore
2630,Upper Portion,Sindh,Karachi,"Gulistan-e-Jauhar, Karachi, Sindh",3,3,300 Sq. Yd.,For Sale,7/4/2023,PKR1.75 Crore
2631,House,Sindh,Karachi,"DHA Defence, Karachi, Sindh",3,3,313 Sq. Yd.,For Sale,6/28/2023,PKR6.25 Crore
2632,Flat,Sindh,Karachi,"Gulshan-e-Iqbal Town, Karachi, Sindh",5,4,556 Sq. Yd.,For Sale,7/18/2023,PKR7 Crore
2633,Flat,Sindh,Karachi,"Gulshan-e-Iqbal Town, Karachi, Sindh",3,3,178 Sq. Yd.,For Sale,7/18/2023,PKR2.55 Crore
2634,Flat,Sindh,Karachi,"Frere Town, Karachi, Sindh",3,3,222 Sq. Yd.,For Sale,7/18/2023,PKR2.5 Crore
2635,Flat,Sindh,Karachi,"Gulistan-e-Jauhar, Karachi, Sindh",1,1,44 Sq. Yd.,For Sale,7/11/2023,PKR23 Lakh
2636,Flat,Sindh,Karachi,"Gulshan-e-Iqbal Town, Karachi, Sindh",1,2,83 Sq. Yd.,For Sale,7/4/2023,PKR50 Lakh
2637,House,Sindh,Karachi,"North Nazimabad, Karachi, Sindh",6,6,600 Sq. Yd.,For Sale,7/11/2023,PKR7.3 Crore
2638,House,Sindh,Karachi,"Naya Nazimabad, Karachi, Sindh",6,6,240 Sq. Yd.,For Sale,7/11/2023,PKR3.65 Crore
2639,Penthouse,Sindh,Karachi,"Nazimabad, Karachi, Sindh",-,-,133 Sq. Yd.,For Sale,7/11/2023,PKR1 Crore
2640,Lower Portion,Sindh,Karachi,"Gulberg Town, Karachi, Sindh",3,2,120 Sq. Yd.,For Sale,7/11/2023,PKR85 Lakh
2641,House,Sindh,Karachi,"Scheme 33, Karachi, Sindh",6,6,120 Sq. Yd.,For Sale,7/11/2023,PKR2.35 Crore
2642,Upper Portion,Sindh,Karachi,"North Nazimabad, Karachi, Sindh",3,3,200 Sq. Yd.,For Sale,7/11/2023,PKR1.5 Crore
2643,Flat,Sindh,Karachi,"Rashid Minhas Road, Karachi, Sindh",4,4,367 Sq. Yd.,For Sale,7/11/2023,PKR4.05 Crore
2644,House,Sindh,Karachi,"DHA Defence, Karachi, Sindh",5,5,666 Sq. Yd.,For Sale,7/11/2023,PKR15 Crore
2645,Upper Portion,Sindh,Karachi,"Gulistan-e-Jauhar, Karachi, Sindh",3,3,300 Sq. Yd.,For Sale,7/11/2023,PKR2.15 Crore
2646,Flat,Sindh,Karachi,"Gulistan-e-Jauhar, Karachi, Sindh",2,2,139 Sq. Yd.,For Sale,7/11/2023,PKR1.54 Crore
2647,Flat,Sindh,Karachi,"DHA Defence, Karachi, Sindh",4,3,267 Sq. Yd.,For Sale,7/11/2023,PKR7 Crore
2648,Flat,Sindh,Karachi,"Frere Town, Karachi, Sindh",3,3,179 Sq. Yd.,For Sale,7/11/2023,PKR3.5 Crore
2649,Flat,Sindh,Karachi,"DHA Defence, Karachi, Sindh",3,3,342 Sq. Yd.,For Sale,7/11/2023,PKR14 Crore
2650,House,Sindh,Karachi,"Cantt, Karachi, Sindh",5,5,500 Sq. Yd.,For Sale,6/27/2023,PKR8.7 Crore
2651,Flat,Sindh,Karachi,"Cantt, Karachi, Sindh",4,3,300 Sq. Yd.,For Sale,6/27/2023,PKR4.15 Crore
2652,House,Sindh,Karachi,"DHA Defence, Karachi, Sindh",6,6,500 Sq. Yd.,For Sale,6/27/2023,PKR17 Crore
2653,House,Sindh,Karachi,"DHA Defence, Karachi, Sindh",6,6,"1,000 Sq. Yd.",For Sale,6/27/2023,PKR25 Crore
2654,Flat,Sindh,Karachi,"DHA Defence, Karachi, Sindh",3,3,128 Sq. Yd.,For Sale,6/27/2023,PKR1.95 Crore
2655,Flat,Sindh,Karachi,"Frere Town, Karachi, Sindh",4,3,200 Sq. Yd.,For Sale,7/18/2023,PKR3.8 Crore
2656,Flat,Sindh,Karachi,"Saddar Town, Karachi, Sindh",3,3,183 Sq. Yd.,For Sale,7/18/2023,PKR2.8 Crore
2657,House,Sindh,Karachi,"Gulistan-e-Jauhar, Karachi, Sindh",6,6,120 Sq. Yd.,For Sale,7/18/2023,PKR2.6 Crore
2658,House,Sindh,Karachi,"Gadap Town, Karachi, Sindh",5,4,120 Sq. Yd.,For Sale,7/18/2023,PKR2.2 Crore
2659,House,Sindh,Karachi,"Gadap Town, Karachi, Sindh",6,6,240 Sq. Yd.,For Sale,7/18/2023,PKR3.75 Crore
2660,Flat,Sindh,Karachi,"North Nazimabad, Karachi, Sindh",3,3,153 Sq. Yd.,For Sale,7/11/2023,PKR1.2 Crore
2661,Lower Portion,Sindh,Karachi,"North Nazimabad, Karachi, Sindh",3,3,211 Sq. Yd.,For Sale,7/11/2023,PKR1.9 Crore
2662,Penthouse,Sindh,Karachi,"North Nazimabad, Karachi, Sindh",4,4,189 Sq. Yd.,For Sale,7/11/2023,PKR2.5 Crore
2663,Penthouse,Sindh,Karachi,"North Nazimabad, Karachi, Sindh",4,4,189 Sq. Yd.,For Sale,7/11/2023,PKR2.5 Crore
2664,Flat,Sindh,Karachi,"North Nazimabad, Karachi, Sindh",2,2,111 Sq. Yd.,For Sale,7/11/2023,PKR96 Lakh
2665,House,Sindh,Karachi,"Gulshan-e-Iqbal Town, Karachi, Sindh",6,6,442 Sq. Yd.,For Sale,7/11/2023,PKR20 Crore
2666,Lower Portion,Sindh,Karachi,"North Nazimabad, Karachi, Sindh",3,3,155 Sq. Yd.,For Sale,7/11/2023,PKR1.4 Crore
2667,House,Sindh,Karachi,"Malir, Karachi, Sindh",4,4,125 Sq. Yd.,For Sale,7/11/2023,PKR2.4 Crore
2668,House,Sindh,Karachi,"DHA Defence, Karachi, Sindh",6,6,500 Sq. Yd.,For Sale,6/28/2023,PKR16.5 Crore
2669,House,Sindh,Karachi,"Malir, Karachi, Sindh",5,6,500 Sq. Yd.,For Sale,6/27/2023,PKR10 Crore
2670,House,Sindh,Karachi,"Bahria Town Karachi, Karachi, Sindh",3,3,125 Sq. Yd.,For Sale,7/3/2023,PKR1.3 Crore
2671,House,Sindh,Karachi,"Bahria Town Karachi, Karachi, Sindh",6,5,272 Sq. Yd.,For Sale,7/4/2023,PKR3.6 Crore
2672,House,Sindh,Karachi,"DHA Defence, Karachi, Sindh",3,3,500 Sq. Yd.,For Sale,6/29/2023,PKR8.5 Crore
2673,House,Sindh,Karachi,"Bahria Town Karachi, Karachi, Sindh",6,5,466 Sq. Yd.,For Sale,6/27/2023,PKR4.5 Crore
2674,House,Sindh,Karachi,"Bahria Town Karachi, Karachi, Sindh",5,5,500 Sq. Yd.,For Sale,7/4/2023,PKR4.3 Crore
2675,House,Sindh,Karachi,"Bahria Town Karachi, Karachi, Sindh",4,4,125 Sq. Yd.,For Sale,6/27/2023,PKR1.55 Crore
2676,House,Sindh,Karachi,"DHA Defence, Karachi, Sindh",6,5,500 Sq. Yd.,For Sale,6/27/2023,PKR13 Crore
2677,House,Sindh,Karachi,"DHA Defence, Karachi, Sindh",6,5,500 Sq. Yd.,For Sale,6/27/2023,PKR11.25 Crore
2678,House,Sindh,Karachi,"DHA Defence, Karachi, Sindh",6,6,500 Sq. Yd.,For Sale,6/27/2023,PKR19 Crore
2679,House,Sindh,Karachi,"DHA Defence, Karachi, Sindh",6,6,600 Sq. Yd.,For Sale,6/27/2023,PKR20 Crore
2680,House,Sindh,Karachi,"Gulistan-e-Jauhar, Karachi, Sindh",5,5,400 Sq. Yd.,For Sale,7/3/2023,PKR9 Crore
2681,Flat,Sindh,Karachi,"Clifton, Karachi, Sindh",5,3,261 Sq. Yd.,For Sale,7/18/2023,PKR6.5 Crore
2682,Flat,Sindh,Karachi,"Cantt, Karachi, Sindh",4,3,305 Sq. Yd.,For Sale,7/4/2023,PKR4 Crore
2683,House,Sindh,Karachi,"Gulistan-e-Jauhar, Karachi, Sindh",6,6,400 Sq. Yd.,For Sale,7/3/2023,PKR9 Crore
2684,House,Sindh,Karachi,"Gadap Town, Karachi, Sindh",4,3,240 Sq. Yd.,For Sale,7/18/2023,PKR2.4 Crore
2685,House,Sindh,Karachi,"Bin Qasim Town, Karachi, Sindh",6,6,140 Sq. Yd.,For Sale,7/11/2023,PKR2.5 Crore
2686,House,Sindh,Karachi,"Bin Qasim Town, Karachi, Sindh",3,2,133 Sq. Yd.,For Sale,7/11/2023,PKR2.1 Crore
2687,House,Sindh,Karachi,"DHA Defence, Karachi, Sindh",5,5,500 Sq. Yd.,For Sale,6/29/2023,PKR10.25 Crore
2688,House,Sindh,Karachi,"Scheme 33, Karachi, Sindh",5,4,120 Sq. Yd.,For Sale,7/11/2023,PKR1.9 Crore
2689,Flat,Sindh,Karachi,"North Karachi, Karachi, Sindh",2,3,72 Sq. Yd.,For Sale,7/11/2023,PKR42 Lakh
2690,Flat,Sindh,Karachi,"North Karachi, Karachi, Sindh",3,5,139 Sq. Yd.,For Sale,7/11/2023,PKR80 Lakh
2691,Flat,Sindh,Karachi,"Gulshan-e-Iqbal Town, Karachi, Sindh",3,3,167 Sq. Yd.,For Sale,6/28/2023,PKR85 Lakh
2692,House,Sindh,Karachi,"Scheme 33, Karachi, Sindh",5,4,120 Sq. Yd.,For Sale,6/28/2023,PKR2.15 Crore
2693,House,Sindh,Karachi,"DHA Defence, Karachi, Sindh",6,6,500 Sq. Yd.,For Sale,6/27/2023,PKR11.4 Crore
2694,Flat,Sindh,Karachi,"DHA Defence, Karachi, Sindh",5,4,418 Sq. Yd.,For Sale,6/27/2023,PKR7.21 Crore
2695,House,Sindh,Karachi,"DHA Defence, Karachi, Sindh",5,4,100 Sq. Yd.,For Sale,6/27/2023,PKR4 Crore
2696,Flat,Sindh,Karachi,"DHA Defence, Karachi, Sindh",3,3,220 Sq. Yd.,For Sale,6/27/2023,PKR3.25 Crore
2697,Flat,Sindh,Karachi,"DHA Defence, Karachi, Sindh",2,2,100 Sq. Yd.,For Sale,6/27/2023,PKR1 Crore
2698,House,Sindh,Karachi,"Bahria Town Karachi, Karachi, Sindh",3,3,200 Sq. Yd.,For Sale,7/3/2023,PKR1.7 Crore
2699,House,Sindh,Karachi,"Bahria Town Karachi, Karachi, Sindh",6,5,500 Sq. Yd.,For Sale,7/3/2023,PKR4.2 Crore
2700,House,Sindh,Karachi,"DHA Defence, Karachi, Sindh",6,6,666 Sq. Yd.,For Sale,6/27/2023,PKR23 Crore
2701,House,Sindh,Karachi,"DHA Defence, Karachi, Sindh",6,5,500 Sq. Yd.,For Sale,6/27/2023,PKR13.5 Crore
2702,House,Sindh,Karachi,"DHA Defence, Karachi, Sindh",6,6,"1,000 Sq. Yd.",For Sale,6/27/2023,PKR26 Crore
2703,House,Sindh,Karachi,"DHA Defence, Karachi, Sindh",6,6,"1,000 Sq. Yd.",For Sale,6/27/2023,PKR35 Crore
2704,House,Sindh,Karachi,"DHA Defence, Karachi, Sindh",6,6,500 Sq. Yd.,For Sale,6/27/2023,PKR15.75 Crore
2705,Flat,Sindh,Karachi,"North Nazimabad, Karachi, Sindh",3,3,150 Sq. Yd.,For Sale,7/18/2023,PKR1.35 Crore
2706,Flat,Sindh,Karachi,"North Nazimabad, Karachi, Sindh",2,2,117 Sq. Yd.,For Sale,7/18/2023,PKR78 Lakh
2707,Flat,Sindh,Karachi,"DHA Defence, Karachi, Sindh",3,3,122 Sq. Yd.,For Sale,7/18/2023,PKR1.3 Crore
2708,House,Sindh,Karachi,"Scheme 33, Karachi, Sindh",5,4,120 Sq. Yd.,For Sale,6/28/2023,PKR2.15 Crore
2709,House,Sindh,Karachi,"Scheme 33, Karachi, Sindh",6,6,240 Sq. Yd.,For Sale,6/28/2023,PKR3.95 Crore
2710,House,Sindh,Karachi,"Scheme 33, Karachi, Sindh",5,6,200 Sq. Yd.,For Sale,7/4/2023,PKR4.75 Crore
2711,House,Sindh,Karachi,"Gulshan-e-Iqbal Town, Karachi, Sindh",6,6,240 Sq. Yd.,For Sale,6/28/2023,PKR6.75 Crore
2712,Flat,Sindh,Karachi,"Gulistan-e-Jauhar, Karachi, Sindh",3,3,133 Sq. Yd.,For Sale,7/3/2023,PKR95 Lakh
2713,Upper Portion,Sindh,Karachi,"Federal B Area, Karachi, Sindh",3,3,120 Sq. Yd.,For Sale,7/4/2023,PKR1.15 Crore
2714,Flat,Sindh,Karachi,"PIB Colony, Karachi, Sindh",3,3,122 Sq. Yd.,For Sale,7/11/2023,PKR75 Lakh
2715,Flat,Sindh,Karachi,"Malir, Karachi, Sindh",3,3,75 Sq. Yd.,For Sale,7/11/2023,PKR40 Lakh
2716,Flat,Sindh,Karachi,"DHA Defence, Karachi, Sindh",5,4,244 Sq. Yd.,For Sale,6/27/2023,PKR3.15 Crore
2717,House,Sindh,Karachi,"DHA Defence, Karachi, Sindh",6,7,945 Sq. Yd.,For Sale,7/11/2023,PKR15.5 Crore
2718,House,Sindh,Karachi,"DHA Defence, Karachi, Sindh",6,6,600 Sq. Yd.,For Sale,7/11/2023,PKR18.5 Crore
2719,House,Sindh,Karachi,"DHA Defence, Karachi, Sindh",3,3,100 Sq. Yd.,For Sale,7/11/2023,PKR4 Crore
2720,Lower Portion,Sindh,Karachi,"Jamshed Town, Karachi, Sindh",4,3,240 Sq. Yd.,For Sale,7/11/2023,PKR3.25 Crore
2721,House,Sindh,Karachi,"Bahria Town Karachi, Karachi, Sindh",3,3,200 Sq. Yd.,For Sale,6/27/2023,PKR1.7 Crore
2722,House,Sindh,Karachi,"Bahria Town Karachi, Karachi, Sindh",3,3,125 Sq. Yd.,For Sale,6/27/2023,PKR1.35 Crore
2723,House,Sindh,Karachi,"Bahria Town Karachi, Karachi, Sindh",3,3,235 Sq. Yd.,For Sale,6/27/2023,PKR1.4 Crore
2724,Flat,Sindh,Karachi,"Bahria Town Karachi, Karachi, Sindh",2,2,106 Sq. Yd.,For Sale,6/27/2023,PKR69 Lakh
2725,House,Sindh,Karachi,"DHA Defence, Karachi, Sindh",5,5,500 Sq. Yd.,For Sale,6/27/2023,PKR16.9 Crore
2726,House,Sindh,Karachi,"DHA Defence, Karachi, Sindh",6,5,500 Sq. Yd.,For Sale,6/27/2023,PKR12.5 Crore
2727,House,Sindh,Karachi,"DHA Defence, Karachi, Sindh",6,6,500 Sq. Yd.,For Sale,6/27/2023,PKR19.5 Crore
2728,House,Sindh,Karachi,"Gadap Town, Karachi, Sindh",6,6,200 Sq. Yd.,For Sale,7/18/2023,PKR3.5 Crore
2729,House,Sindh,Karachi,"Gadap Town, Karachi, Sindh",6,6,200 Sq. Yd.,For Sale,7/18/2023,PKR3.5 Crore
2730,Flat,Sindh,Karachi,"Civil Lines, Karachi, Sindh",5,4,278 Sq. Yd.,For Sale,7/4/2023,PKR7.5 Crore
2731,Flat,Sindh,Karachi,"Civil Lines, Karachi, Sindh",4,3,233 Sq. Yd.,For Sale,7/4/2023,PKR6.25 Crore
2732,House,Sindh,Karachi,"DHA Defence, Karachi, Sindh",6,5,500 Sq. Yd.,For Sale,7/11/2023,PKR11.75 Crore
2733,Flat,Sindh,Karachi,"Scheme 33, Karachi, Sindh",3,3,156 Sq. Yd.,For Sale,7/11/2023,PKR1 Crore
2734,Flat,Sindh,Karachi,"Scheme 33, Karachi, Sindh",3,3,200 Sq. Yd.,For Sale,7/11/2023,PKR1.2 Crore
2735,Flat,Sindh,Karachi,"North Karachi, Karachi, Sindh",1,-,53 Sq. Yd.,For Sale,7/4/2023,PKR26 Lakh
2736,House,Sindh,Karachi,"Bahria Town Karachi, Karachi, Sindh",3,3,152 Sq. Yd.,For Sale,7/11/2023,PKR1.3 Crore
2737,House,Sindh,Karachi,"Bahria Town Karachi, Karachi, Sindh",3,3,152 Sq. Yd.,For Sale,7/11/2023,PKR1.48 Crore
2738,House,Sindh,Karachi,"Bahria Town Karachi, Karachi, Sindh",3,3,152 Sq. Yd.,For Sale,7/11/2023,PKR1.63 Crore
2739,House,Sindh,Karachi,"Bahria Town Karachi, Karachi, Sindh",3,3,152 Sq. Yd.,For Sale,7/11/2023,PKR1.85 Crore
2740,House,Sindh,Karachi,"DHA Defence, Karachi, Sindh",6,5,400 Sq. Yd.,For Sale,6/27/2023,PKR8.2 Crore
2741,House,Sindh,Karachi,"DHA Defence, Karachi, Sindh",6,5,500 Sq. Yd.,For Sale,6/27/2023,PKR16.5 Crore
2742,House,Sindh,Karachi,"Bahria Town Karachi, Karachi, Sindh",3,3,125 Sq. Yd.,For Sale,6/27/2023,PKR1.4 Crore
2743,Flat,Sindh,Karachi,"DHA Defence, Karachi, Sindh",2,2,106 Sq. Yd.,For Sale,6/27/2023,PKR1.48 Crore
2744,Flat,Sindh,Karachi,"DHA Defence, Karachi, Sindh",3,3,200 Sq. Yd.,For Sale,6/27/2023,PKR3.5 Crore
2745,House,Sindh,Karachi,"Bahria Town Karachi, Karachi, Sindh",3,3,79 Sq. Yd.,For Sale,6/27/2023,PKR71.23 Lakh
2746,House,Sindh,Karachi,"DHA Defence, Karachi, Sindh",6,5,300 Sq. Yd.,For Sale,7/2/2023,PKR11.5 Crore
2747,House,Sindh,Karachi,"DHA Defence, Karachi, Sindh",6,6,500 Sq. Yd.,For Sale,6/27/2023,PKR17 Crore
2748,House,Sindh,Karachi,"Cantt, Karachi, Sindh",7,5,375 Sq. Yd.,For Sale,6/27/2023,PKR6.99 Crore
2749,House,Sindh,Karachi,"DHA Defence, Karachi, Sindh",6,6,666 Sq. Yd.,For Sale,6/27/2023,PKR22 Crore
2750,House,Sindh,Karachi,"Bahria Town Karachi, Karachi, Sindh",4,4,350 Sq. Yd.,For Sale,7/2/2023,PKR2.25 Crore
2751,House,Sindh,Karachi,"Bahria Town Karachi, Karachi, Sindh",4,3,125 Sq. Yd.,For Sale,7/4/2023,PKR1.35 Crore
2752,Flat,Sindh,Karachi,"Clifton, Karachi, Sindh",5,4,250 Sq. Yd.,For Sale,7/4/2023,PKR4.5 Crore
2753,Flat,Sindh,Karachi,"Bath Island, Karachi, Sindh",4,3,244 Sq. Yd.,For Sale,7/4/2023,PKR6.1 Crore
2754,Flat,Sindh,Karachi,"Frere Town, Karachi, Sindh",4,3,222 Sq. Yd.,For Sale,7/4/2023,PKR4 Crore
2755,Flat,Sindh,Karachi,"Bath Island, Karachi, Sindh",4,3,244 Sq. Yd.,For Sale,7/4/2023,PKR6.75 Crore
2756,Flat,Sindh,Karachi,"Frere Town, Karachi, Sindh",4,3,222 Sq. Yd.,For Sale,7/4/2023,PKR4.75 Crore
2757,House,Sindh,Karachi,"Bahria Town Karachi, Karachi, Sindh",3,3,235 Sq. Yd.,For Sale,7/11/2023,PKR1.65 Crore
2758,House,Sindh,Karachi,"Bahria Town Karachi, Karachi, Sindh",3,3,200 Sq. Yd.,For Sale,7/11/2023,PKR1.75 Crore
2759,House,Sindh,Karachi,"Bahria Town Karachi, Karachi, Sindh",3,3,200 Sq. Yd.,For Sale,7/11/2023,PKR1.8 Crore
2760,House,Sindh,Karachi,"Bahria Town Karachi, Karachi, Sindh",3,3,200 Sq. Yd.,For Sale,7/11/2023,PKR2.35 Crore
2761,House,Sindh,Karachi,"Bahria Town Karachi, Karachi, Sindh",3,3,152 Sq. Yd.,For Sale,7/11/2023,PKR1.85 Crore
2762,House,Sindh,Karachi,"Bahria Town Karachi, Karachi, Sindh",3,3,200 Sq. Yd.,For Sale,7/11/2023,PKR2.3 Crore
2763,House,Sindh,Karachi,"Malir, Karachi, Sindh",5,5,500 Sq. Yd.,For Sale,7/3/2023,PKR9.5 Crore
2764,Flat,Sindh,Karachi,"DHA Defence, Karachi, Sindh",4,4,211 Sq. Yd.,For Sale,6/27/2023,PKR3.5 Crore
2765,Flat,Sindh,Karachi,"DHA Defence, Karachi, Sindh",3,2,182 Sq. Yd.,For Sale,6/27/2023,PKR5.6 Crore
2766,House,Sindh,Karachi,"Bahria Town Karachi, Karachi, Sindh",3,3,200 Sq. Yd.,For Sale,7/4/2023,PKR1.85 Crore
2767,House,Sindh,Karachi,"Bahria Town Karachi, Karachi, Sindh",4,3,125 Sq. Yd.,For Sale,7/4/2023,PKR1.55 Crore
2768,Flat,Sindh,Karachi,"Cantt, Karachi, Sindh",3,3,286 Sq. Yd.,For Sale,6/27/2023,PKR3.25 Crore
2769,Flat,Sindh,Karachi,"Cantt, Karachi, Sindh",3,3,286 Sq. Yd.,For Sale,6/27/2023,PKR3.3 Crore
2770,Flat,Sindh,Karachi,"Malir, Karachi, Sindh",4,3,244 Sq. Yd.,For Sale,6/27/2023,PKR3.4 Crore
2771,Flat,Sindh,Karachi,"Cantt, Karachi, Sindh",3,3,286 Sq. Yd.,For Sale,6/27/2023,PKR3.8 Crore
2772,Flat,Sindh,Karachi,"Cantt, Karachi, Sindh",3,3,286 Sq. Yd.,For Sale,6/27/2023,PKR3.9 Crore
2773,Flat,Sindh,Karachi,"Cantt, Karachi, Sindh",3,3,286 Sq. Yd.,For Sale,6/27/2023,PKR3.9 Crore
2774,Flat,Sindh,Karachi,"Cantt, Karachi, Sindh",3,3,289 Sq. Yd.,For Sale,6/27/2023,PKR3.75 Crore
2775,Flat,Sindh,Karachi,"Clifton, Karachi, Sindh",3,3,200 Sq. Yd.,For Sale,7/4/2023,PKR4.75 Crore
2776,Flat,Sindh,Karachi,"Bath Island, Karachi, Sindh",3,3,200 Sq. Yd.,For Sale,7/4/2023,PKR3 Crore
2777,House,Sindh,Karachi,"Bath Island, Karachi, Sindh",5,4,220 Sq. Yd.,For Sale,7/18/2023,PKR8.25 Crore
2778,Flat,Sindh,Karachi,"Bath Island, Karachi, Sindh",4,3,244 Sq. Yd.,For Sale,7/4/2023,PKR5.5 Crore
2779,House,Sindh,Karachi,"Bahria Town Karachi, Karachi, Sindh",3,3,350 Sq. Yd.,For Sale,7/18/2023,PKR2.15 Crore
2780,Lower Portion,Sindh,Karachi,"Scheme 33, Karachi, Sindh",2,2,111 Sq. Yd.,For Sale,7/2/2023,PKR95 Lakh
2781,Upper Portion,Sindh,Karachi,"Scheme 33, Karachi, Sindh",4,4,120 Sq. Yd.,For Sale,7/2/2023,PKR1.2 Crore
2782,Lower Portion,Sindh,Karachi,"Gulshan-e-Iqbal Town, Karachi, Sindh",3,3,170 Sq. Yd.,For Sale,7/11/2023,PKR2 Crore
2783,Flat,Sindh,Karachi,"Suparco Road, Karachi, Sindh",3,3,194 Sq. Yd.,For Sale,7/11/2023,PKR1.55 Crore
2784,Flat,Sindh,Karachi,"Cantt, Karachi, Sindh",4,3,267 Sq. Yd.,For Sale,6/30/2023,PKR4.15 Crore
2785,Flat,Sindh,Karachi,"Gulshan-e-Iqbal Town, Karachi, Sindh",3,3,183 Sq. Yd.,For Sale,7/11/2023,PKR1.95 Crore
2786,Flat,Sindh,Karachi,"Gulistan-e-Jauhar, Karachi, Sindh",2,2,83 Sq. Yd.,For Sale,7/11/2023,PKR55 Lakh
2787,House,Sindh,Karachi,"Malir, Karachi, Sindh",5,4,350 Sq. Yd.,For Sale,6/27/2023,PKR8 Crore
2788,House,Sindh,Karachi,"Malir, Karachi, Sindh",4,4,350 Sq. Yd.,For Sale,6/30/2023,PKR7.6 Crore
2789,House,Sindh,Karachi,"Malir, Karachi, Sindh",5,5,500 Sq. Yd.,For Sale,6/30/2023,PKR8.5 Crore
2790,House,Sindh,Karachi,"Malir, Karachi, Sindh",5,5,500 Sq. Yd.,For Sale,7/4/2023,PKR10.6 Crore
2791,Flat,Sindh,Karachi,"Cantt, Karachi, Sindh",3,3,300 Sq. Yd.,For Sale,6/27/2023,PKR4.05 Crore
2792,Flat,Sindh,Karachi,"Cantt, Karachi, Sindh",3,3,300 Sq. Yd.,For Sale,6/27/2023,PKR4 Crore
2793,House,Sindh,Karachi,"Malir, Karachi, Sindh",5,4,350 Sq. Yd.,For Sale,6/27/2023,PKR8 Crore
2794,House,Sindh,Karachi,"Cantt, Karachi, Sindh",5,5,375 Sq. Yd.,For Sale,6/27/2023,PKR7.2 Crore
2795,House,Sindh,Karachi,"Cantt, Karachi, Sindh",7,5,375 Sq. Yd.,For Sale,6/27/2023,PKR6.99 Crore
2796,Flat,Sindh,Karachi,"Cantt, Karachi, Sindh",4,3,300 Sq. Yd.,For Sale,6/27/2023,PKR4 Crore
2797,House,Sindh,Karachi,"Cantt, Karachi, Sindh",5,5,375 Sq. Yd.,For Sale,6/27/2023,PKR7.25 Crore
2798,House,Sindh,Karachi,"Cantt, Karachi, Sindh",5,5,375 Sq. Yd.,For Sale,6/27/2023,PKR7.45 Crore
2799,Flat,Sindh,Karachi,"Rashid Minhas Road, Karachi, Sindh",3,3,156 Sq. Yd.,For Sale,7/18/2023,PKR2.5 Crore
2800,House,Sindh,Karachi,"Bahria Town Karachi, Karachi, Sindh",3,3,125 Sq. Yd.,For Sale,7/18/2023,PKR1.45 Crore
2801,Flat,Sindh,Karachi,"North Nazimabad, Karachi, Sindh",2,2,122 Sq. Yd.,For Sale,7/4/2023,PKR1.4 Crore
2802,Flat,Sindh,Karachi,"Rashid Minhas Road, Karachi, Sindh",5,4,272 Sq. Yd.,For Sale,7/18/2023,PKR4.25 Crore
2803,Flat,Sindh,Karachi,"Rashid Minhas Road, Karachi, Sindh",4,3,211 Sq. Yd.,For Sale,7/18/2023,PKR3.25 Crore
2804,Flat,Sindh,Karachi,"North Karachi, Karachi, Sindh",2,4,94 Sq. Yd.,For Sale,7/11/2023,PKR60 Lakh
2805,House,Sindh,Karachi,"Scheme 33, Karachi, Sindh",4,4,120 Sq. Yd.,For Sale,7/11/2023,PKR1.8 Crore
2806,House,Sindh,Karachi,"Scheme 33, Karachi, Sindh",4,4,120 Sq. Yd.,For Sale,7/11/2023,PKR2.75 Crore
2807,House,Sindh,Karachi,"Gadap Town, Karachi, Sindh",5,4,120 Sq. Yd.,For Sale,7/4/2023,PKR2 Crore
2808,Upper Portion,Sindh,Karachi,"Gulistan-e-Jauhar, Karachi, Sindh",3,3,200 Sq. Yd.,For Sale,7/4/2023,PKR1.55 Crore
2809,Flat,Sindh,Karachi,"Bahria Town Karachi, Karachi, Sindh",1,-,31 Sq. Yd.,For Sale,7/11/2023,PKR27.6 Lakh
2810,Upper Portion,Sindh,Karachi,"Federal B Area, Karachi, Sindh",-,-,83 Sq. Yd.,For Sale,7/4/2023,PKR63 Lakh
2811,Upper Portion,Sindh,Karachi,"Federal B Area, Karachi, Sindh",-,-,83 Sq. Yd.,For Sale,7/4/2023,PKR63 Lakh
2812,Flat,Sindh,Karachi,"Cantt, Karachi, Sindh",4,4,330 Sq. Yd.,For Sale,6/27/2023,PKR4.3 Crore
2813,Flat,Sindh,Karachi,"Cantt, Karachi, Sindh",4,4,330 Sq. Yd.,For Sale,6/27/2023,PKR4.5 Crore
2814,House,Sindh,Karachi,"DHA Defence, Karachi, Sindh",6,5,500 Sq. Yd.,For Sale,6/27/2023,PKR11.25 Crore
2815,Flat,Sindh,Karachi,"Cantt, Karachi, Sindh",4,3,289 Sq. Yd.,For Sale,6/27/2023,PKR3.6 Crore
2816,Flat,Sindh,Karachi,"Cantt, Karachi, Sindh",4,3,289 Sq. Yd.,For Sale,6/27/2023,PKR3.6 Crore
2817,Flat,Sindh,Karachi,"Cantt, Karachi, Sindh",4,3,289 Sq. Yd.,For Sale,6/27/2023,PKR3.8 Crore
2818,Flat,Sindh,Karachi,"Cantt, Karachi, Sindh",4,3,289 Sq. Yd.,For Sale,6/27/2023,PKR3.8 Crore
2819,Flat,Sindh,Karachi,"Cantt, Karachi, Sindh",4,3,289 Sq. Yd.,For Sale,6/27/2023,PKR3.85 Crore
2820,House,Sindh,Karachi,"Malir, Karachi, Sindh",5,5,500 Sq. Yd.,For Sale,6/27/2023,PKR10 Crore
2821,House,Sindh,Karachi,"Cantt, Karachi, Sindh",6,6,375 Sq. Yd.,For Sale,6/27/2023,PKR7.5 Crore
2822,House,Sindh,Karachi,"Cantt, Karachi, Sindh",6,5,375 Sq. Yd.,For Sale,6/27/2023,PKR7.5 Crore
2823,House,Sindh,Karachi,"Cantt, Karachi, Sindh",6,5,375 Sq. Yd.,For Sale,6/27/2023,PKR7.5 Crore
2824,Flat,Sindh,Karachi,"Gulshan-e-Iqbal Town, Karachi, Sindh",4,3,189 Sq. Yd.,For Sale,7/18/2023,PKR2.5 Crore
2825,Flat,Sindh,Karachi,"DHA Defence, Karachi, Sindh",3,3,127 Sq. Yd.,For Sale,7/18/2023,PKR1.95 Crore
2826,Lower Portion,Sindh,Karachi,"Gulshan-e-Iqbal Town, Karachi, Sindh",3,3,280 Sq. Yd.,For Sale,6/29/2023,PKR3.25 Crore
2827,Flat,Sindh,Karachi,"Gulistan-e-Jauhar, Karachi, Sindh",3,3,150 Sq. Yd.,For Sale,7/11/2023,PKR59 Lakh
2828,House,Sindh,Karachi,"Scheme 33, Karachi, Sindh",6,6,240 Sq. Yd.,For Sale,7/11/2023,PKR4.5 Crore
2829,House,Sindh,Karachi,"Bahria Town Karachi, Karachi, Sindh",3,3,235 Sq. Yd.,For Sale,7/11/2023,PKR1.55 Crore
2830,House,Sindh,Karachi,"DHA Defence, Karachi, Sindh",6,6,500 Sq. Yd.,For Sale,7/11/2023,PKR21 Crore
2831,House,Sindh,Karachi,"Scheme 33, Karachi, Sindh",5,4,120 Sq. Yd.,For Sale,7/11/2023,PKR2 Crore
2832,Flat,Sindh,Karachi,"Rabia City, Karachi, Sindh",2,2,78 Sq. Yd.,For Sale,7/11/2023,PKR40 Lakh
2833,Flat,Sindh,Karachi,"DHA Defence, Karachi, Sindh",1,2,50 Sq. Yd.,For Sale,7/11/2023,PKR55 Lakh
2834,Flat,Sindh,Karachi,"DHA Defence, Karachi, Sindh",5,4,292 Sq. Yd.,For Sale,6/29/2023,PKR8.8 Crore
2835,Flat,Sindh,Karachi,"DHA Defence, Karachi, Sindh",5,3,272 Sq. Yd.,For Sale,7/4/2023,PKR7.2 Crore
2836,Flat,Sindh,Karachi,"Cantt, Karachi, Sindh",4,3,267 Sq. Yd.,For Sale,6/27/2023,PKR6.3 Crore
2837,House,Sindh,Karachi,"Cantt, Karachi, Sindh",5,5,500 Sq. Yd.,For Sale,6/27/2023,PKR9 Crore
2838,House,Sindh,Karachi,"Cantt, Karachi, Sindh",4,3,311 Sq. Yd.,For Sale,6/30/2023,PKR5.8 Crore
2839,Flat,Sindh,Karachi,"Cantt, Karachi, Sindh",4,3,284 Sq. Yd.,For Sale,6/27/2023,PKR3.8 Crore
2840,Flat,Sindh,Karachi,"DHA Defence, Karachi, Sindh",3,3,122 Sq. Yd.,For Sale,6/27/2023,PKR1.5 Crore
2841,House,Sindh,Karachi,"DHA Defence, Karachi, Sindh",6,6,500 Sq. Yd.,For Sale,6/27/2023,PKR9.15 Crore
2842,House,Sindh,Karachi,"DHA Defence, Karachi, Sindh",5,4,300 Sq. Yd.,For Sale,6/27/2023,PKR7.25 Crore
2843,House,Sindh,Karachi,"DHA Defence, Karachi, Sindh",6,6,500 Sq. Yd.,For Sale,6/27/2023,PKR16.5 Crore
2844,House,Sindh,Karachi,"DHA Defence, Karachi, Sindh",7,6,500 Sq. Yd.,For Sale,6/27/2023,PKR15.9 Crore
2845,House,Sindh,Karachi,"Bahria Town Karachi, Karachi, Sindh",3,3,350 Sq. Yd.,For Sale,6/27/2023,PKR1.97 Crore
2846,House,Sindh,Karachi,"Gulistan-e-Jauhar, Karachi, Sindh",5,5,200 Sq. Yd.,For Sale,7/4/2023,PKR4.8 Crore
2847,House,Sindh,Karachi,"Jamshed Town, Karachi, Sindh",6,6,625 Sq. Yd.,For Sale,7/2/2023,PKR12.5 Crore
2848,Upper Portion,Sindh,Karachi,"Jamshed Town, Karachi, Sindh",3,3,150 Sq. Yd.,For Sale,7/4/2023,PKR1.78 Crore
2849,House,Sindh,Karachi,"Gulistan-e-Jauhar, Karachi, Sindh",6,6,240 Sq. Yd.,For Sale,7/4/2023,PKR5.4 Crore
2850,House,Sindh,Karachi,"Bahria Town Karachi, Karachi, Sindh",6,5,272 Sq. Yd.,For Sale,7/4/2023,PKR4.1 Crore
2851,Flat,Sindh,Karachi,"Gulshan-e-Iqbal Town, Karachi, Sindh",2,2,122 Sq. Yd.,For Sale,7/4/2023,PKR1.4 Crore
2852,House,Sindh,Karachi,"Gadap Town, Karachi, Sindh",5,4,145 Sq. Yd.,For Sale,7/11/2023,PKR2.5 Crore
2853,Flat,Sindh,Karachi,"Gulistan-e-Jauhar, Karachi, Sindh",3,3,139 Sq. Yd.,For Sale,7/11/2023,PKR1.1 Crore
2854,Upper Portion,Sindh,Karachi,"Shah Faisal Town, Karachi, Sindh",3,3,160 Sq. Yd.,For Sale,7/4/2023,PKR1.2 Crore
2855,House,Sindh,Karachi,"Gulistan-e-Jauhar, Karachi, Sindh",4,4,120 Sq. Yd.,For Sale,7/4/2023,PKR3.2 Crore
2856,Upper Portion,Sindh,Karachi,"Federal B Area, Karachi, Sindh",3,3,130 Sq. Yd.,For Sale,7/11/2023,PKR95 Lakh
2857,House,Sindh,Karachi,"Federal B Area, Karachi, Sindh",6,6,160 Sq. Yd.,For Sale,7/11/2023,PKR3.25 Crore
2858,Flat,Sindh,Karachi,"DHA Defence, Karachi, Sindh",3,3,156 Sq. Yd.,For Sale,7/11/2023,PKR2.2 Crore
2859,House,Sindh,Karachi,"Bahria Town Karachi, Karachi, Sindh",3,3,152 Sq. Yd.,For Sale,7/3/2023,PKR1.75 Crore
2860,Flat,Sindh,Karachi,"Bahria Town Karachi, Karachi, Sindh",2,2,35 Sq. Yd.,For Sale,6/27/2023,PKR27.84 Lakh
2861,House,Sindh,Karachi,"Bahria Town Karachi, Karachi, Sindh",5,5,500 Sq. Yd.,For Sale,6/27/2023,PKR4 Crore
2862,Flat,Sindh,Karachi,"DHA Defence, Karachi, Sindh",4,3,267 Sq. Yd.,For Sale,6/27/2023,PKR4.6 Crore
2863,Flat,Sindh,Karachi,"Gulshan-e-Iqbal Town, Karachi, Sindh",2,2,111 Sq. Yd.,For Sale,7/11/2023,PKR1.55 Crore
2864,Flat,Sindh,Karachi,"DHA Defence, Karachi, Sindh",2,2,206 Sq. Yd.,For Sale,7/11/2023,PKR6.5 Crore
2865,Flat,Sindh,Karachi,"DHA Defence, Karachi, Sindh",1,1,144 Sq. Yd.,For Sale,7/11/2023,PKR4 Crore
2866,Flat,Sindh,Karachi,"DHA Defence, Karachi, Sindh",2,2,100 Sq. Yd.,For Sale,6/27/2023,PKR1.5 Crore
2867,House,Sindh,Karachi,"DHA Defence, Karachi, Sindh",2,2,100 Sq. Yd.,For Sale,6/27/2023,PKR1.65 Crore
2868,Flat,Sindh,Karachi,"Bahria Town Karachi, Karachi, Sindh",4,3,144 Sq. Yd.,For Sale,6/27/2023,PKR1.4 Crore
2869,Flat,Sindh,Karachi,"Malir, Karachi, Sindh",2,2,67 Sq. Yd.,For Sale,7/1/2023,PKR55 Lakh
2870,Flat,Sindh,Karachi,"DHA Defence, Karachi, Sindh",3,3,117 Sq. Yd.,For Sale,6/27/2023,PKR1.25 Crore
2871,Upper Portion,Sindh,Karachi,"Jamshed Town, Karachi, Sindh",4,3,150 Sq. Yd.,For Sale,7/4/2023,PKR1.78 Crore
2872,House,Sindh,Karachi,"Gulistan-e-Jauhar, Karachi, Sindh",6,6,300 Sq. Yd.,For Sale,7/4/2023,PKR6 Crore
2873,Upper Portion,Sindh,Karachi,"Gulshan-e-Iqbal Town, Karachi, Sindh",4,3,139 Sq. Yd.,For Sale,7/4/2023,PKR2.3 Crore
2874,House,Sindh,Karachi,"Bahria Town Karachi, Karachi, Sindh",4,4,350 Sq. Yd.,For Sale,7/18/2023,PKR2.05 Crore
2875,Flat,Sindh,Karachi,"Clifton, Karachi, Sindh",3,3,244 Sq. Yd.,For Sale,7/18/2023,PKR5 Crore
2876,Flat,Sindh,Karachi,"Gulistan-e-Jauhar, Karachi, Sindh",2,2,72 Sq. Yd.,For Sale,7/11/2023,PKR35 Lakh
2877,Flat,Sindh,Karachi,"Gulistan-e-Jauhar, Karachi, Sindh",2,2,106 Sq. Yd.,For Sale,6/30/2023,PKR45 Lakh
2878,House,Sindh,Karachi,"Bahria Town Karachi, Karachi, Sindh",3,3,200 Sq. Yd.,For Sale,7/11/2023,PKR1.7 Crore
2879,Flat,Sindh,Karachi,"Scheme 33, Karachi, Sindh",3,2,89 Sq. Yd.,For Sale,7/11/2023,PKR78 Lakh
2880,Flat,Sindh,Karachi,"Scheme 33, Karachi, Sindh",2,2,89 Sq. Yd.,For Sale,7/11/2023,PKR79 Lakh
2881,Flat,Sindh,Karachi,"Gulshan-e-Iqbal Town, Karachi, Sindh",3,3,178 Sq. Yd.,For Sale,7/11/2023,PKR2 Crore
2882,House,Sindh,Karachi,"Gulshan-e-Iqbal Town, Karachi, Sindh",-,-,320 Sq. Yd.,For Sale,7/18/2023,PKR9.5 Crore
2883,Upper Portion,Sindh,Karachi,"Gulistan-e-Jauhar, Karachi, Sindh",4,3,300 Sq. Yd.,For Sale,7/18/2023,PKR1.3 Crore
2884,House,Sindh,Karachi,"Cantt, Karachi, Sindh",5,5,375 Sq. Yd.,For Sale,6/27/2023,PKR7.05 Crore
2885,Flat,Sindh,Karachi,"DHA Defence, Karachi, Sindh",3,2,122 Sq. Yd.,For Sale,6/27/2023,PKR1.25 Crore
2886,Flat,Sindh,Karachi,"Cantt, Karachi, Sindh",3,3,300 Sq. Yd.,For Sale,6/27/2023,PKR3.9 Crore
2887,Flat,Sindh,Karachi,"Cantt, Karachi, Sindh",3,3,300 Sq. Yd.,For Sale,6/27/2023,PKR3.85 Crore
2888,Flat,Sindh,Karachi,"DHA Defence, Karachi, Sindh",2,-,56 Sq. Yd.,For Sale,7/4/2023,PKR60 Lakh
2889,Flat,Sindh,Karachi,"Clifton, Karachi, Sindh",5,4,311 Sq. Yd.,For Sale,6/27/2023,PKR3.35 Crore
2890,Flat,Sindh,Karachi,"Bahria Town Karachi, Karachi, Sindh",2,2,106 Sq. Yd.,For Sale,6/27/2023,PKR70 Lakh
2891,House,Sindh,Karachi,"Cantt, Karachi, Sindh",5,5,375 Sq. Yd.,For Sale,7/1/2023,PKR7 Crore
2892,House,Sindh,Karachi,"DHA Defence, Karachi, Sindh",6,5,300 Sq. Yd.,For Sale,6/27/2023,PKR7 Crore
2893,House,Sindh,Karachi,"DHA Defence, Karachi, Sindh",5,4,500 Sq. Yd.,For Sale,6/27/2023,PKR11.5 Crore
2894,Flat,Sindh,Karachi,"DHA Defence, Karachi, Sindh",5,3,272 Sq. Yd.,For Sale,6/29/2023,PKR7 Crore
2895,House,Sindh,Karachi,"Malir, Karachi, Sindh",4,4,350 Sq. Yd.,For Sale,6/30/2023,PKR7.1 Crore
2896,House,Sindh,Karachi,"DHA Defence, Karachi, Sindh",5,5,500 Sq. Yd.,For Sale,7/18/2023,PKR10.75 Crore
2897,House,Sindh,Karachi,"DHA Defence, Karachi, Sindh",6,6,"1,000 Sq. Yd.",For Sale,7/18/2023,PKR26.5 Crore
2898,House,Sindh,Karachi,"Bahria Town Karachi, Karachi, Sindh",3,3,152 Sq. Yd.,For Sale,7/18/2023,PKR1.7 Crore
2899,House,Sindh,Karachi,"DHA Defence, Karachi, Sindh",6,6,300 Sq. Yd.,For Sale,7/18/2023,PKR7.2 Crore
2900,House,Sindh,Karachi,"Gulshan-e-Iqbal Town, Karachi, Sindh",6,9,240 Sq. Yd.,For Sale,6/29/2023,PKR5.5 Crore
2901,House,Sindh,Karachi,"Scheme 33, Karachi, Sindh",5,4,120 Sq. Yd.,For Sale,7/4/2023,PKR2.75 Crore
2902,Flat,Sindh,Karachi,"DHA Defence, Karachi, Sindh",3,2,194 Sq. Yd.,For Sale,6/30/2023,PKR3.75 Crore
2903,House,Sindh,Karachi,"Scheme 33, Karachi, Sindh",6,6,200 Sq. Yd.,For Sale,7/4/2023,PKR4.25 Crore
2904,Flat,Sindh,Karachi,"DHA Defence, Karachi, Sindh",3,2,180 Sq. Yd.,For Sale,6/27/2023,PKR3.5 Crore
2905,House,Sindh,Karachi,"Scheme 33, Karachi, Sindh",6,4,120 Sq. Yd.,For Sale,7/4/2023,PKR2.85 Crore
2906,House,Sindh,Karachi,"Scheme 33, Karachi, Sindh",5,4,120 Sq. Yd.,For Sale,7/4/2023,PKR2.18 Crore
2907,House,Sindh,Karachi,"Scheme 33, Karachi, Sindh",5,4,120 Sq. Yd.,For Sale,7/4/2023,PKR3.2 Crore
2908,Flat,Sindh,Karachi,"DHA Defence, Karachi, Sindh",2,1,237 Sq. Yd.,For Sale,6/27/2023,PKR2.94 Crore
2909,Flat,Sindh,Karachi,"DHA Defence, Karachi, Sindh",5,4,372 Sq. Yd.,For Sale,6/27/2023,PKR7.9 Crore
2910,Flat,Sindh,Karachi,"Bahria Town Karachi, Karachi, Sindh",1,1,64 Sq. Yd.,For Sale,6/27/2023,PKR62 Lakh
2911,Flat,Sindh,Karachi,"Cantt, Karachi, Sindh",3,3,267 Sq. Yd.,For Sale,6/27/2023,PKR3.7 Crore
2912,House,Sindh,Karachi,"DHA Defence, Karachi, Sindh",6,6,500 Sq. Yd.,For Sale,6/27/2023,PKR10.5 Crore
2913,Flat,Sindh,Karachi,"Bahria Town Karachi, Karachi, Sindh",1,1,64 Sq. Yd.,For Sale,6/27/2023,PKR62 Lakh
2914,Flat,Sindh,Karachi,"DHA Defence, Karachi, Sindh",4,2,180 Sq. Yd.,For Sale,6/29/2023,PKR7 Crore
2915,House,Sindh,Karachi,"Cantt, Karachi, Sindh",7,5,375 Sq. Yd.,For Sale,6/27/2023,PKR6.99 Crore
2916,House,Sindh,Karachi,"DHA Defence, Karachi, Sindh",6,6,500 Sq. Yd.,For Sale,6/27/2023,PKR17 Crore
2917,House,Sindh,Karachi,"Cantt, Karachi, Sindh",6,5,427 Sq. Yd.,For Sale,6/27/2023,PKR9.5 Crore
2918,House,Sindh,Karachi,"Cantt, Karachi, Sindh",6,5,375 Sq. Yd.,For Sale,6/27/2023,PKR7.5 Crore
2919,House,Sindh,Karachi,"Cantt, Karachi, Sindh",6,5,375 Sq. Yd.,For Sale,6/27/2023,PKR7.35 Crore
2920,House,Sindh,Karachi,"Cantt, Karachi, Sindh",6,5,427 Sq. Yd.,For Sale,6/27/2023,PKR9.5 Crore
2921,Flat,Sindh,Karachi,"Maskan Chowrangi, Karachi, Sindh",2,2,72 Sq. Yd.,For Sale,6/29/2023,PKR80 Lakh
2922,Flat,Sindh,Karachi,"North Nazimabad, Karachi, Sindh",2,2,94 Sq. Yd.,For Sale,7/18/2023,PKR60 Lakh
2923,Flat,Sindh,Karachi,"DHA Defence, Karachi, Sindh",4,3,194 Sq. Yd.,For Sale,7/18/2023,PKR3 Crore
2924,House,Sindh,Karachi,"DHA Defence, Karachi, Sindh",6,5,500 Sq. Yd.,For Sale,7/18/2023,PKR18.25 Crore
2925,House,Sindh,Karachi,"DHA Defence, Karachi, Sindh",6,6,500 Sq. Yd.,For Sale,7/18/2023,PKR16.5 Crore
2926,House,Sindh,Karachi,"Federal B Area, Karachi, Sindh",-,-,400 Sq. Yd.,For Sale,7/18/2023,PKR8.1 Crore
2927,House,Sindh,Karachi,"Federal B Area, Karachi, Sindh",-,-,400 Sq. Yd.,For Sale,7/18/2023,PKR8.6 Crore
2928,Upper Portion,Sindh,Karachi,"Gulshan-e-Iqbal Town, Karachi, Sindh",3,3,400 Sq. Yd.,For Sale,7/18/2023,PKR2.95 Crore
2929,House,Sindh,Karachi,"DHA Defence, Karachi, Sindh",6,5,500 Sq. Yd.,For Sale,7/18/2023,PKR15 Crore
2930,Flat,Sindh,Karachi,"Gulshan-e-Iqbal Town, Karachi, Sindh",3,3,183 Sq. Yd.,For Sale,7/18/2023,PKR1.3 Crore
2931,Flat,Sindh,Karachi,"Amil Colony, Karachi, Sindh",3,3,189 Sq. Yd.,For Sale,7/18/2023,PKR4.25 Crore
2932,Flat,Sindh,Karachi,"Gulshan-e-Iqbal Town, Karachi, Sindh",-,-,200 Sq. Yd.,For Sale,7/18/2023,PKR2 Crore
2933,Flat,Sindh,Karachi,"Shah Faisal Town, Karachi, Sindh",3,3,122 Sq. Yd.,For Sale,7/4/2023,PKR65 Lakh
2934,House,Sindh,Karachi,"Cantt, Karachi, Sindh",6,5,375 Sq. Yd.,For Sale,6/27/2023,PKR8.5 Crore
2935,House,Sindh,Karachi,"Cantt, Karachi, Sindh",5,5,375 Sq. Yd.,For Sale,6/27/2023,PKR7 Crore
2936,Flat,Sindh,Karachi,"Cantt, Karachi, Sindh",3,3,286 Sq. Yd.,For Sale,6/27/2023,PKR3.9 Crore
2937,Flat,Sindh,Karachi,"Cantt, Karachi, Sindh",3,3,286 Sq. Yd.,For Sale,6/27/2023,PKR3.85 Crore
2938,Flat,Sindh,Karachi,"Malir, Karachi, Sindh",4,3,196 Sq. Yd.,For Sale,6/27/2023,PKR1.92 Crore
2939,Flat,Sindh,Karachi,"Defence View Society, Karachi, Sindh",5,4,233 Sq. Yd.,For Sale,6/27/2023,PKR3.5 Crore
2940,Flat,Sindh,Karachi,"Defence View Society, Karachi, Sindh",-,-,167 Sq. Yd.,For Sale,6/27/2023,PKR2.3 Crore
2941,Flat,Sindh,Karachi,"DHA Defence, Karachi, Sindh",3,3,244 Sq. Yd.,For Sale,6/27/2023,PKR5.85 Crore
2942,Flat,Sindh,Karachi,"Nazimabad, Karachi, Sindh",2,2,83 Sq. Yd.,For Sale,6/27/2023,PKR80 Lakh
2943,Flat,Sindh,Karachi,"Nazimabad, Karachi, Sindh",3,3,150 Sq. Yd.,For Sale,6/27/2023,PKR1.35 Crore
2944,Flat,Sindh,Karachi,"Nazimabad, Karachi, Sindh",2,2,117 Sq. Yd.,For Sale,6/27/2023,PKR1 Crore
2945,Flat,Sindh,Karachi,"Bahria Town Karachi, Karachi, Sindh",2,2,102 Sq. Yd.,For Sale,7/18/2023,PKR68 Lakh
2946,House,Sindh,Karachi,"DHA Defence, Karachi, Sindh",6,6,500 Sq. Yd.,For Sale,7/18/2023,PKR15 Crore
2947,Lower Portion,Sindh,Karachi,"North Nazimabad, Karachi, Sindh",3,3,233 Sq. Yd.,For Sale,7/3/2023,PKR2.25 Crore
2948,Flat,Sindh,Karachi,"North Nazimabad, Karachi, Sindh",2,2,94 Sq. Yd.,For Sale,7/3/2023,PKR78 Lakh
2949,House,Sindh,Karachi,"Bahria Town Karachi, Karachi, Sindh",2,2,200 Sq. Yd.,For Sale,7/11/2023,PKR1.88 Crore
2950,House,Sindh,Karachi,"Bahria Town Karachi, Karachi, Sindh",2,2,200 Sq. Yd.,For Sale,7/11/2023,PKR1.65 Crore
2951,House,Sindh,Karachi,"Bahria Town Karachi, Karachi, Sindh",2,2,200 Sq. Yd.,For Sale,7/11/2023,PKR1.32 Crore
2952,House,Sindh,Karachi,"North Karachi, Karachi, Sindh",6,6,120 Sq. Yd.,For Sale,7/11/2023,PKR3 Crore
2953,Flat,Sindh,Karachi,"DHA Defence, Karachi, Sindh",5,4,294 Sq. Yd.,For Sale,6/27/2023,PKR7.8 Crore
2954,House,Sindh,Karachi,"North Karachi, Karachi, Sindh",3,3,288 Sq. Yd.,For Sale,7/11/2023,PKR3.2 Crore
2955,House,Sindh,Karachi,"DHA Defence, Karachi, Sindh",5,5,"1,000 Sq. Yd.",For Sale,6/27/2023,PKR21 Crore
2956,House,Sindh,Karachi,"Malir, Karachi, Sindh",4,4,350 Sq. Yd.,For Sale,6/30/2023,PKR7.2 Crore
2957,House,Sindh,Karachi,"DHA Defence, Karachi, Sindh",6,6,500 Sq. Yd.,For Sale,6/27/2023,PKR16.5 Crore
2958,Flat,Sindh,Karachi,"Bahria Town Karachi, Karachi, Sindh",2,2,103 Sq. Yd.,For Sale,6/27/2023,PKR1.02 Crore
2959,House,Sindh,Karachi,"Karachi Motorway, Karachi, Sindh",2,2,120 Sq. Yd.,For Sale,6/27/2023,PKR95 Lakh
2960,House,Sindh,Karachi,"Cantt, Karachi, Sindh",5,5,375 Sq. Yd.,For Sale,6/27/2023,PKR7.15 Crore
2961,House,Sindh,Karachi,"Cantt, Karachi, Sindh",5,5,375 Sq. Yd.,For Sale,6/27/2023,PKR7 Crore
2962,House,Sindh,Karachi,"Cantt, Karachi, Sindh",5,5,375 Sq. Yd.,For Sale,7/4/2023,PKR6.85 Crore
2963,House,Sindh,Karachi,"Cantt, Karachi, Sindh",5,5,375 Sq. Yd.,For Sale,7/4/2023,PKR6.85 Crore
2964,Flat,Sindh,Karachi,"Cantt, Karachi, Sindh",3,3,286 Sq. Yd.,For Sale,7/4/2023,PKR3.67 Crore
2965,House,Sindh,Karachi,"Cantt, Karachi, Sindh",5,5,375 Sq. Yd.,For Sale,7/4/2023,PKR6.85 Crore
2966,House,Sindh,Karachi,"Cantt, Karachi, Sindh",5,5,375 Sq. Yd.,For Sale,7/4/2023,PKR6.85 Crore
2967,Flat,Sindh,Karachi,"Scheme 33, Karachi, Sindh",3,3,144 Sq. Yd.,For Sale,7/18/2023,PKR1 Crore
2968,Flat,Sindh,Karachi,"Bahria Town Karachi, Karachi, Sindh",1,-,54 Sq. Yd.,For Sale,7/18/2023,PKR38 Lakh
2969,Flat,Sindh,Karachi,"Gulshan-e-Iqbal Town, Karachi, Sindh",3,3,172 Sq. Yd.,For Sale,7/3/2023,PKR1.5 Crore
2970,Flat,Sindh,Karachi,"Gulshan-e-Iqbal Town, Karachi, Sindh",4,3,189 Sq. Yd.,For Sale,7/18/2023,PKR2.3 Crore
2971,House,Sindh,Karachi,"Bahria Town Karachi, Karachi, Sindh",3,3,235 Sq. Yd.,For Sale,7/18/2023,PKR1.43 Crore
2972,House,Sindh,Karachi,"North Karachi, Karachi, Sindh",3,3,288 Sq. Yd.,For Sale,7/11/2023,PKR3.2 Crore
2973,Upper Portion,Sindh,Karachi,"North Karachi, Karachi, Sindh",2,2,100 Sq. Yd.,For Sale,7/11/2023,PKR58 Lakh
2974,Flat,Sindh,Karachi,"DHA Defence, Karachi, Sindh",5,4,294 Sq. Yd.,For Sale,6/30/2023,PKR8.35 Crore
2975,Upper Portion,Sindh,Karachi,"North Karachi, Karachi, Sindh",2,2,100 Sq. Yd.,For Sale,7/11/2023,PKR80 Lakh
2976,House,Sindh,Karachi,"North Karachi, Karachi, Sindh",4,4,120 Sq. Yd.,For Sale,7/11/2023,PKR2.15 Crore
2977,Upper Portion,Sindh,Karachi,"North Karachi, Karachi, Sindh",3,3,240 Sq. Yd.,For Sale,7/11/2023,PKR1.35 Crore
2978,House,Sindh,Karachi,"North Karachi, Karachi, Sindh",3,3,200 Sq. Yd.,For Sale,7/11/2023,PKR2.18 Crore
2979,Upper Portion,Sindh,Karachi,"North Karachi, Karachi, Sindh",3,3,135 Sq. Yd.,For Sale,7/11/2023,PKR75 Lakh
2980,Flat,Sindh,Karachi,"Cantt, Karachi, Sindh",3,3,286 Sq. Yd.,For Sale,6/27/2023,PKR3.75 Crore
2981,Flat,Sindh,Karachi,"Cantt, Karachi, Sindh",4,4,333 Sq. Yd.,For Sale,6/27/2023,PKR3.75 Crore
2982,Flat,Sindh,Karachi,"Cantt, Karachi, Sindh",5,4,333 Sq. Yd.,For Sale,6/27/2023,PKR3.75 Crore
2983,House,Sindh,Karachi,"Cantt, Karachi, Sindh",6,5,375 Sq. Yd.,For Sale,6/27/2023,PKR7.2 Crore
2984,Flat,Sindh,Karachi,"Cantt, Karachi, Sindh",3,3,300 Sq. Yd.,For Sale,6/27/2023,PKR3.75 Crore
2985,Flat,Sindh,Karachi,"Cantt, Karachi, Sindh",3,3,286 Sq. Yd.,For Sale,6/27/2023,PKR3.9 Crore
2986,House,Sindh,Karachi,"Cantt, Karachi, Sindh",5,5,375 Sq. Yd.,For Sale,6/27/2023,PKR7 Crore
2987,House,Sindh,Karachi,"Cantt, Karachi, Sindh",5,5,375 Sq. Yd.,For Sale,6/27/2023,PKR7.2 Crore
2988,House,Sindh,Karachi,"Cantt, Karachi, Sindh",5,5,375 Sq. Yd.,For Sale,6/27/2023,PKR7.1 Crore
2989,Flat,Sindh,Karachi,"Bahria Town Karachi, Karachi, Sindh",2,2,103 Sq. Yd.,For Sale,6/27/2023,PKR1.02 Crore
2990,House,Sindh,Karachi,"Cantt, Karachi, Sindh",7,5,427 Sq. Yd.,For Sale,6/27/2023,PKR8.5 Crore
2991,House,Sindh,Karachi,"Cantt, Karachi, Sindh",6,6,375 Sq. Yd.,For Sale,6/27/2023,PKR7.5 Crore
2992,Upper Portion,Sindh,Karachi,"Malir, Karachi, Sindh",2,2,120 Sq. Yd.,For Sale,7/3/2023,PKR70 Lakh
2993,House,Sindh,Karachi,"Bahria Town Karachi, Karachi, Sindh",3,3,235 Sq. Yd.,For Sale,7/4/2023,PKR1.5 Crore
2994,House,Sindh,Karachi,"Bahria Town Karachi, Karachi, Sindh",3,3,235 Sq. Yd.,For Sale,7/4/2023,PKR1.45 Crore
2995,Flat,Sindh,Karachi,"Cantt, Karachi, Sindh",3,3,286 Sq. Yd.,For Sale,7/18/2023,PKR3.65 Crore
2996,Flat,Sindh,Karachi,"Cantt, Karachi, Sindh",3,3,286 Sq. Yd.,For Sale,7/18/2023,PKR3.45 Crore
2997,House,Sindh,Karachi,"Gulistan-e-Jauhar, Karachi, Sindh",6,6,240 Sq. Yd.,For Sale,7/25/2023,PKR5.5 Crore
2998,Flat,Sindh,Karachi,"Rashid Minhas Road, Karachi, Sindh",3,3,189 Sq. Yd.,For Sale,7/25/2023,PKR2.35 Crore
2999,Flat,Sindh,Karachi,"Gulshan-e-Iqbal Town, Karachi, Sindh",2,2,111 Sq. Yd.,For Sale,7/25/2023,PKR1.2 Crore
3000,Flat,Sindh,Karachi,"Gulshan-e-Iqbal Town, Karachi, Sindh",2,2,111 Sq. Yd.,For Sale,6/29/2023,PKR1 Crore
3001,House,Sindh,Karachi,"Scheme 33, Karachi, Sindh",-,-,122 Sq. Yd.,For Sale,7/25/2023,PKR2.75 Crore
3002,Upper Portion,Sindh,Karachi,"Malir, Karachi, Sindh",2,2,80 Sq. Yd.,For Sale,7/3/2023,PKR44 Lakh
3003,House,Sindh,Karachi,"Bahria Town Karachi, Karachi, Sindh",6,5,275 Sq. Yd.,For Sale,6/27/2023,PKR4.25 Crore
3004,House,Sindh,Karachi,"Cantt, Karachi, Sindh",6,6,375 Sq. Yd.,For Sale,6/27/2023,PKR7.5 Crore
3005,House,Sindh,Karachi,"Cantt, Karachi, Sindh",6,5,375 Sq. Yd.,For Sale,6/27/2023,PKR7.5 Crore
3006,House,Sindh,Karachi,"Cantt, Karachi, Sindh",6,6,375 Sq. Yd.,For Sale,6/27/2023,PKR7.5 Crore
3007,House,Sindh,Karachi,"Cantt, Karachi, Sindh",6,6,375 Sq. Yd.,For Sale,6/27/2023,PKR7.5 Crore
3008,Flat,Sindh,Karachi,"Cantt, Karachi, Sindh",3,3,300 Sq. Yd.,For Sale,6/27/2023,PKR3.85 Crore
3009,House,Sindh,Karachi,"Cantt, Karachi, Sindh",5,5,375 Sq. Yd.,For Sale,6/27/2023,PKR7.05 Crore
3010,Flat,Sindh,Karachi,"Bahria Town Karachi, Karachi, Sindh",1,1,64 Sq. Yd.,For Sale,6/27/2023,PKR62 Lakh
3011,Flat,Sindh,Karachi,"Malir, Karachi, Sindh",2,2,144 Sq. Yd.,For Sale,7/1/2023,PKR2 Crore
3012,Penthouse,Sindh,Karachi,"Clifton, Karachi, Sindh",-,-,756 Sq. Yd.,For Sale,6/28/2023,PKR16 Crore
3013,House,Sindh,Karachi,"DHA Defence, Karachi, Sindh",5,5,500 Sq. Yd.,For Sale,7/11/2023,PKR11.9 Crore
3014,House,Sindh,Karachi,"DHA Defence, Karachi, Sindh",5,4,120 Sq. Yd.,For Sale,7/4/2023,PKR4.5 Crore
3015,House,Sindh,Karachi,"DHA Defence, Karachi, Sindh",6,6,590 Sq. Yd.,For Sale,7/4/2023,PKR11.5 Crore
3016,Flat,Sindh,Karachi,"Cantt, Karachi, Sindh",3,3,286 Sq. Yd.,For Sale,7/18/2023,PKR3.8 Crore
3017,House,Sindh,Karachi,"Bahria Town Karachi, Karachi, Sindh",3,3,152 Sq. Yd.,For Sale,7/4/2023,PKR1.45 Crore
3018,House,Sindh,Karachi,"Cantt, Karachi, Sindh",5,5,427 Sq. Yd.,For Sale,7/18/2023,PKR8.5 Crore
3019,House,Sindh,Karachi,"Cantt, Karachi, Sindh",5,5,500 Sq. Yd.,For Sale,7/18/2023,PKR8.75 Crore
3020,Flat,Sindh,Karachi,"Cantt, Karachi, Sindh",3,3,286 Sq. Yd.,For Sale,7/18/2023,PKR3.85 Crore
3021,House,Sindh,Karachi,"North Karachi, Karachi, Sindh",6,10,120 Sq. Yd.,For Sale,7/11/2023,PKR2.1 Crore
3022,Flat,Sindh,Karachi,"DHA Defence, Karachi, Sindh",2,2,106 Sq. Yd.,For Sale,7/4/2023,PKR1.3 Crore
3023,Flat,Sindh,Karachi,"DHA Defence, Karachi, Sindh",2,2,56 Sq. Yd.,For Sale,7/4/2023,PKR65 Lakh
3024,House,Sindh,Karachi,"DHA Defence, Karachi, Sindh",5,6,500 Sq. Yd.,For Sale,7/4/2023,PKR9 Crore
3025,Flat,Sindh,Karachi,"Clifton, Karachi, Sindh",4,4,300 Sq. Yd.,For Sale,7/11/2023,PKR8 Crore
3026,House,Sindh,Karachi,"DHA Defence, Karachi, Sindh",6,6,500 Sq. Yd.,For Sale,7/4/2023,PKR15 Crore
3027,Flat,Sindh,Karachi,"DHA Defence, Karachi, Sindh",2,2,106 Sq. Yd.,For Sale,7/4/2023,PKR98 Lakh
3028,House,Sindh,Karachi,"DHA Defence, Karachi, Sindh",6,6,500 Sq. Yd.,For Sale,7/11/2023,PKR10 Crore
3029,Flat,Sindh,Karachi,"DHA Defence, Karachi, Sindh",2,2,111 Sq. Yd.,For Sale,7/11/2023,PKR1.12 Crore
3030,Flat,Sindh,Karachi,"Cantt, Karachi, Sindh",-,-,306 Sq. Yd.,For Sale,7/11/2023,PKR4.1 Crore
3031,Flat,Sindh,Karachi,"Cantt, Karachi, Sindh",3,3,306 Sq. Yd.,For Sale,7/11/2023,PKR3.8 Crore
3032,Upper Portion,Sindh,Karachi,"Jamshed Town, Karachi, Sindh",3,3,144 Sq. Yd.,For Sale,7/2/2023,PKR2.25 Crore
3033,House,Sindh,Karachi,"Malir, Karachi, Sindh",4,4,135 Sq. Yd.,For Sale,7/18/2023,PKR2.95 Crore
3034,Flat,Sindh,Karachi,"Cantt, Karachi, Sindh",4,4,333 Sq. Yd.,For Sale,7/11/2023,PKR4.3 Crore
3035,Flat,Sindh,Karachi,"Cantt, Karachi, Sindh",4,4,333 Sq. Yd.,For Sale,7/4/2023,PKR3.9 Crore
3036,Flat,Sindh,Karachi,"DHA Defence, Karachi, Sindh",4,4,411 Sq. Yd.,For Sale,7/11/2023,PKR7.35 Crore
3037,House,Sindh,Karachi,"DHA Defence, Karachi, Sindh",5,5,500 Sq. Yd.,For Sale,6/28/2023,PKR12.5 Crore
3038,Penthouse,Sindh,Karachi,"DHA Defence, Karachi, Sindh",-,-,"6,231 Sq. Yd.",For Sale,7/18/2023,PKR26.17 Crore
3039,Penthouse,Sindh,Karachi,"DHA Defence, Karachi, Sindh",-,-,"5,300 Sq. Yd.",For Sale,7/18/2023,PKR24 Crore
3040,Flat,Sindh,Karachi,"DHA Defence, Karachi, Sindh",2,2,227 Sq. Yd.,For Sale,7/4/2023,PKR6.25 Crore
3041,Flat,Sindh,Karachi,"Cantt, Karachi, Sindh",3,3,286 Sq. Yd.,For Sale,7/18/2023,PKR3.7 Crore
3042,Flat,Sindh,Karachi,"Cantt, Karachi, Sindh",3,3,300 Sq. Yd.,For Sale,7/18/2023,PKR3.8 Crore
3043,Flat,Sindh,Karachi,"Cantt, Karachi, Sindh",4,4,333 Sq. Yd.,For Sale,7/18/2023,PKR4.2 Crore
3044,House,Sindh,Karachi,"Cantt, Karachi, Sindh",5,5,500 Sq. Yd.,For Sale,7/18/2023,PKR8.55 Crore
3045,Flat,Sindh,Karachi,"North Nazimabad, Karachi, Sindh",2,2,83 Sq. Yd.,For Sale,7/18/2023,PKR80 Lakh
3046,Upper Portion,Sindh,Karachi,"Shah Faisal Town, Karachi, Sindh",3,2,100 Sq. Yd.,For Sale,6/27/2023,PKR80 Lakh
3047,House,Sindh,Karachi,"Gulshan-e-Iqbal Town, Karachi, Sindh",-,10,400 Sq. Yd.,For Sale,6/27/2023,PKR8.5 Crore
3048,House,Sindh,Karachi,"Gadap Town, Karachi, Sindh",6,6,200 Sq. Yd.,For Sale,6/28/2023,PKR3.5 Crore
3049,Flat,Sindh,Karachi,"Scheme 33, Karachi, Sindh",5,4,300 Sq. Yd.,For Sale,6/27/2023,PKR2.2 Crore
3050,Upper Portion,Sindh,Karachi,"Khalid Bin Walid Road, Karachi, Sindh",5,4,300 Sq. Yd.,For Sale,6/27/2023,PKR5.5 Crore
3051,Upper Portion,Sindh,Karachi,"Gulistan-e-Jauhar, Karachi, Sindh",3,3,148 Sq. Yd.,For Sale,6/27/2023,PKR1.55 Crore
3052,Flat,Sindh,Karachi,"Scheme 33, Karachi, Sindh",2,2,111 Sq. Yd.,For Sale,7/11/2023,PKR95 Lakh
3053,Flat,Sindh,Karachi,"University Road, Karachi, Sindh",2,2,83 Sq. Yd.,For Sale,6/29/2023,PKR68 Lakh
3054,Penthouse,Sindh,Karachi,"DHA Defence, Karachi, Sindh",-,-,678 Sq. Yd.,For Sale,7/18/2023,PKR27 Crore
3055,Penthouse,Sindh,Karachi,"DHA Defence, Karachi, Sindh",-,-,352 Sq. Yd.,For Sale,6/27/2023,PKR20 Crore
3056,House,Sindh,Karachi,"DHA Defence, Karachi, Sindh",-,-,600 Sq. Yd.,For Sale,7/1/2023,PKR10.3 Crore
3057,House,Sindh,Karachi,"Scheme 33, Karachi, Sindh",3,3,240 Sq. Yd.,For Sale,7/25/2023,PKR3.85 Crore
3058,Flat,Sindh,Karachi,"DHA Defence, Karachi, Sindh",-,2,106 Sq. Yd.,For Sale,7/25/2023,PKR1.2 Crore
3059,House,Sindh,Karachi,"DHA Defence, Karachi, Sindh",2,2,100 Sq. Yd.,For Sale,7/25/2023,PKR1.3 Crore
3060,Flat,Sindh,Karachi,"Cantt, Karachi, Sindh",3,3,285 Sq. Yd.,For Sale,7/25/2023,PKR3.75 Crore
3061,Flat,Sindh,Karachi,"DHA Defence, Karachi, Sindh",2,2,217 Sq. Yd.,For Sale,6/27/2023,PKR7.5 Crore
3062,Flat,Sindh,Karachi,"Cantt, Karachi, Sindh",4,4,333 Sq. Yd.,For Sale,6/27/2023,PKR3.75 Crore
3063,Flat,Sindh,Karachi,"DHA Defence, Karachi, Sindh",1,1,125 Sq. Yd.,For Sale,7/18/2023,PKR4 Crore
3064,Flat,Sindh,Karachi,"North Nazimabad, Karachi, Sindh",2,2,83 Sq. Yd.,For Sale,7/18/2023,PKR90 Lakh
3065,Flat,Sindh,Karachi,"North Nazimabad, Karachi, Sindh",3,3,178 Sq. Yd.,For Sale,7/18/2023,PKR1.3 Crore
3066,Flat,Sindh,Karachi,"North Nazimabad, Karachi, Sindh",2,2,140 Sq. Yd.,For Sale,7/18/2023,PKR1.5 Crore
3067,Flat,Sindh,Karachi,"North Nazimabad, Karachi, Sindh",2,2,140 Sq. Yd.,For Sale,7/18/2023,PKR1.5 Crore
3068,Flat,Sindh,Karachi,"North Nazimabad, Karachi, Sindh",2,2,83 Sq. Yd.,For Sale,7/18/2023,PKR95 Lakh
3069,House,Sindh,Karachi,"Malir, Karachi, Sindh",6,6,200 Sq. Yd.,For Sale,7/11/2023,PKR2.75 Crore
3070,Flat,Sindh,Karachi,"DHA Defence, Karachi, Sindh",4,4,417 Sq. Yd.,For Sale,7/4/2023,PKR7.6 Crore
3071,House,Sindh,Karachi,"Malir, Karachi, Sindh",4,4,120 Sq. Yd.,For Sale,7/11/2023,PKR1.9 Crore
3072,House,Sindh,Karachi,"Malir, Karachi, Sindh",4,4,120 Sq. Yd.,For Sale,7/11/2023,PKR2.1 Crore
3073,House,Sindh,Karachi,"Malir, Karachi, Sindh",4,4,145 Sq. Yd.,For Sale,7/11/2023,PKR1.3 Crore
3074,House,Sindh,Karachi,"Malir, Karachi, Sindh",4,4,150 Sq. Yd.,For Sale,7/11/2023,PKR1.5 Crore
3075,House,Sindh,Karachi,"Malir, Karachi, Sindh",6,6,400 Sq. Yd.,For Sale,7/11/2023,PKR6 Crore
3076,Flat,Sindh,Karachi,"Cantt, Karachi, Sindh",4,4,333 Sq. Yd.,For Sale,6/27/2023,PKR3.75 Crore
3077,Flat,Sindh,Karachi,"DHA Defence, Karachi, Sindh",1,1,125 Sq. Yd.,For Sale,7/18/2023,PKR4 Crore
3078,Flat,Sindh,Karachi,"Scheme 33, Karachi, Sindh",2,2,83 Sq. Yd.,For Sale,7/18/2023,PKR81.45 Lakh
3079,Flat,Sindh,Karachi,"DHA Defence, Karachi, Sindh",2,2,212 Sq. Yd.,For Sale,7/18/2023,PKR7 Crore
3080,Flat,Sindh,Karachi,"Bath Island, Karachi, Sindh",5,4,356 Sq. Yd.,For Sale,7/18/2023,PKR4.55 Crore
3081,Flat,Sindh,Karachi,"Scheme 33, Karachi, Sindh",4,4,300 Sq. Yd.,For Sale,6/29/2023,PKR2.25 Crore
3082,Flat,Sindh,Karachi,"Scheme 33, Karachi, Sindh",2,3,161 Sq. Yd.,For Sale,6/29/2023,PKR1.5 Crore
3083,Flat,Sindh,Karachi,"Malir, Karachi, Sindh",4,3,250 Sq. Yd.,For Sale,6/29/2023,PKR4.5 Crore
3084,Flat,Sindh,Karachi,"Gulshan-e-Iqbal Town, Karachi, Sindh",4,3,200 Sq. Yd.,For Sale,7/18/2023,PKR4.3 Crore
3085,Flat,Sindh,Karachi,"North Nazimabad, Karachi, Sindh",2,2,83 Sq. Yd.,For Sale,7/18/2023,PKR85 Lakh
3086,Flat,Sindh,Karachi,"North Nazimabad, Karachi, Sindh",2,2,156 Sq. Yd.,For Sale,7/18/2023,PKR1.55 Crore
3087,Flat,Sindh,Karachi,"North Nazimabad, Karachi, Sindh",3,3,172 Sq. Yd.,For Sale,7/18/2023,PKR1.75 Crore
3088,Flat,Sindh,Karachi,"North Nazimabad, Karachi, Sindh",3,3,183 Sq. Yd.,For Sale,7/18/2023,PKR1.95 Crore
3089,Flat,Sindh,Karachi,"North Nazimabad, Karachi, Sindh",3,3,183 Sq. Yd.,For Sale,7/18/2023,PKR1.85 Crore
3090,Lower Portion,Sindh,Karachi,"North Nazimabad, Karachi, Sindh",3,3,200 Sq. Yd.,For Sale,7/11/2023,PKR1.75 Crore
3091,Lower Portion,Sindh,Karachi,"North Nazimabad, Karachi, Sindh",3,3,275 Sq. Yd.,For Sale,7/11/2023,PKR2.2 Crore
3092,Upper Portion,Sindh,Karachi,"Nazimabad, Karachi, Sindh",2,2,89 Sq. Yd.,For Sale,7/11/2023,PKR62 Lakh
3093,Upper Portion,Sindh,Karachi,"North Nazimabad, Karachi, Sindh",3,3,233 Sq. Yd.,For Sale,7/11/2023,PKR2.5 Crore
3094,Upper Portion,Sindh,Karachi,"North Nazimabad, Karachi, Sindh",3,3,256 Sq. Yd.,For Sale,7/11/2023,PKR2.55 Crore
3095,Flat,Sindh,Karachi,"North Nazimabad, Karachi, Sindh",2,2,107 Sq. Yd.,For Sale,7/11/2023,PKR1.05 Crore
3096,Flat,Sindh,Karachi,"North Nazimabad, Karachi, Sindh",3,3,200 Sq. Yd.,For Sale,7/11/2023,PKR1.65 Crore
3097,Flat,Sindh,Karachi,"North Nazimabad, Karachi, Sindh",2,2,122 Sq. Yd.,For Sale,7/11/2023,PKR1.45 Crore
3098,House,Sindh,Karachi,"DHA Defence, Karachi, Sindh",-,8,"2,000 Sq. Yd.",For Sale,7/4/2023,PKR75 Crore
3099,Flat,Sindh,Karachi,"DHA Defence, Karachi, Sindh",2,2,106 Sq. Yd.,For Sale,7/25/2023,PKR1.55 Crore
3100,Flat,Sindh,Karachi,"Scheme 33, Karachi, Sindh",2,2,83 Sq. Yd.,For Sale,6/27/2023,PKR95 Lakh
3101,Flat,Sindh,Karachi,"Bahria Town Karachi, Karachi, Sindh",3,3,150 Sq. Yd.,For Sale,7/11/2023,PKR1.35 Crore
3102,Flat,Sindh,Karachi,"Bahria Town Karachi, Karachi, Sindh",2,2,98 Sq. Yd.,For Sale,7/11/2023,PKR88.3 Lakh
3103,Flat,Sindh,Karachi,"DHA City Karachi, Karachi, Sindh",3,3,192 Sq. Yd.,For Sale,7/11/2023,PKR1.8 Crore
3104,House,Sindh,Karachi,"Bahria Town Karachi, Karachi, Sindh",4,4,125 Sq. Yd.,For Sale,7/11/2023,PKR1.68 Crore
3105,House,Sindh,Karachi,"DHA Defence, Karachi, Sindh",5,4,300 Sq. Yd.,For Sale,6/27/2023,PKR8.25 Crore
3106,House,Sindh,Karachi,"DHA Defence, Karachi, Sindh",4,4,100 Sq. Yd.,For Sale,6/27/2023,PKR3.9 Crore
3107,Flat,Sindh,Karachi,"Scheme 33, Karachi, Sindh",3,3,161 Sq. Yd.,For Sale,7/18/2023,PKR1.8 Crore
3108,Flat,Sindh,Karachi,"Nazimabad, Karachi, Sindh",3,3,150 Sq. Yd.,For Sale,7/18/2023,PKR1.3 Crore
3109,House,Sindh,Karachi,"North Nazimabad, Karachi, Sindh",6,6,233 Sq. Yd.,For Sale,7/18/2023,PKR6.5 Crore
3110,Lower Portion,Sindh,Karachi,"North Nazimabad, Karachi, Sindh",4,4,233 Sq. Yd.,For Sale,7/18/2023,PKR2.5 Crore
3111,Flat,Sindh,Karachi,"North Nazimabad, Karachi, Sindh",2,2,83 Sq. Yd.,For Sale,6/27/2023,PKR47 Lakh
3112,Flat,Sindh,Karachi,"DHA Defence, Karachi, Sindh",3,3,189 Sq. Yd.,For Sale,7/18/2023,PKR3.9 Crore
3113,Flat,Sindh,Karachi,"North Nazimabad, Karachi, Sindh",3,3,167 Sq. Yd.,For Sale,7/11/2023,PKR1.75 Crore
3114,Flat,Sindh,Karachi,"North Nazimabad, Karachi, Sindh",3,3,178 Sq. Yd.,For Sale,7/11/2023,PKR2.6 Crore
3115,House,Sindh,Karachi,"North Nazimabad, Karachi, Sindh",6,6,600 Sq. Yd.,For Sale,7/11/2023,PKR7.5 Crore
3116,House,Sindh,Karachi,"Cantt, Karachi, Sindh",5,4,350 Sq. Yd.,For Sale,7/4/2023,PKR6.2 Crore
3117,Flat,Sindh,Karachi,"Shaheed Millat Road, Karachi, Sindh",4,3,189 Sq. Yd.,For Sale,6/28/2023,PKR4.1 Crore
3118,Flat,Sindh,Karachi,"Scheme 33, Karachi, Sindh",3,3,161 Sq. Yd.,For Sale,7/3/2023,PKR1.4 Crore
3119,Flat,Sindh,Karachi,"Gadap Town, Karachi, Sindh",2,2,72 Sq. Yd.,For Sale,7/11/2023,PKR38 Lakh
3120,House,Sindh,Karachi,"Cantt, Karachi, Sindh",5,5,750 Sq. Yd.,For Sale,6/27/2023,PKR13.5 Crore
3121,Flat,Sindh,Karachi,"Bath Island, Karachi, Sindh",4,3,200 Sq. Yd.,For Sale,7/11/2023,PKR4.5 Crore
3122,House,Sindh,Karachi,"DHA Defence, Karachi, Sindh",5,5,500 Sq. Yd.,For Sale,6/28/2023,PKR12.5 Crore
3123,Flat,Sindh,Karachi,"Bath Island, Karachi, Sindh",3,3,200 Sq. Yd.,For Sale,7/11/2023,PKR3.45 Crore
3124,House,Sindh,Karachi,"Gulshan-e-Iqbal Town, Karachi, Sindh",3,3,437 Sq. Yd.,For Sale,7/4/2023,PKR6.8 Crore
3125,House,Sindh,Karachi,"Jamshed Town, Karachi, Sindh",5,4,250 Sq. Yd.,For Sale,7/11/2023,PKR7.23 Crore
3126,Flat,Sindh,Karachi,"Civil Lines, Karachi, Sindh",5,4,333 Sq. Yd.,For Sale,7/11/2023,PKR6.75 Crore
3127,House,Sindh,Karachi,"Clifton, Karachi, Sindh",3,3,200 Sq. Yd.,For Sale,7/11/2023,PKR2.85 Crore
3128,Flat,Sindh,Karachi,"DHA Defence, Karachi, Sindh",3,3,156 Sq. Yd.,For Sale,7/11/2023,PKR1.25 Crore
3129,Flat,Sindh,Karachi,"Bath Island, Karachi, Sindh",3,3,200 Sq. Yd.,For Sale,7/11/2023,PKR3 Crore
3130,Flat,Sindh,Karachi,"Cantt, Karachi, Sindh",4,4,330 Sq. Yd.,For Sale,7/18/2023,PKR4.75 Crore
3131,Flat,Sindh,Karachi,"DHA Defence, Karachi, Sindh",2,2,56 Sq. Yd.,For Sale,7/18/2023,PKR65 Lakh
3132,Flat,Sindh,Karachi,"DHA Defence, Karachi, Sindh",3,3,204 Sq. Yd.,For Sale,6/27/2023,PKR2.5 Crore
3133,Flat,Sindh,Karachi,"Clifton, Karachi, Sindh",3,3,189 Sq. Yd.,For Sale,7/4/2023,PKR3 Crore
3134,House,Sindh,Karachi,"Gulistan-e-Jauhar, Karachi, Sindh",-,-,400 Sq. Yd.,For Sale,7/11/2023,PKR5.5 Crore
3135,House,Sindh,Karachi,"North Karachi, Karachi, Sindh",8,7,160 Sq. Yd.,For Sale,7/18/2023,PKR4.5 Crore
3136,House,Sindh,Karachi,"DHA Defence, Karachi, Sindh",4,4,100 Sq. Yd.,For Sale,7/18/2023,PKR4.15 Crore
3137,House,Sindh,Karachi,"Malir, Karachi, Sindh",3,3,200 Sq. Yd.,For Sale,7/11/2023,PKR3 Crore
3138,House,Sindh,Karachi,"Malir, Karachi, Sindh",4,4,120 Sq. Yd.,For Sale,7/11/2023,PKR2.1 Crore
3139,House,Sindh,Karachi,"Malir, Karachi, Sindh",4,4,145 Sq. Yd.,For Sale,7/11/2023,PKR1.3 Crore
3140,House,Sindh,Karachi,"Malir, Karachi, Sindh",4,4,150 Sq. Yd.,For Sale,7/11/2023,PKR1.5 Crore
3141,House,Sindh,Karachi,"Malir, Karachi, Sindh",6,6,200 Sq. Yd.,For Sale,7/11/2023,PKR2.75 Crore
3142,House,Sindh,Karachi,"Malir, Karachi, Sindh",6,6,400 Sq. Yd.,For Sale,7/11/2023,PKR6 Crore
3143,House,Sindh,Karachi,"Malir, Karachi, Sindh",6,6,200 Sq. Yd.,For Sale,7/11/2023,PKR2.5 Crore
3144,Flat,Sindh,Karachi,"DHA Defence, Karachi, Sindh",2,2,227 Sq. Yd.,For Sale,7/18/2023,PKR6.25 Crore
3145,Flat,Sindh,Karachi,"DHA City Karachi, Karachi, Sindh",1,1,57 Sq. Yd.,For Sale,7/18/2023,PKR55 Lakh
3146,Flat,Sindh,Karachi,"Qayyumabad, Karachi, Sindh",4,3,272 Sq. Yd.,For Sale,7/2/2023,PKR5 Crore
3147,Flat,Sindh,Karachi,"Qayyumabad, Karachi, Sindh",4,3,272 Sq. Yd.,For Sale,7/2/2023,PKR5.2 Crore
3148,House,Sindh,Karachi,"DHA Defence, Karachi, Sindh",4,4,500 Sq. Yd.,For Sale,7/18/2023,PKR8.35 Crore
3149,Flat,Sindh,Karachi,"Navy Housing Scheme Karsaz, Karachi, Sindh",6,5,467 Sq. Yd.,For Sale,7/18/2023,PKR8.2 Crore
3150,Flat,Sindh,Karachi,"Navy Housing Scheme Karsaz, Karachi, Sindh",6,5,467 Sq. Yd.,For Sale,7/18/2023,PKR8.2 Crore
3151,Flat,Sindh,Karachi,"Navy Housing Scheme Karsaz, Karachi, Sindh",6,5,467 Sq. Yd.,For Sale,7/18/2023,PKR8.2 Crore
3152,Flat,Sindh,Karachi,"Cantt, Karachi, Sindh",4,4,333 Sq. Yd.,For Sale,7/25/2023,PKR4.25 Crore
3153,Flat,Sindh,Karachi,"DHA City Karachi, Karachi, Sindh",-,-,94 Sq. Yd.,For Sale,7/11/2023,PKR80 Lakh
3154,Flat,Sindh,Karachi,"Jinnah Avenue, Karachi, Sindh",3,3,176 Sq. Yd.,For Sale,7/11/2023,PKR1.43 Crore
3155,House,Sindh,Karachi,"DHA Defence, Karachi, Sindh",4,4,120 Sq. Yd.,For Sale,7/4/2023,PKR5.5 Crore
3156,House,Sindh,Karachi,"DHA Defence, Karachi, Sindh",6,6,500 Sq. Yd.,For Sale,7/18/2023,PKR15.5 Crore
3157,House,Sindh,Karachi,"Scheme 33, Karachi, Sindh",6,4,120 Sq. Yd.,For Sale,6/28/2023,PKR2.3 Crore
3158,Upper Portion,Sindh,Karachi,"Federal B Area, Karachi, Sindh",3,3,155 Sq. Yd.,For Sale,7/2/2023,PKR1.45 Crore
3159,Flat,Sindh,Karachi,"Malir, Karachi, Sindh",4,3,244 Sq. Yd.,For Sale,7/4/2023,PKR3.2 Crore
3160,Flat,Sindh,Karachi,"DHA Defence, Karachi, Sindh",4,3,356 Sq. Yd.,For Sale,6/27/2023,PKR6.2 Crore
3161,Flat,Sindh,Karachi,"DHA Defence, Karachi, Sindh",4,3,356 Sq. Yd.,For Sale,6/27/2023,PKR6.25 Crore
3162,Flat,Sindh,Karachi,"DHA Defence, Karachi, Sindh",4,3,356 Sq. Yd.,For Sale,6/27/2023,PKR6.9 Crore
3163,Flat,Sindh,Karachi,"DHA Defence, Karachi, Sindh",4,3,356 Sq. Yd.,For Sale,6/27/2023,PKR6.25 Crore
3164,House,Sindh,Karachi,"Bahria Town Karachi, Karachi, Sindh",3,3,152 Sq. Yd.,For Sale,7/11/2023,PKR1.38 Crore
3165,House,Sindh,Karachi,"Bahria Town Karachi, Karachi, Sindh",3,3,152 Sq. Yd.,For Sale,7/11/2023,PKR1.45 Crore
3166,House,Sindh,Karachi,"Federal B Area, Karachi, Sindh",4,4,120 Sq. Yd.,For Sale,6/27/2023,PKR2.6 Crore
3167,House,Sindh,Karachi,"Scheme 33, Karachi, Sindh",5,4,120 Sq. Yd.,For Sale,6/27/2023,PKR2.49 Crore
3168,Flat,Sindh,Karachi,"Gulistan-e-Jauhar, Karachi, Sindh",3,3,200 Sq. Yd.,For Sale,7/11/2023,PKR2.29 Crore
3169,House,Sindh,Karachi,"DHA Defence, Karachi, Sindh",5,5,500 Sq. Yd.,For Sale,7/1/2023,PKR14 Crore
3170,House,Sindh,Karachi,"DHA Defence, Karachi, Sindh",6,11,"2,000 Sq. Yd.",For Sale,6/27/2023,PKR50 Crore
3171,House,Sindh,Karachi,"Bahria Town Karachi, Karachi, Sindh",3,3,200 Sq. Yd.,For Sale,6/27/2023,PKR1.85 Crore
3172,Flat,Sindh,Karachi,"Jamshed Road, Karachi, Sindh",3,3,156 Sq. Yd.,For Sale,7/18/2023,PKR1 Crore
3173,House,Sindh,Karachi,"DHA Defence, Karachi, Sindh",5,4,250 Sq. Yd.,For Sale,7/18/2023,PKR6.5 Crore
3174,House,Sindh,Karachi,"Malir, Karachi, Sindh",4,4,60 Sq. Yd.,For Sale,7/18/2023,PKR95 Lakh
3175,Flat,Sindh,Karachi,"DHA Defence, Karachi, Sindh",3,3,128 Sq. Yd.,For Sale,6/28/2023,PKR1.05 Crore
3176,Flat,Sindh,Karachi,"DHA Defence, Karachi, Sindh",3,2,100 Sq. Yd.,For Sale,6/29/2023,PKR1.25 Crore
3177,Flat,Sindh,Karachi,"DHA Defence, Karachi, Sindh",4,4,167 Sq. Yd.,For Sale,7/18/2023,PKR3.5 Crore
3178,Flat,Sindh,Karachi,"DHA Defence, Karachi, Sindh",4,3,233 Sq. Yd.,For Sale,7/18/2023,PKR2 Crore
3179,Flat,Sindh,Karachi,"DHA Defence, Karachi, Sindh",3,3,133 Sq. Yd.,For Sale,7/18/2023,PKR1.5 Crore
3180,Flat,Sindh,Karachi,"DHA Defence, Karachi, Sindh",3,2,133 Sq. Yd.,For Sale,7/18/2023,PKR1.6 Crore
3181,House,Sindh,Karachi,"DHA Defence, Karachi, Sindh",5,4,250 Sq. Yd.,For Sale,7/18/2023,PKR6.5 Crore
3182,Flat,Sindh,Karachi,"Bath Island, Karachi, Sindh",4,4,311 Sq. Yd.,For Sale,7/18/2023,PKR6.5 Crore
3183,House,Sindh,Karachi,"DHA Defence, Karachi, Sindh",6,6,500 Sq. Yd.,For Sale,7/18/2023,PKR16 Crore
3184,Flat,Sindh,Karachi,"Tariq Road, Karachi, Sindh",3,3,200 Sq. Yd.,For Sale,7/18/2023,PKR3.55 Crore
3185,House,Sindh,Karachi,"Bahria Town Karachi, Karachi, Sindh",3,3,152 Sq. Yd.,For Sale,7/11/2023,PKR1.65 Crore
3186,House,Sindh,Karachi,"Scheme 33, Karachi, Sindh",6,6,240 Sq. Yd.,For Sale,7/4/2023,PKR3.85 Crore
3187,Flat,Sindh,Karachi,"Khalid Bin Walid Road, Karachi, Sindh",4,4,244 Sq. Yd.,For Sale,6/27/2023,PKR4.3 Crore
3188,House,Sindh,Karachi,"Scheme 33, Karachi, Sindh",3,3,120 Sq. Yd.,For Sale,6/27/2023,PKR1.85 Crore
3189,House,Sindh,Karachi,"Scheme 33, Karachi, Sindh",6,6,240 Sq. Yd.,For Sale,6/27/2023,PKR4.8 Crore
3190,House,Sindh,Karachi,"Scheme 33, Karachi, Sindh",4,4,120 Sq. Yd.,For Sale,6/27/2023,PKR2.95 Crore
3191,House,Sindh,Karachi,"Scheme 33, Karachi, Sindh",5,4,120 Sq. Yd.,For Sale,7/3/2023,PKR2.7 Crore
3192,House,Sindh,Karachi,"Scheme 33, Karachi, Sindh",4,4,120 Sq. Yd.,For Sale,6/27/2023,PKR2.46 Crore
3193,House,Sindh,Karachi,"Gulshan-e-Iqbal Town, Karachi, Sindh",3,3,400 Sq. Yd.,For Sale,7/18/2023,PKR6 Crore
3194,House,Sindh,Karachi,"Gulshan-e-Iqbal Town, Karachi, Sindh",6,8,400 Sq. Yd.,For Sale,7/18/2023,PKR8 Crore
3195,Flat,Sindh,Karachi,"BMCHS, Karachi, Sindh",2,2,122 Sq. Yd.,For Sale,7/11/2023,PKR1.6 Crore
3196,House,Sindh,Karachi,"DHA Defence, Karachi, Sindh",6,5,500 Sq. Yd.,For Sale,7/18/2023,PKR11.25 Crore
3197,Flat,Sindh,Karachi,"Bahria Town Karachi, Karachi, Sindh",2,2,106 Sq. Yd.,For Sale,7/4/2023,PKR60 Lakh
3198,House,Sindh,Karachi,"Bahria Town Karachi, Karachi, Sindh",5,5,500 Sq. Yd.,For Sale,7/4/2023,PKR4 Crore
3199,House,Sindh,Karachi,"Bahria Town Karachi, Karachi, Sindh",4,4,350 Sq. Yd.,For Sale,7/4/2023,PKR2 Crore
3200,House,Sindh,Karachi,"Bahria Town Karachi, Karachi, Sindh",3,3,200 Sq. Yd.,For Sale,7/4/2023,PKR1.6 Crore
3201,Flat,Sindh,Karachi,"Saadi Road, Karachi, Sindh",4,3,244 Sq. Yd.,For Sale,6/29/2023,PKR1.3 Crore
3202,Flat,Sindh,Karachi,"Saadi Road, Karachi, Sindh",2,2,133 Sq. Yd.,For Sale,6/29/2023,PKR85 Lakh
3203,Flat,Sindh,Karachi,"Cantt, Karachi, Sindh",3,3,156 Sq. Yd.,For Sale,7/4/2023,PKR1.82 Crore
3204,Flat,Sindh,Karachi,"DHA Defence, Karachi, Sindh",4,4,417 Sq. Yd.,For Sale,7/18/2023,PKR7.35 Crore
3205,Flat,Sindh,Karachi,"DHA Defence, Karachi, Sindh",3,3,361 Sq. Yd.,For Sale,7/18/2023,PKR6.75 Crore
3206,House,Sindh,Karachi,"DHA Defence, Karachi, Sindh",6,5,550 Sq. Yd.,For Sale,7/18/2023,PKR11.25 Crore
3207,Upper Portion,Sindh,Karachi,"Gulistan-e-Jauhar, Karachi, Sindh",4,4,400 Sq. Yd.,For Sale,7/11/2023,PKR3.25 Crore
3208,Flat,Sindh,Karachi,"Gulistan-e-Jauhar, Karachi, Sindh",2,2,111 Sq. Yd.,For Sale,7/18/2023,PKR86 Lakh
3209,House,Sindh,Karachi,"DHA Defence, Karachi, Sindh",6,6,"1,000 Sq. Yd.",For Sale,7/18/2023,PKR20 Crore
3210,Flat,Sindh,Karachi,"Scheme 33, Karachi, Sindh",2,2,83 Sq. Yd.,For Sale,6/27/2023,PKR75 Lakh
3211,Flat,Sindh,Karachi,"Scheme 33, Karachi, Sindh",2,2,117 Sq. Yd.,For Sale,6/27/2023,PKR85 Lakh
3212,Flat,Sindh,Karachi,"Scheme 33, Karachi, Sindh",2,2,117 Sq. Yd.,For Sale,6/27/2023,PKR88 Lakh
3213,Flat,Sindh,Karachi,"University Road, Karachi, Sindh",2,2,111 Sq. Yd.,For Sale,6/27/2023,PKR90 Lakh
3214,Flat,Sindh,Karachi,"North Nazimabad, Karachi, Sindh",2,2,139 Sq. Yd.,For Sale,6/27/2023,PKR1.25 Crore
3215,House,Sindh,Karachi,"Gulistan-e-Jauhar, Karachi, Sindh",6,6,400 Sq. Yd.,For Sale,6/27/2023,PKR6.75 Crore
3216,House,Sindh,Karachi,"Gulistan-e-Jauhar, Karachi, Sindh",5,5,200 Sq. Yd.,For Sale,6/27/2023,PKR4.6 Crore
3217,Flat,Sindh,Karachi,"DHA Defence, Karachi, Sindh",4,3,256 Sq. Yd.,For Sale,7/18/2023,PKR5.5 Crore
3218,House,Sindh,Karachi,"DHA Defence, Karachi, Sindh",6,5,500 Sq. Yd.,For Sale,7/18/2023,PKR15 Crore
3219,Upper Portion,Sindh,Karachi,"Scheme 33, Karachi, Sindh",3,3,125 Sq. Yd.,For Sale,7/18/2023,PKR85 Lakh
3220,Flat,Sindh,Karachi,"Jinnah Avenue, Karachi, Sindh",5,4,300 Sq. Yd.,For Sale,7/2/2023,PKR3.6 Crore
3221,House,Sindh,Karachi,"Naya Nazimabad, Karachi, Sindh",3,4,120 Sq. Yd.,For Sale,7/18/2023,PKR2.48 Crore
3222,Flat,Sindh,Karachi,"Shaheed-e-Millat Expressway, Karachi, Sindh",3,3,178 Sq. Yd.,For Sale,7/18/2023,PKR2.5 Crore
3223,House,Sindh,Karachi,"DHA Defence, Karachi, Sindh",6,5,500 Sq. Yd.,For Sale,7/18/2023,PKR12.5 Crore
3224,House,Sindh,Karachi,"DHA Defence, Karachi, Sindh",7,6,"1,000 Sq. Yd.",For Sale,6/30/2023,PKR29.5 Crore
3225,House,Sindh,Karachi,"DHA Defence, Karachi, Sindh",7,6,500 Sq. Yd.,For Sale,6/30/2023,PKR16.5 Crore
3226,House,Sindh,Karachi,"DHA Defence, Karachi, Sindh",5,4,500 Sq. Yd.,For Sale,6/30/2023,PKR8.45 Crore
3227,House,Sindh,Karachi,"DHA Defence, Karachi, Sindh",7,6,500 Sq. Yd.,For Sale,6/30/2023,PKR17 Crore
3228,Flat,Sindh,Karachi,"Garden West, Karachi, Sindh",2,2,89 Sq. Yd.,For Sale,7/18/2023,PKR75 Lakh
3229,Flat,Sindh,Karachi,"Garden West, Karachi, Sindh",2,2,89 Sq. Yd.,For Sale,7/18/2023,PKR1 Crore
3230,House,Sindh,Karachi,"Bahria Town Karachi, Karachi, Sindh",3,3,235 Sq. Yd.,For Sale,7/1/2023,PKR1.45 Crore
3231,House,Sindh,Karachi,"Bahria Town Karachi, Karachi, Sindh",3,3,200 Sq. Yd.,For Sale,7/18/2023,PKR1.85 Crore
3232,House,Sindh,Karachi,"Bahria Town Karachi, Karachi, Sindh",5,5,500 Sq. Yd.,For Sale,7/2/2023,PKR4.25 Crore
3233,Flat,Sindh,Karachi,"Gulistan-e-Jauhar, Karachi, Sindh",-,-,150 Sq. Yd.,For Sale,7/18/2023,PKR1.3 Crore
3234,House,Sindh,Karachi,"Naya Nazimabad, Karachi, Sindh",4,4,120 Sq. Yd.,For Sale,7/11/2023,PKR2.9 Crore
3235,Flat,Sindh,Karachi,"Gulistan-e-Jauhar, Karachi, Sindh",2,2,111 Sq. Yd.,For Sale,7/11/2023,PKR1.2 Crore
3236,House,Sindh,Karachi,"Scheme 33, Karachi, Sindh",6,4,120 Sq. Yd.,For Sale,7/11/2023,PKR2.65 Crore
3237,Upper Portion,Sindh,Karachi,"Gulistan-e-Jauhar, Karachi, Sindh",3,3,250 Sq. Yd.,For Sale,7/11/2023,PKR1.8 Crore
3238,House,Sindh,Karachi,"Naya Nazimabad, Karachi, Sindh",4,4,120 Sq. Yd.,For Sale,7/11/2023,PKR2.4 Crore
3239,House,Sindh,Karachi,"Scheme 33, Karachi, Sindh",3,3,120 Sq. Yd.,For Sale,7/4/2023,PKR1.85 Crore
3240,Flat,Sindh,Karachi,"Bahria Town Karachi, Karachi, Sindh",2,2,128 Sq. Yd.,For Sale,6/29/2023,PKR80 Lakh
3241,Flat,Sindh,Karachi,"Cosmopolitan Society, Karachi, Sindh",6,4,333 Sq. Yd.,For Sale,6/27/2023,PKR5 Crore
3242,Flat,Sindh,Karachi,"Scheme 33, Karachi, Sindh",5,4,200 Sq. Yd.,For Sale,7/2/2023,PKR1.65 Crore
3243,Flat,Sindh,Karachi,"Dalmia Cement Factory Road, Karachi, Sindh",5,4,300 Sq. Yd.,For Sale,7/2/2023,PKR3.9 Crore
3244,House,Sindh,Karachi,"Gulshan-e-Iqbal Town, Karachi, Sindh",6,8,350 Sq. Yd.,For Sale,7/18/2023,PKR8.3 Crore
3245,Flat,Sindh,Karachi,"Clifton, Karachi, Sindh",6,7,444 Sq. Yd.,For Sale,7/18/2023,PKR10.5 Crore
3246,Flat,Sindh,Karachi,"Saadi Road, Karachi, Sindh",2,2,117 Sq. Yd.,For Sale,7/4/2023,PKR85 Lakh
3247,Flat,Sindh,Karachi,"DHA Defence, Karachi, Sindh",1,1,56 Sq. Yd.,For Sale,7/11/2023,PKR63 Lakh
3248,Flat,Sindh,Karachi,"DHA Defence, Karachi, Sindh",1,1,56 Sq. Yd.,For Sale,7/11/2023,PKR53 Lakh
3249,Flat,Sindh,Karachi,"Gulshan-e-Iqbal Town, Karachi, Sindh",3,3,178 Sq. Yd.,For Sale,6/29/2023,PKR2.5 Crore
3250,Flat,Sindh,Karachi,"Clifton, Karachi, Sindh",3,3,183 Sq. Yd.,For Sale,7/18/2023,PKR3 Crore
3251,Flat,Sindh,Karachi,"Gulshan-e-Iqbal Town, Karachi, Sindh",3,3,150 Sq. Yd.,For Sale,7/4/2023,PKR1.8 Crore
3252,Flat,Sindh,Karachi,"North Nazimabad, Karachi, Sindh",2,2,139 Sq. Yd.,For Sale,7/18/2023,PKR91 Lakh
3253,House,Sindh,Karachi,"Federal B Area, Karachi, Sindh",3,6,120 Sq. Yd.,For Sale,7/18/2023,PKR2.15 Crore
3254,House,Sindh,Karachi,"Clifton, Karachi, Sindh",5,4,356 Sq. Yd.,For Sale,7/18/2023,PKR7 Crore
3255,Flat,Sindh,Karachi,"Clifton, Karachi, Sindh",2,2,100 Sq. Yd.,For Sale,7/18/2023,PKR1.1 Crore
3256,Upper Portion,Sindh,Karachi,"Scheme 33, Karachi, Sindh",2,2,72 Sq. Yd.,For Sale,7/4/2023,PKR46 Lakh
3257,Upper Portion,Sindh,Karachi,"Scheme 33, Karachi, Sindh",2,2,111 Sq. Yd.,For Sale,7/18/2023,PKR65 Lakh
3258,House,Sindh,Karachi,"Gulshan-e-Iqbal Town, Karachi, Sindh",-,-,240 Sq. Yd.,For Sale,7/4/2023,PKR5.8 Crore
3259,Flat,Sindh,Karachi,"Scheme 33, Karachi, Sindh",2,2,94 Sq. Yd.,For Sale,7/11/2023,PKR82 Lakh
3260,Flat,Sindh,Karachi,"Scheme 33, Karachi, Sindh",3,2,99 Sq. Yd.,For Sale,7/3/2023,PKR78 Lakh
3261,Lower Portion,Sindh,Karachi,"Federal B Area, Karachi, Sindh",2,2,120 Sq. Yd.,For Sale,7/2/2023,PKR76 Lakh
3262,Flat,Sindh,Karachi,"Gulistan-e-Jauhar, Karachi, Sindh",2,2,106 Sq. Yd.,For Sale,7/11/2023,PKR60 Lakh
3263,Flat,Sindh,Karachi,"Gulshan-e-Iqbal Town, Karachi, Sindh",2,2,111 Sq. Yd.,For Sale,7/4/2023,PKR85 Lakh
3264,House,Sindh,Karachi,"Scheme 33, Karachi, Sindh",6,6,120 Sq. Yd.,For Sale,7/11/2023,PKR2.4 Crore
3265,House,Sindh,Karachi,"Gadap Town, Karachi, Sindh",2,2,200 Sq. Yd.,For Sale,7/11/2023,PKR1.25 Crore
3266,Flat,Sindh,Karachi,"Gulistan-e-Jauhar, Karachi, Sindh",3,3,150 Sq. Yd.,For Sale,7/4/2023,PKR1.07 Crore
3267,House,Sindh,Karachi,"DHA Defence, Karachi, Sindh",6,6,500 Sq. Yd.,For Sale,7/18/2023,PKR12 Crore
3268,House,Sindh,Karachi,"DHA Defence, Karachi, Sindh",6,5,666 Sq. Yd.,For Sale,7/18/2023,PKR25 Crore
3269,Flat,Sindh,Karachi,"Scheme 33, Karachi, Sindh",4,3,167 Sq. Yd.,For Sale,7/18/2023,PKR1.5 Crore
3270,House,Sindh,Karachi,"Gulshan-e-Iqbal Town, Karachi, Sindh",6,6,300 Sq. Yd.,For Sale,7/18/2023,PKR6.8 Crore
3271,Flat,Sindh,Karachi,"Clifton, Karachi, Sindh",3,3,222 Sq. Yd.,For Sale,7/18/2023,PKR3.15 Crore
3272,Flat,Sindh,Karachi,"Clifton, Karachi, Sindh",4,3,183 Sq. Yd.,For Sale,7/18/2023,PKR3.85 Crore
3273,Flat,Sindh,Karachi,"Cantt, Karachi, Sindh",3,3,289 Sq. Yd.,For Sale,7/18/2023,PKR3.9 Crore
3274,House,Sindh,Karachi,"Northern Bypass, Karachi, Sindh",6,5,350 Sq. Yd.,For Sale,7/18/2023,PKR8.75 Crore
3275,Flat,Sindh,Karachi,"Civil Lines, Karachi, Sindh",5,4,311 Sq. Yd.,For Sale,7/18/2023,PKR6.6 Crore
3276,House,Sindh,Karachi,"DHA Defence, Karachi, Sindh",4,3,100 Sq. Yd.,For Sale,7/4/2023,PKR3.75 Crore
3277,Flat,Sindh,Karachi,"DHA Defence, Karachi, Sindh",3,3,139 Sq. Yd.,For Sale,7/18/2023,PKR1.75 Crore
3278,House,Sindh,Karachi,"Bahria Town Karachi, Karachi, Sindh",3,3,152 Sq. Yd.,For Sale,7/18/2023,PKR1.32 Crore
3279,Upper Portion,Sindh,Karachi,"Malir, Karachi, Sindh",2,2,65 Sq. Yd.,For Sale,7/3/2023,PKR42 Lakh
3280,Flat,Sindh,Karachi,"DHA Defence, Karachi, Sindh",3,3,156 Sq. Yd.,For Sale,7/18/2023,PKR2 Crore
3281,Flat,Sindh,Karachi,"Gulshan-e-Iqbal Town, Karachi, Sindh",3,3,189 Sq. Yd.,For Sale,7/11/2023,PKR3 Crore
3282,Flat,Sindh,Karachi,"North Nazimabad, Karachi, Sindh",2,2,88 Sq. Yd.,For Sale,7/11/2023,PKR75 Lakh
3283,Flat,Sindh,Karachi,"North Nazimabad, Karachi, Sindh",4,4,200 Sq. Yd.,For Sale,7/11/2023,PKR2.4 Crore
3284,Flat,Sindh,Karachi,"Nazimabad, Karachi, Sindh",3,3,167 Sq. Yd.,For Sale,7/11/2023,PKR1.25 Crore
3285,Upper Portion,Sindh,Karachi,"North Nazimabad, Karachi, Sindh",4,4,233 Sq. Yd.,For Sale,7/11/2023,PKR2.5 Crore
3286,House,Sindh,Karachi,"DHA Defence, Karachi, Sindh",3,3,600 Sq. Yd.,For Sale,7/11/2023,PKR7.5 Crore
3287,House,Sindh,Karachi,"Bin Qasim Town, Karachi, Sindh",6,6,125 Sq. Yd.,For Sale,7/11/2023,PKR2.5 Crore
3288,Flat,Sindh,Karachi,"Federal B Area, Karachi, Sindh",3,3,156 Sq. Yd.,For Sale,7/4/2023,PKR1.5 Crore
3289,Flat,Sindh,Karachi,"Scheme 33, Karachi, Sindh",2,2,106 Sq. Yd.,For Sale,7/11/2023,PKR75 Lakh
3290,Flat,Sindh,Karachi,"Scheme 33, Karachi, Sindh",-,-,189 Sq. Yd.,For Sale,7/2/2023,PKR1.5 Crore
3291,Flat,Sindh,Karachi,"Scheme 33, Karachi, Sindh",-,-,72 Sq. Yd.,For Sale,7/2/2023,PKR75 Lakh
3292,Flat,Sindh,Karachi,"Scheme 33, Karachi, Sindh",-,-,122 Sq. Yd.,For Sale,7/2/2023,PKR1.1 Crore
3293,Flat,Sindh,Karachi,"Scheme 33, Karachi, Sindh",-,-,106 Sq. Yd.,For Sale,7/2/2023,PKR95 Lakh
3294,Flat,Sindh,Karachi,"Malir, Karachi, Sindh",3,3,244 Sq. Yd.,For Sale,7/2/2023,PKR4.5 Crore
3295,House,Sindh,Karachi,"Scheme 33, Karachi, Sindh",3,2,120 Sq. Yd.,For Sale,7/1/2023,PKR2.2 Crore
3296,Flat,Sindh,Karachi,"Mehmoodabad, Karachi, Sindh",2,2,100 Sq. Yd.,For Sale,7/18/2023,PKR68 Lakh
3297,Flat,Sindh,Karachi,"Mehmoodabad, Karachi, Sindh",2,2,100 Sq. Yd.,For Sale,7/18/2023,PKR60 Lakh
3298,Flat,Sindh,Karachi,"Clifton, Karachi, Sindh",4,4,350 Sq. Yd.,For Sale,7/18/2023,PKR4.5 Crore
3299,Flat,Sindh,Karachi,"Clifton, Karachi, Sindh",3,3,244 Sq. Yd.,For Sale,7/18/2023,PKR3.5 Crore
3300,House,Sindh,Karachi,"DHA Defence, Karachi, Sindh",6,5,500 Sq. Yd.,For Sale,6/27/2023,PKR14 Crore
3301,House,Sindh,Karachi,"DHA Defence, Karachi, Sindh",5,4,500 Sq. Yd.,For Sale,6/27/2023,PKR9.15 Crore
3302,House,Sindh,Karachi,"DHA Defence, Karachi, Sindh",-,5,500 Sq. Yd.,For Sale,6/27/2023,PKR9.9 Crore
3303,House,Sindh,Karachi,"DHA Defence, Karachi, Sindh",6,6,500 Sq. Yd.,For Sale,6/27/2023,PKR12.5 Crore
3304,House,Sindh,Karachi,"DHA Defence, Karachi, Sindh",-,-,500 Sq. Yd.,For Sale,6/27/2023,PKR12 Crore
3305,House,Sindh,Karachi,"DHA Defence, Karachi, Sindh",6,5,500 Sq. Yd.,For Sale,6/27/2023,PKR12 Crore
3306,House,Sindh,Karachi,"DHA Defence, Karachi, Sindh",6,6,500 Sq. Yd.,For Sale,6/27/2023,PKR9.5 Crore
3307,Flat,Sindh,Karachi,"Scheme 33, Karachi, Sindh",2,2,139 Sq. Yd.,For Sale,7/11/2023,PKR1 Crore
3308,Flat,Sindh,Karachi,"North Nazimabad, Karachi, Sindh",3,3,161 Sq. Yd.,For Sale,7/11/2023,PKR80 Lakh
3309,Flat,Sindh,Karachi,"Scheme 33, Karachi, Sindh",2,2,83 Sq. Yd.,For Sale,7/11/2023,PKR68 Lakh
3310,Flat,Sindh,Karachi,"Gulistan-e-Jauhar, Karachi, Sindh",2,2,89 Sq. Yd.,For Sale,7/11/2023,PKR48 Lakh
3311,Flat,Sindh,Karachi,"North Karachi, Karachi, Sindh",2,4,94 Sq. Yd.,For Sale,7/11/2023,PKR55 Lakh
3312,House,Sindh,Karachi,"Cantt, Karachi, Sindh",4,4,120 Sq. Yd.,For Sale,6/27/2023,PKR1.8 Crore
3313,Flat,Sindh,Karachi,"Scheme 33, Karachi, Sindh",2,2,128 Sq. Yd.,For Sale,7/18/2023,PKR1 Crore
3314,Flat,Sindh,Karachi,"Scheme 33, Karachi, Sindh",2,2,128 Sq. Yd.,For Sale,7/18/2023,PKR1 Crore
3315,House,Sindh,Karachi,"DHA Defence, Karachi, Sindh",6,6,500 Sq. Yd.,For Sale,6/27/2023,PKR8.75 Crore
3316,House,Sindh,Karachi,"DHA Defence, Karachi, Sindh",6,6,500 Sq. Yd.,For Sale,7/4/2023,PKR11.75 Crore
3317,House,Sindh,Karachi,"DHA Defence, Karachi, Sindh",6,5,600 Sq. Yd.,For Sale,7/18/2023,PKR11.5 Crore
3318,House,Sindh,Karachi,"KDA Scheme 1, Karachi, Sindh",6,5,500 Sq. Yd.,For Sale,6/29/2023,PKR20 Crore
3319,House,Sindh,Karachi,"Bahria Town Karachi, Karachi, Sindh",3,3,235 Sq. Yd.,For Sale,7/18/2023,PKR1.48 Crore
3320,Flat,Sindh,Karachi,"North Nazimabad, Karachi, Sindh",3,4,289 Sq. Yd.,For Sale,7/18/2023,PKR2.8 Crore
3321,House,Sindh,Karachi,"Gulistan-e-Jauhar, Karachi, Sindh",6,8,400 Sq. Yd.,For Sale,7/18/2023,PKR7.25 Crore
3322,House,Sindh,Karachi,"Gulshan-e-Iqbal Town, Karachi, Sindh",6,5,160 Sq. Yd.,For Sale,7/2/2023,PKR3.95 Crore
3323,Flat,Sindh,Karachi,"Gulistan-e-Jauhar, Karachi, Sindh",3,3,156 Sq. Yd.,For Sale,7/4/2023,PKR1.05 Crore
3324,Flat,Sindh,Karachi,"Malir, Karachi, Sindh",4,3,267 Sq. Yd.,For Sale,7/18/2023,PKR3 Crore
3325,Flat,Sindh,Karachi,"DHA Defence, Karachi, Sindh",3,3,150 Sq. Yd.,For Sale,7/2/2023,PKR2.25 Crore
3326,Flat,Sindh,Karachi,"DHA Defence, Karachi, Sindh",3,3,128 Sq. Yd.,For Sale,7/18/2023,PKR1.2 Crore
3327,House,Sindh,Karachi,"Cantt, Karachi, Sindh",4,4,120 Sq. Yd.,For Sale,7/18/2023,PKR75 Lakh
3328,Flat,Sindh,Karachi,"Dalmia Cement Factory Road, Karachi, Sindh",4,3,222 Sq. Yd.,For Sale,7/11/2023,PKR3.1 Crore
3329,Flat,Sindh,Karachi,"Jinnah Avenue, Karachi, Sindh",4,3,211 Sq. Yd.,For Sale,7/2/2023,PKR2.78 Crore
3330,House,Sindh,Karachi,"Northern Bypass, Karachi, Sindh",6,5,350 Sq. Yd.,For Sale,6/27/2023,PKR8.65 Crore
3331,House,Sindh,Karachi,"Bahria Town Karachi, Karachi, Sindh",3,3,152 Sq. Yd.,For Sale,7/3/2023,PKR1.8 Crore
3332,Flat,Sindh,Karachi,"Scheme 33, Karachi, Sindh",2,2,122 Sq. Yd.,For Sale,7/18/2023,PKR88 Lakh
3333,Flat,Sindh,Karachi,"Scheme 33, Karachi, Sindh",2,2,122 Sq. Yd.,For Sale,7/18/2023,PKR88 Lakh
3334,Flat,Sindh,Karachi,"Scheme 33, Karachi, Sindh",2,2,122 Sq. Yd.,For Sale,7/18/2023,PKR92 Lakh
3335,Flat,Sindh,Karachi,"North Karachi, Karachi, Sindh",2,2,72 Sq. Yd.,For Sale,7/18/2023,PKR32 Lakh
3336,House,Sindh,Karachi,"Gadap Town, Karachi, Sindh",2,2,120 Sq. Yd.,For Sale,6/27/2023,PKR63 Lakh
3337,House,Sindh,Karachi,"Gadap Town, Karachi, Sindh",3,3,120 Sq. Yd.,For Sale,6/27/2023,PKR84.5 Lakh
3338,Flat,Sindh,Karachi,"Gulistan-e-Jauhar, Karachi, Sindh",2,2,106 Sq. Yd.,For Sale,6/30/2023,PKR45 Lakh
3339,House,Sindh,Karachi,"Gulistan-e-Jauhar, Karachi, Sindh",4,4,120 Sq. Yd.,For Sale,6/27/2023,PKR2 Crore
3340,Flat,Sindh,Karachi,"Shaheed Millat Road, Karachi, Sindh",3,3,158 Sq. Yd.,For Sale,7/18/2023,PKR2.65 Crore
3341,Flat,Sindh,Karachi,"DHA Defence, Karachi, Sindh",2,2,106 Sq. Yd.,For Sale,7/11/2023,PKR1.25 Crore
3342,Flat,Sindh,Karachi,"DHA Defence, Karachi, Sindh",2,2,122 Sq. Yd.,For Sale,7/18/2023,PKR1.4 Crore
3343,Flat,Sindh,Karachi,"Bahria Town Karachi, Karachi, Sindh",1,2,110 Sq. Yd.,For Sale,7/18/2023,PKR84 Lakh
3344,House,Sindh,Karachi,"Gulshan-e-Iqbal Town, Karachi, Sindh",6,8,240 Sq. Yd.,For Sale,7/2/2023,PKR5 Crore
3345,House,Sindh,Karachi,"DHA Defence, Karachi, Sindh",-,-,150 Sq. Yd.,For Sale,7/3/2023,PKR5 Crore
3346,House,Sindh,Karachi,"DHA Defence, Karachi, Sindh",6,6,500 Sq. Yd.,For Sale,7/4/2023,PKR9.9 Crore
3347,House,Sindh,Karachi,"Siraj-ud-Daula Road, Karachi, Sindh",6,5,400 Sq. Yd.,For Sale,7/18/2023,PKR21 Crore
3348,Flat,Sindh,Karachi,"North Nazimabad, Karachi, Sindh",4,4,267 Sq. Yd.,For Sale,7/18/2023,PKR2.5 Crore
3349,Flat,Sindh,Karachi,"Korangi, Karachi, Sindh",1,2,50 Sq. Yd.,For Sale,7/4/2023,PKR27 Lakh
3350,House,Sindh,Karachi,"DHA Defence, Karachi, Sindh",6,6,500 Sq. Yd.,For Sale,7/18/2023,PKR8.5 Crore
3351,House,Sindh,Karachi,"Bahria Town Karachi, Karachi, Sindh",3,3,235 Sq. Yd.,For Sale,7/18/2023,PKR1.48 Crore
3352,House,Sindh,Karachi,"Bahria Town Karachi, Karachi, Sindh",3,3,235 Sq. Yd.,For Sale,7/18/2023,PKR1.43 Crore
3353,House,Sindh,Karachi,"Bahria Town Karachi, Karachi, Sindh",4,4,350 Sq. Yd.,For Sale,7/18/2023,PKR1.95 Crore
3354,House,Sindh,Karachi,"Bahria Town Karachi, Karachi, Sindh",3,3,200 Sq. Yd.,For Sale,7/18/2023,PKR2.24 Crore
3355,House,Sindh,Karachi,"Bahria Town Karachi, Karachi, Sindh",3,3,152 Sq. Yd.,For Sale,7/18/2023,PKR1.32 Crore
3356,House,Sindh,Karachi,"Malir, Karachi, Sindh",5,5,200 Sq. Yd.,For Sale,7/18/2023,PKR1.75 Crore
3357,Flat,Sindh,Karachi,"Scheme 33, Karachi, Sindh",1,1,56 Sq. Yd.,For Sale,6/30/2023,PKR55 Lakh
3358,House,Sindh,Karachi,"Yousaf Goth, Karachi, Sindh",5,5,90 Sq. Yd.,For Sale,6/27/2023,PKR84 Lakh
3359,Flat,Sindh,Karachi,"Gulshan-e-Iqbal Town, Karachi, Sindh",3,3,139 Sq. Yd.,For Sale,7/11/2023,PKR97 Lakh
3360,Flat,Sindh,Karachi,"Scheme 33, Karachi, Sindh",2,2,78 Sq. Yd.,For Sale,7/11/2023,PKR63 Lakh
3361,House,Sindh,Karachi,"Cantt, Karachi, Sindh",6,5,375 Sq. Yd.,For Sale,7/11/2023,PKR6.4 Crore
3362,House,Sindh,Karachi,"DHA Defence, Karachi, Sindh",4,4,100 Sq. Yd.,For Sale,6/27/2023,PKR3.3 Crore
3363,House,Sindh,Karachi,"Bahria Town Karachi, Karachi, Sindh",4,4,350 Sq. Yd.,For Sale,7/11/2023,PKR1.9 Crore
3364,Flat,Sindh,Karachi,"Federal B Area, Karachi, Sindh",3,3,139 Sq. Yd.,For Sale,7/3/2023,PKR96 Lakh
3365,Flat,Sindh,Karachi,"Scheme 33, Karachi, Sindh",2,2,128 Sq. Yd.,For Sale,6/27/2023,PKR98 Lakh
3366,Flat,Sindh,Karachi,"Gulistan-e-Jauhar, Karachi, Sindh",2,2,89 Sq. Yd.,For Sale,7/3/2023,PKR70 Lakh
3367,House,Sindh,Karachi,"Karachi Motorway, Karachi, Sindh",3,4,240 Sq. Yd.,For Sale,7/11/2023,PKR2.2 Crore
3368,Flat,Sindh,Karachi,"Gulistan-e-Jauhar, Karachi, Sindh",3,3,267 Sq. Yd.,For Sale,6/27/2023,PKR4.5 Crore
3369,Flat,Sindh,Karachi,"Gulshan-e-Iqbal Town, Karachi, Sindh",4,3,222 Sq. Yd.,For Sale,7/4/2023,PKR2.5 Crore
3370,Flat,Sindh,Karachi,"Gulistan-e-Jauhar, Karachi, Sindh",2,2,111 Sq. Yd.,For Sale,7/11/2023,PKR1.15 Crore
3371,Flat,Sindh,Karachi,"Gulistan-e-Jauhar, Karachi, Sindh",3,3,144 Sq. Yd.,For Sale,7/4/2023,PKR1.4 Crore
3372,Upper Portion,Sindh,Karachi,"Scheme 33, Karachi, Sindh",4,4,200 Sq. Yd.,For Sale,7/11/2023,PKR1.2 Crore
3373,House,Sindh,Karachi,"North Nazimabad, Karachi, Sindh",-,-,"1,800 Sq. Yd.",For Sale,6/28/2023,PKR30 Crore
3374,House,Sindh,Karachi,"Malir, Karachi, Sindh",5,4,124 Sq. Yd.,For Sale,7/18/2023,PKR2.75 Crore
3375,Flat,Sindh,Karachi,"North Nazimabad, Karachi, Sindh",3,4,289 Sq. Yd.,For Sale,7/18/2023,PKR2.8 Crore
3376,Flat,Sindh,Karachi,"Clifton, Karachi, Sindh",4,4,211 Sq. Yd.,For Sale,7/18/2023,PKR2.4 Crore
3377,Flat,Sindh,Karachi,"P & T Colony, Karachi, Sindh",2,2,100 Sq. Yd.,For Sale,7/18/2023,PKR60 Lakh
3378,House,Sindh,Karachi,"DHA Defence, Karachi, Sindh",-,9,600 Sq. Yd.,For Sale,7/18/2023,PKR12.8 Crore
3379,House,Sindh,Karachi,"Gulistan-e-Jauhar, Karachi, Sindh",6,10,240 Sq. Yd.,For Sale,7/3/2023,PKR6.35 Crore
3380,House,Sindh,Karachi,"North Karachi, Karachi, Sindh",4,4,120 Sq. Yd.,For Sale,6/28/2023,PKR2.28 Crore
3381,Upper Portion,Sindh,Karachi,"Gulistan-e-Jauhar, Karachi, Sindh",4,4,400 Sq. Yd.,For Sale,7/18/2023,PKR4.5 Crore
3382,Upper Portion,Sindh,Karachi,"Nazimabad, Karachi, Sindh",3,3,144 Sq. Yd.,For Sale,7/11/2023,PKR95 Lakh
3383,Flat,Sindh,Karachi,"Shaheed Millat Road, Karachi, Sindh",4,3,178 Sq. Yd.,For Sale,7/11/2023,PKR6 Crore
3384,House,Sindh,Karachi,"Amil Colony, Karachi, Sindh",3,3,144 Sq. Yd.,For Sale,7/4/2023,PKR3.35 Crore
3385,Lower Portion,Sindh,Karachi,"North Nazimabad, Karachi, Sindh",4,3,183 Sq. Yd.,For Sale,7/11/2023,PKR1.6 Crore
3386,House,Sindh,Karachi,"Jamshed Town, Karachi, Sindh",6,6,200 Sq. Yd.,For Sale,7/4/2023,PKR9.25 Crore
3387,Flat,Sindh,Karachi,"Nazimabad, Karachi, Sindh",3,3,173 Sq. Yd.,For Sale,7/11/2023,PKR1.25 Crore
3388,House,Sindh,Karachi,"North Nazimabad, Karachi, Sindh",6,6,133 Sq. Yd.,For Sale,7/11/2023,PKR3.4 Crore
3389,Flat,Sindh,Karachi,"Muslimabad Society, Karachi, Sindh",3,3,244 Sq. Yd.,For Sale,7/11/2023,PKR4.75 Crore
3390,House,Sindh,Karachi,"Gulshan-e-Iqbal Town, Karachi, Sindh",3,3,300 Sq. Yd.,For Sale,7/18/2023,PKR12 Crore
3391,House,Sindh,Karachi,"Gulistan-e-Jauhar, Karachi, Sindh",6,6,240 Sq. Yd.,For Sale,7/3/2023,PKR5.25 Crore
3392,House,Sindh,Karachi,"Gulistan-e-Jauhar, Karachi, Sindh",6,8,400 Sq. Yd.,For Sale,7/18/2023,PKR7.25 Crore
3393,House,Sindh,Karachi,"Gulistan-e-Jauhar, Karachi, Sindh",7,7,450 Sq. Yd.,For Sale,7/3/2023,PKR7.5 Crore
3394,House,Sindh,Karachi,"North Karachi, Karachi, Sindh",4,4,240 Sq. Yd.,For Sale,7/18/2023,PKR3.2 Crore
3395,House,Sindh,Karachi,"North Karachi, Karachi, Sindh",6,6,288 Sq. Yd.,For Sale,7/18/2023,PKR3.3 Crore
3396,Flat,Sindh,Karachi,"North Karachi, Karachi, Sindh",2,2,78 Sq. Yd.,For Sale,7/18/2023,PKR51 Lakh
3397,Upper Portion,Sindh,Karachi,"North Karachi, Karachi, Sindh",3,3,240 Sq. Yd.,For Sale,7/18/2023,PKR1.75 Crore
3398,House,Sindh,Karachi,"North Karachi, Karachi, Sindh",5,5,240 Sq. Yd.,For Sale,7/18/2023,PKR3.9 Crore
3399,Flat,Sindh,Karachi,"North Nazimabad, Karachi, Sindh",3,3,189 Sq. Yd.,For Sale,7/18/2023,PKR2 Crore
3400,Flat,Sindh,Karachi,"Gulistan-e-Jauhar, Karachi, Sindh",2,2,83 Sq. Yd.,For Sale,7/4/2023,PKR40 Lakh
3401,House,Sindh,Karachi,"Scheme 33, Karachi, Sindh",6,6,240 Sq. Yd.,For Sale,7/18/2023,PKR4.25 Crore
3402,House,Sindh,Karachi,"Bahria Town Karachi, Karachi, Sindh",3,3,350 Sq. Yd.,For Sale,7/4/2023,PKR2 Crore
3403,Flat,Sindh,Karachi,"Gulistan-e-Jauhar, Karachi, Sindh",3,3,144 Sq. Yd.,For Sale,7/4/2023,PKR78 Lakh
3404,Flat,Sindh,Karachi,"Bahria Town Karachi, Karachi, Sindh",2,2,128 Sq. Yd.,For Sale,7/18/2023,PKR85 Lakh
3405,Flat,Sindh,Karachi,"Scheme 33, Karachi, Sindh",2,2,111 Sq. Yd.,For Sale,7/18/2023,PKR94.7 Lakh
3406,Flat,Sindh,Karachi,"Cantt, Karachi, Sindh",3,3,300 Sq. Yd.,For Sale,7/11/2023,PKR3.7 Crore
3407,Flat,Sindh,Karachi,"Cantt, Karachi, Sindh",3,3,278 Sq. Yd.,For Sale,7/4/2023,PKR3.85 Crore
3408,Flat,Sindh,Karachi,"DHA Defence, Karachi, Sindh",2,2,111 Sq. Yd.,For Sale,7/11/2023,PKR1.35 Crore
3409,Flat,Sindh,Karachi,"DHA Defence, Karachi, Sindh",2,2,111 Sq. Yd.,For Sale,7/11/2023,PKR1.35 Crore
3410,Flat,Sindh,Karachi,"Nazimabad, Karachi, Sindh",2,2,72 Sq. Yd.,For Sale,7/2/2023,PKR62 Lakh
3411,Flat,Sindh,Karachi,"Defence View Society, Karachi, Sindh",2,2,117 Sq. Yd.,For Sale,7/11/2023,PKR92 Lakh
3412,Flat,Sindh,Karachi,"Defence View Society, Karachi, Sindh",2,2,72 Sq. Yd.,For Sale,7/11/2023,PKR67 Lakh
3413,Flat,Sindh,Karachi,"Defence View Society, Karachi, Sindh",2,2,80 Sq. Yd.,For Sale,7/11/2023,PKR75 Lakh
3414,Flat,Sindh,Karachi,"Defence View Society, Karachi, Sindh",2,3,128 Sq. Yd.,For Sale,7/11/2023,PKR1.15 Crore
3415,House,Sindh,Karachi,"Gulistan-e-Jauhar, Karachi, Sindh",3,3,600 Sq. Yd.,For Sale,7/4/2023,PKR6.25 Crore
3416,Flat,Sindh,Karachi,"Navy Housing Scheme Karsaz, Karachi, Sindh",6,4,389 Sq. Yd.,For Sale,7/11/2023,PKR8.5 Crore
3417,House,Sindh,Karachi,"Karachi Motorway, Karachi, Sindh",3,4,160 Sq. Yd.,For Sale,7/11/2023,PKR1.45 Crore
3418,House,Sindh,Karachi,"Gadap Town, Karachi, Sindh",6,6,400 Sq. Yd.,For Sale,6/27/2023,PKR5.5 Crore
3419,House,Sindh,Karachi,"Gadap Town, Karachi, Sindh",6,6,240 Sq. Yd.,For Sale,7/3/2023,PKR3.65 Crore
3420,Flat,Sindh,Karachi,"Gadap Town, Karachi, Sindh",2,2,100 Sq. Yd.,For Sale,6/27/2023,PKR80 Lakh
3421,Lower Portion,Sindh,Karachi,"Gulistan-e-Jauhar, Karachi, Sindh",3,3,200 Sq. Yd.,For Sale,7/11/2023,PKR1.7 Crore
3422,House,Sindh,Karachi,"Shah Faisal Town, Karachi, Sindh",6,6,120 Sq. Yd.,For Sale,7/11/2023,PKR1.35 Crore
3423,House,Sindh,Karachi,"Scheme 33, Karachi, Sindh",4,4,120 Sq. Yd.,For Sale,6/27/2023,PKR2.6 Crore
3424,Upper Portion,Sindh,Karachi,"Gulistan-e-Jauhar, Karachi, Sindh",3,3,150 Sq. Yd.,For Sale,7/11/2023,PKR95 Lakh
3425,Lower Portion,Sindh,Karachi,"North Nazimabad, Karachi, Sindh",3,3,220 Sq. Yd.,For Sale,7/11/2023,PKR2.4 Crore
3426,House,Sindh,Karachi,"Gulshan-e-Iqbal Town, Karachi, Sindh",5,5,250 Sq. Yd.,For Sale,6/30/2023,PKR6.8 Crore
3427,House,Sindh,Karachi,"North Nazimabad, Karachi, Sindh",5,4,140 Sq. Yd.,For Sale,7/4/2023,PKR3 Crore
3428,Flat,Sindh,Karachi,"North Karachi, Karachi, Sindh",2,2,106 Sq. Yd.,For Sale,7/11/2023,PKR63 Lakh
3429,Flat,Sindh,Karachi,"North Karachi, Karachi, Sindh",3,3,161 Sq. Yd.,For Sale,7/4/2023,PKR90 Lakh
3430,House,Sindh,Karachi,"Malir Link To Super Highway, Karachi, Sindh",5,4,120 Sq. Yd.,For Sale,6/27/2023,PKR3.1 Crore
3431,Flat,Sindh,Karachi,"North Nazimabad, Karachi, Sindh",2,2,111 Sq. Yd.,For Sale,7/11/2023,PKR1.64 Crore
3432,Flat,Sindh,Karachi,"North Nazimabad, Karachi, Sindh",2,2,111 Sq. Yd.,For Sale,7/11/2023,PKR1.2 Crore
3433,Flat,Sindh,Karachi,"North Nazimabad, Karachi, Sindh",2,2,112 Sq. Yd.,For Sale,7/11/2023,PKR1.05 Crore
3434,Flat,Sindh,Karachi,"Gulshan-e-Iqbal Town, Karachi, Sindh",1,1,83 Sq. Yd.,For Sale,6/27/2023,PKR80 Lakh
3435,Flat,Sindh,Karachi,"North Karachi, Karachi, Sindh",1,1,72 Sq. Yd.,For Sale,6/27/2023,PKR35 Lakh
3436,Flat,Sindh,Karachi,"DHA Defence, Karachi, Sindh",3,3,200 Sq. Yd.,For Sale,7/4/2023,PKR1.6 Crore
3437,Flat,Sindh,Karachi,"DHA Defence, Karachi, Sindh",4,3,200 Sq. Yd.,For Sale,7/11/2023,PKR1.8 Crore
3438,Flat,Sindh,Karachi,"DHA Defence, Karachi, Sindh",4,4,292 Sq. Yd.,For Sale,7/11/2023,PKR8.75 Crore
3439,House,Sindh,Karachi,"Gulistan-e-Jauhar, Karachi, Sindh",3,3,400 Sq. Yd.,For Sale,7/11/2023,PKR6.4 Crore
3440,Lower Portion,Sindh,Karachi,"Gulistan-e-Jauhar, Karachi, Sindh",4,3,300 Sq. Yd.,For Sale,7/11/2023,PKR2.6 Crore
3441,House,Sindh,Karachi,"Malir, Karachi, Sindh",4,4,122 Sq. Yd.,For Sale,7/4/2023,PKR2.45 Crore
3442,Flat,Sindh,Karachi,"Bahria Town Karachi, Karachi, Sindh",1,2,58 Sq. Yd.,For Sale,6/27/2023,PKR42 Lakh
3443,House,Sindh,Karachi,"DHA Defence, Karachi, Sindh",5,5,"1,085 Sq. Yd.",For Sale,7/11/2023,PKR13.75 Crore
3444,House,Sindh,Karachi,"DHA Defence, Karachi, Sindh",5,5,500 Sq. Yd.,For Sale,7/3/2023,PKR11 Crore
3445,House,Sindh,Karachi,"DHA Defence, Karachi, Sindh",6,6,500 Sq. Yd.,For Sale,7/3/2023,PKR16 Crore
3446,House,Sindh,Karachi,"Navy Housing Scheme Karsaz, Karachi, Sindh",6,5,350 Sq. Yd.,For Sale,7/11/2023,PKR14 Crore
3447,Flat,Sindh,Karachi,"North Nazimabad, Karachi, Sindh",4,3,222 Sq. Yd.,For Sale,7/11/2023,PKR4.5 Crore
3448,Flat,Sindh,Karachi,"Scheme 33, Karachi, Sindh",1,-,50 Sq. Yd.,For Sale,7/2/2023,PKR40 Lakh
3449,Flat,Sindh,Karachi,"Scheme 33, Karachi, Sindh",1,-,50 Sq. Yd.,For Sale,7/2/2023,PKR40 Lakh
3450,Upper Portion,Sindh,Karachi,"Defence View Society, Karachi, Sindh",2,2,120 Sq. Yd.,For Sale,7/11/2023,PKR75 Lakh
3451,Farm House,Sindh,Karachi,"Gadap Town, Karachi, Sindh",6,8,"4,840 Sq. Yd.",For Sale,6/27/2023,PKR7 Crore
3452,House,Sindh,Karachi,"North Karachi, Karachi, Sindh",5,4,140 Sq. Yd.,For Sale,7/11/2023,PKR3 Crore
3453,Flat,Sindh,Karachi,"Jamshed Town, Karachi, Sindh",3,3,117 Sq. Yd.,For Sale,7/11/2023,PKR3.15 Crore
3454,House,Sindh,Karachi,"Scheme 33, Karachi, Sindh",6,4,120 Sq. Yd.,For Sale,7/2/2023,PKR2 Crore
3455,Flat,Sindh,Karachi,"North Karachi, Karachi, Sindh",2,3,72 Sq. Yd.,For Sale,7/11/2023,PKR36 Lakh
3456,Flat,Sindh,Karachi,"DHA Defence, Karachi, Sindh",3,2,182 Sq. Yd.,For Sale,7/11/2023,PKR5.9 Crore
3457,House,Sindh,Karachi,"DHA Defence, Karachi, Sindh",4,4,500 Sq. Yd.,For Sale,7/11/2023,PKR7.25 Crore
3458,House,Sindh,Karachi,"DHA Defence, Karachi, Sindh",4,4,"1,000 Sq. Yd.",For Sale,7/11/2023,PKR16 Crore
3459,House,Sindh,Karachi,"Malir, Karachi, Sindh",3,4,265 Sq. Yd.,For Sale,7/11/2023,PKR3.55 Crore
3460,House,Sindh,Karachi,"Naya Nazimabad, Karachi, Sindh",4,4,120 Sq. Yd.,For Sale,7/11/2023,PKR2.5 Crore
3461,House,Sindh,Karachi,"Scheme 33, Karachi, Sindh",4,4,90 Sq. Yd.,For Sale,7/4/2023,PKR1.75 Crore
3462,House,Sindh,Karachi,"North Nazimabad, Karachi, Sindh",6,6,500 Sq. Yd.,For Sale,6/30/2023,PKR14 Crore
3463,Flat,Sindh,Karachi,"Shaheed Millat Road, Karachi, Sindh",4,3,200 Sq. Yd.,For Sale,7/11/2023,PKR6.5 Crore
3464,Flat,Sindh,Karachi,"Malir, Karachi, Sindh",2,2,83 Sq. Yd.,For Sale,7/18/2023,PKR72 Lakh
3465,Flat,Sindh,Karachi,"Jinnah Avenue, Karachi, Sindh",2,2,128 Sq. Yd.,For Sale,7/18/2023,PKR95 Lakh
3466,Flat,Sindh,Karachi,"Falaknaz Dynasty, Karachi, Sindh",2,2,83 Sq. Yd.,For Sale,7/18/2023,PKR70 Lakh
3467,Flat,Sindh,Karachi,"Gulshan-e-Iqbal Town, Karachi, Sindh",2,2,122 Sq. Yd.,For Sale,7/18/2023,PKR1.1 Crore
3468,Flat,Sindh,Karachi,"Gulistan-e-Jauhar, Karachi, Sindh",2,2,89 Sq. Yd.,For Sale,7/18/2023,PKR65 Lakh
3469,Flat,Sindh,Karachi,"Malir, Karachi, Sindh",2,2,89 Sq. Yd.,For Sale,7/18/2023,PKR75 Lakh
3470,Flat,Sindh,Karachi,"Malir, Karachi, Sindh",3,3,178 Sq. Yd.,For Sale,7/18/2023,PKR1.65 Crore
3471,Flat,Sindh,Karachi,"Gulistan-e-Jauhar, Karachi, Sindh",2,2,89 Sq. Yd.,For Sale,7/18/2023,PKR64 Lakh
3472,Flat,Sindh,Karachi,"Malir, Karachi, Sindh",3,3,178 Sq. Yd.,For Sale,7/18/2023,PKR1.5 Crore
3473,Flat,Sindh,Karachi,"Malir, Karachi, Sindh",3,3,178 Sq. Yd.,For Sale,7/18/2023,PKR1.46 Crore
3474,Flat,Sindh,Karachi,"Malir, Karachi, Sindh",2,2,89 Sq. Yd.,For Sale,7/18/2023,PKR75 Lakh
3475,Flat,Sindh,Karachi,"Malir, Karachi, Sindh",3,3,178 Sq. Yd.,For Sale,7/18/2023,PKR1.46 Crore
3476,Flat,Sindh,Karachi,"Malir, Karachi, Sindh",3,3,133 Sq. Yd.,For Sale,7/18/2023,PKR2.33 Crore
3477,Flat,Sindh,Karachi,"Malir, Karachi, Sindh",3,3,133 Sq. Yd.,For Sale,7/18/2023,PKR2.33 Crore
3478,Flat,Sindh,Karachi,"Malir, Karachi, Sindh",2,3,161 Sq. Yd.,For Sale,7/18/2023,PKR1.45 Crore
3479,Flat,Sindh,Karachi,"Malir, Karachi, Sindh",3,3,178 Sq. Yd.,For Sale,7/18/2023,PKR1.5 Crore
3480,Flat,Sindh,Karachi,"Malir, Karachi, Sindh",2,2,89 Sq. Yd.,For Sale,7/18/2023,PKR96 Lakh
3481,Flat,Sindh,Karachi,"Defence View Society, Karachi, Sindh",2,3,120 Sq. Yd.,For Sale,7/4/2023,PKR75 Lakh
3482,Flat,Sindh,Karachi,"DHA Defence, Karachi, Sindh",4,3,128 Sq. Yd.,For Sale,7/11/2023,PKR1.45 Crore
3483,Flat,Sindh,Karachi,"DHA Defence, Karachi, Sindh",3,3,200 Sq. Yd.,For Sale,7/11/2023,PKR3 Crore
3484,Flat,Sindh,Karachi,"Defence View Society, Karachi, Sindh",2,2,78 Sq. Yd.,For Sale,7/4/2023,PKR66 Lakh
3485,Flat,Sindh,Karachi,"Defence View Society, Karachi, Sindh",2,3,117 Sq. Yd.,For Sale,7/4/2023,PKR1.14 Crore
3486,House,Sindh,Karachi,"Defence View Society, Karachi, Sindh",4,6,120 Sq. Yd.,For Sale,7/4/2023,PKR2.5 Crore
3487,Flat,Sindh,Karachi,"Defence View Society, Karachi, Sindh",4,3,178 Sq. Yd.,For Sale,7/4/2023,PKR2.25 Crore
3488,Flat,Sindh,Karachi,"Defence View Society, Karachi, Sindh",2,2,120 Sq. Yd.,For Sale,7/4/2023,PKR1 Crore
3489,House,Sindh,Karachi,"DHA Defence, Karachi, Sindh",6,5,500 Sq. Yd.,For Sale,7/18/2023,PKR11 Crore
3490,Flat,Sindh,Karachi,"Cantt, Karachi, Sindh",3,3,305 Sq. Yd.,For Sale,7/4/2023,PKR4.15 Crore
3491,House,Sindh,Karachi,"Shah Faisal Town, Karachi, Sindh",4,4,80 Sq. Yd.,For Sale,7/18/2023,PKR82 Lakh
3492,Flat,Sindh,Karachi,"Scheme 33, Karachi, Sindh",2,2,100 Sq. Yd.,For Sale,7/18/2023,PKR90 Lakh
3493,House,Sindh,Karachi,"Gulistan-e-Jauhar, Karachi, Sindh",4,4,150 Sq. Yd.,For Sale,7/4/2023,PKR2.35 Crore
3494,House,Sindh,Karachi,"Karachi Motorway, Karachi, Sindh",3,4,240 Sq. Yd.,For Sale,7/18/2023,PKR1.8 Crore
3495,Upper Portion,Sindh,Karachi,"North Karachi, Karachi, Sindh",2,2,120 Sq. Yd.,For Sale,7/18/2023,PKR90 Lakh
3496,House,Sindh,Karachi,"North Nazimabad, Karachi, Sindh",6,6,200 Sq. Yd.,For Sale,6/29/2023,PKR4.7 Crore
3497,House,Sindh,Karachi,"DHA Defence, Karachi, Sindh",5,5,500 Sq. Yd.,For Sale,7/18/2023,PKR10.65 Crore
3498,Upper Portion,Sindh,Karachi,"Korangi, Karachi, Sindh",3,3,120 Sq. Yd.,For Sale,7/1/2023,PKR80 Lakh
3499,Flat,Sindh,Karachi,"DHA Defence, Karachi, Sindh",2,2,106 Sq. Yd.,For Sale,7/18/2023,PKR1.4 Crore
3500,Flat,Sindh,Karachi,"DHA Defence, Karachi, Sindh",2,2,100 Sq. Yd.,For Sale,7/18/2023,PKR93 Lakh
3501,Room,Sindh,Karachi,"DHA Defence, Karachi, Sindh",1,-,44 Sq. Yd.,For Sale,7/18/2023,PKR35 Lakh
3502,Flat,Sindh,Karachi,"Bahria Town Karachi, Karachi, Sindh",2,2,122 Sq. Yd.,For Sale,7/4/2023,PKR66 Lakh
3503,House,Sindh,Karachi,"Federal B Area, Karachi, Sindh",6,9,200 Sq. Yd.,For Sale,7/25/2023,PKR3.5 Crore
3504,House,Sindh,Karachi,"Gulistan-e-Jauhar, Karachi, Sindh",6,10,300 Sq. Yd.,For Sale,7/4/2023,PKR6.5 Crore
3505,Flat,Sindh,Karachi,"Gulshan-e-Iqbal Town, Karachi, Sindh",4,4,267 Sq. Yd.,For Sale,7/25/2023,PKR1.45 Crore
3506,Flat,Sindh,Karachi,"Gadap Town, Karachi, Sindh",-,-,83 Sq. Yd.,For Sale,7/11/2023,PKR27 Lakh
3507,Flat,Sindh,Karachi,"Gadap Town, Karachi, Sindh",-,-,83 Sq. Yd.,For Sale,7/11/2023,PKR25.5 Lakh
3508,Flat,Sindh,Karachi,"North Karachi, Karachi, Sindh",-,-,83 Sq. Yd.,For Sale,7/11/2023,PKR58.5 Lakh
3509,Flat,Sindh,Karachi,"Gadap Town, Karachi, Sindh",-,-,83 Sq. Yd.,For Sale,7/11/2023,PKR25 Lakh
3510,House,Sindh,Karachi,"Cantt, Karachi, Sindh",6,5,375 Sq. Yd.,For Sale,7/3/2023,PKR7.5 Crore
3511,Lower Portion,Sindh,Karachi,"Gulshan-e-Iqbal Town, Karachi, Sindh",5,5,350 Sq. Yd.,For Sale,7/11/2023,PKR3.95 Crore
3512,House,Sindh,Karachi,"Gadap Town, Karachi, Sindh",4,7,124 Sq. Yd.,For Sale,7/11/2023,PKR75 Lakh
3513,Upper Portion,Sindh,Karachi,"Scheme 33, Karachi, Sindh",2,2,66 Sq. Yd.,For Sale,7/11/2023,PKR1.1 Crore
3514,House,Sindh,Karachi,"Scheme 33, Karachi, Sindh",5,4,120 Sq. Yd.,For Sale,6/27/2023,PKR2.48 Crore
3515,Flat,Sindh,Karachi,"Scheme 33, Karachi, Sindh",2,2,111 Sq. Yd.,For Sale,6/27/2023,PKR95 Lakh
3516,Flat,Sindh,Karachi,"Scheme 33, Karachi, Sindh",2,2,117 Sq. Yd.,For Sale,6/27/2023,PKR95 Lakh
3517,Flat,Sindh,Karachi,"Scheme 33, Karachi, Sindh",2,2,89 Sq. Yd.,For Sale,6/27/2023,PKR75 Lakh
3518,Flat,Sindh,Karachi,"Scheme 33, Karachi, Sindh",3,3,194 Sq. Yd.,For Sale,6/27/2023,PKR1.5 Crore
3519,House,Sindh,Karachi,"Malir, Karachi, Sindh",5,5,120 Sq. Yd.,For Sale,6/27/2023,PKR1.3 Crore
3520,House,Sindh,Karachi,"Malir, Karachi, Sindh",4,5,120 Sq. Yd.,For Sale,7/4/2023,PKR1.35 Crore
3521,House,Sindh,Karachi,"Scheme 33, Karachi, Sindh",6,6,240 Sq. Yd.,For Sale,6/27/2023,PKR4.65 Crore
3522,House,Sindh,Karachi,"Gulshan-e-Iqbal Town, Karachi, Sindh",4,4,400 Sq. Yd.,For Sale,7/11/2023,PKR7.75 Crore
3523,House,Sindh,Karachi,"North Nazimabad, Karachi, Sindh",-,7,"1,000 Sq. Yd.",For Sale,7/11/2023,PKR14 Crore
3524,Upper Portion,Sindh,Karachi,"North Nazimabad, Karachi, Sindh",4,4,275 Sq. Yd.,For Sale,7/11/2023,PKR2.4 Crore
3525,Upper Portion,Sindh,Karachi,"North Nazimabad, Karachi, Sindh",3,3,200 Sq. Yd.,For Sale,7/11/2023,PKR1.85 Crore
3526,Flat,Sindh,Karachi,"Jamshed Town, Karachi, Sindh",2,2,111 Sq. Yd.,For Sale,7/11/2023,PKR2.4 Crore
3527,House,Sindh,Karachi,"North Nazimabad, Karachi, Sindh",6,6,256 Sq. Yd.,For Sale,7/11/2023,PKR5.25 Crore
3528,House,Sindh,Karachi,"North Nazimabad, Karachi, Sindh",4,4,400 Sq. Yd.,For Sale,7/11/2023,PKR5.5 Crore
3529,House,Sindh,Karachi,"Gadap Town, Karachi, Sindh",-,-,120 Sq. Yd.,For Sale,7/11/2023,PKR75 Lakh
3530,Flat,Sindh,Karachi,"Gadap Town, Karachi, Sindh",2,2,100 Sq. Yd.,For Sale,6/27/2023,PKR50 Lakh
3531,House,Sindh,Karachi,"Sindh Industrial Trading Estate (SITE), Karachi, Sindh",2,2,100 Sq. Yd.,For Sale,7/11/2023,PKR1.45 Crore
3532,Flat,Sindh,Karachi,"Scheme 33, Karachi, Sindh",2,2,67 Sq. Yd.,For Sale,7/11/2023,PKR42 Lakh
3533,House,Sindh,Karachi,"Gadap Town, Karachi, Sindh",2,3,80 Sq. Yd.,For Sale,7/11/2023,PKR35 Lakh
3534,Flat,Sindh,Karachi,"North Nazimabad, Karachi, Sindh",4,4,244 Sq. Yd.,For Sale,7/11/2023,PKR2.3 Crore
3535,Flat,Sindh,Karachi,"Sea View Apartments, Karachi, Sindh",4,3,256 Sq. Yd.,For Sale,6/29/2023,PKR5.75 Crore
3536,House,Sindh,Karachi,"DHA Defence, Karachi, Sindh",4,4,250 Sq. Yd.,For Sale,6/28/2023,PKR5.5 Crore
3537,Flat,Sindh,Karachi,"North Nazimabad, Karachi, Sindh",4,4,267 Sq. Yd.,For Sale,7/11/2023,PKR3 Crore
3538,Lower Portion,Sindh,Karachi,"North Nazimabad, Karachi, Sindh",4,4,256 Sq. Yd.,For Sale,6/27/2023,PKR2.5 Crore
3539,House,Sindh,Karachi,"North Karachi, Karachi, Sindh",4,4,80 Sq. Yd.,For Sale,7/11/2023,PKR78 Lakh
3540,House,Sindh,Karachi,"Naya Nazimabad, Karachi, Sindh",-,-,160 Sq. Yd.,For Sale,6/27/2023,PKR3.3 Crore
3541,House,Sindh,Karachi,"North Karachi, Karachi, Sindh",3,4,80 Sq. Yd.,For Sale,7/4/2023,PKR65 Lakh
3542,House,Sindh,Karachi,"DHA Defence, Karachi, Sindh",6,6,666 Sq. Yd.,For Sale,7/11/2023,PKR18 Crore
3543,Flat,Sindh,Karachi,"Nazimabad, Karachi, Sindh",3,3,133 Sq. Yd.,For Sale,6/29/2023,PKR1.2 Crore
3544,Flat,Sindh,Karachi,"Federal B Area, Karachi, Sindh",2,2,72 Sq. Yd.,For Sale,7/2/2023,PKR70 Lakh
3545,House,Sindh,Karachi,"Cantt, Karachi, Sindh",6,5,500 Sq. Yd.,For Sale,7/11/2023,PKR8.5 Crore
3546,Flat,Sindh,Karachi,"North Nazimabad, Karachi, Sindh",2,2,83 Sq. Yd.,For Sale,7/11/2023,PKR82 Lakh
3547,Flat,Sindh,Karachi,"Gulistan-e-Jauhar, Karachi, Sindh",2,2,111 Sq. Yd.,For Sale,7/4/2023,PKR75 Lakh
3548,House,Sindh,Karachi,"Javed Bahria Coopretive Housing Society, Karachi, Sindh",6,4,400 Sq. Yd.,For Sale,7/4/2023,PKR3.75 Crore
3549,Flat,Sindh,Karachi,"Clifton, Karachi, Sindh",3,3,289 Sq. Yd.,For Sale,7/4/2023,PKR5 Crore
3550,House,Sindh,Karachi,"Gadap Town, Karachi, Sindh",2,2,120 Sq. Yd.,For Sale,7/2/2023,PKR1.15 Crore
3551,Flat,Sindh,Karachi,"Scheme 33, Karachi, Sindh",2,2,117 Sq. Yd.,For Sale,6/27/2023,PKR1 Crore
3552,Flat,Sindh,Karachi,"Scheme 33, Karachi, Sindh",2,2,89 Sq. Yd.,For Sale,6/27/2023,PKR80 Lakh
3553,Flat,Sindh,Karachi,"Scheme 33, Karachi, Sindh",2,2,128 Sq. Yd.,For Sale,6/27/2023,PKR98 Lakh
3554,House,Sindh,Karachi,"Gulshan-e-Iqbal Town, Karachi, Sindh",7,7,100 Sq. Yd.,For Sale,7/11/2023,PKR1.9 Crore
3555,Flat,Sindh,Karachi,"Bahria Town Karachi, Karachi, Sindh",3,3,168 Sq. Yd.,For Sale,7/11/2023,PKR1.89 Crore
3556,Flat,Sindh,Karachi,"Maskan Chowrangi, Karachi, Sindh",2,2,100 Sq. Yd.,For Sale,7/11/2023,PKR95 Lakh
3557,House,Sindh,Karachi,"Korangi, Karachi, Sindh",3,3,120 Sq. Yd.,For Sale,7/11/2023,PKR2 Crore
3558,Flat,Sindh,Karachi,"Frere Town, Karachi, Sindh",3,3,189 Sq. Yd.,For Sale,7/11/2023,PKR2.7 Crore
3559,Flat,Sindh,Karachi,"Gulshan-e-Iqbal Town, Karachi, Sindh",3,3,156 Sq. Yd.,For Sale,7/11/2023,PKR2.4 Crore
3560,Upper Portion,Sindh,Karachi,"Gulistan-e-Jauhar, Karachi, Sindh",3,3,300 Sq. Yd.,For Sale,7/3/2023,PKR2.15 Crore
3561,Flat,Sindh,Karachi,"North Nazimabad, Karachi, Sindh",2,2,78 Sq. Yd.,For Sale,7/11/2023,PKR90 Lakh
3562,Flat,Sindh,Karachi,"Scheme 33, Karachi, Sindh",1,1,56 Sq. Yd.,For Sale,6/27/2023,PKR38 Lakh
3563,Flat,Sindh,Karachi,"Gulistan-e-Jauhar, Karachi, Sindh",2,2,89 Sq. Yd.,For Sale,7/3/2023,PKR70 Lakh
3564,House,Sindh,Karachi,"Karachi Motorway, Karachi, Sindh",2,2,120 Sq. Yd.,For Sale,7/11/2023,PKR95 Lakh
3565,House,Sindh,Karachi,"Karachi Motorway, Karachi, Sindh",3,4,240 Sq. Yd.,For Sale,7/11/2023,PKR2.2 Crore
3566,House,Sindh,Karachi,"Gulistan-e-Jauhar, Karachi, Sindh",6,6,280 Sq. Yd.,For Sale,7/11/2023,PKR7 Crore
3567,House,Sindh,Karachi,"Bin Qasim Town, Karachi, Sindh",4,4,110 Sq. Yd.,For Sale,7/11/2023,PKR2.1 Crore
3568,House,Sindh,Karachi,"Malir, Karachi, Sindh",2,2,80 Sq. Yd.,For Sale,7/11/2023,PKR1.5 Crore
3569,House,Sindh,Karachi,"Gulistan-e-Jauhar, Karachi, Sindh",6,6,240 Sq. Yd.,For Sale,7/4/2023,PKR3.75 Crore
3570,House,Sindh,Karachi,"Scheme 33, Karachi, Sindh",4,4,120 Sq. Yd.,For Sale,7/11/2023,PKR2.45 Crore
3571,House,Sindh,Karachi,"North Nazimabad, Karachi, Sindh",6,6,300 Sq. Yd.,For Sale,7/18/2023,PKR4.75 Crore
3572,Flat,Sindh,Karachi,"Gulistan-e-Jauhar, Karachi, Sindh",4,4,244 Sq. Yd.,For Sale,7/2/2023,PKR3.1 Crore
3573,Flat,Sindh,Karachi,"Scheme 33, Karachi, Sindh",3,3,156 Sq. Yd.,For Sale,6/27/2023,PKR1 Crore
3574,Flat,Sindh,Karachi,"Scheme 33, Karachi, Sindh",3,3,167 Sq. Yd.,For Sale,6/27/2023,PKR1.35 Crore
3575,Flat,Sindh,Karachi,"Scheme 33, Karachi, Sindh",2,2,94 Sq. Yd.,For Sale,6/27/2023,PKR75 Lakh
3576,House,Sindh,Karachi,"Gulistan-e-Jauhar, Karachi, Sindh",6,8,400 Sq. Yd.,For Sale,7/11/2023,PKR5.95 Crore
3577,House,Sindh,Karachi,"Scheme 33, Karachi, Sindh",3,3,240 Sq. Yd.,For Sale,7/18/2023,PKR3.5 Crore
3578,Flat,Sindh,Karachi,"Gulistan-e-Jauhar, Karachi, Sindh",3,3,150 Sq. Yd.,For Sale,6/27/2023,PKR65 Lakh
3579,Flat,Sindh,Karachi,"North Karachi, Karachi, Sindh",2,3,83 Sq. Yd.,For Sale,6/30/2023,PKR57 Lakh
3580,House,Sindh,Karachi,"North Nazimabad, Karachi, Sindh",6,6,256 Sq. Yd.,For Sale,6/27/2023,PKR4.7 Crore
3581,Flat,Sindh,Karachi,"North Nazimabad, Karachi, Sindh",2,2,78 Sq. Yd.,For Sale,6/27/2023,PKR85 Lakh
3582,House,Sindh,Karachi,"North Nazimabad, Karachi, Sindh",6,6,256 Sq. Yd.,For Sale,6/27/2023,PKR4.7 Crore
3583,Flat,Sindh,Karachi,"North Nazimabad, Karachi, Sindh",2,2,78 Sq. Yd.,For Sale,6/27/2023,PKR85 Lakh
3584,Flat,Sindh,Karachi,"Bahria Town Karachi, Karachi, Sindh",1,1,62 Sq. Yd.,For Sale,7/18/2023,PKR53.2 Lakh
3585,House,Sindh,Karachi,"Bahria Town Karachi, Karachi, Sindh",3,3,152 Sq. Yd.,For Sale,7/18/2023,PKR1.35 Crore
3586,House,Sindh,Karachi,"Bahria Town Karachi, Karachi, Sindh",3,3,200 Sq. Yd.,For Sale,6/29/2023,PKR2.35 Crore
3587,House,Sindh,Karachi,"Bahria Town Karachi, Karachi, Sindh",3,3,235 Sq. Yd.,For Sale,7/4/2023,PKR1.4 Crore
3588,House,Sindh,Karachi,"Bahria Town Karachi, Karachi, Sindh",5,5,500 Sq. Yd.,For Sale,7/4/2023,PKR4.2 Crore
3589,Flat,Sindh,Karachi,"Bahria Town Karachi, Karachi, Sindh",3,3,179 Sq. Yd.,For Sale,7/18/2023,PKR1.05 Crore
3590,Flat,Sindh,Karachi,"Bahria Town Karachi, Karachi, Sindh",2,2,102 Sq. Yd.,For Sale,7/18/2023,PKR38.5 Lakh
3591,Flat,Sindh,Karachi,"Bahria Town Karachi, Karachi, Sindh",1,-,53 Sq. Yd.,For Sale,7/18/2023,PKR28.5 Lakh
3592,Flat,Sindh,Karachi,"Bahria Town Karachi, Karachi, Sindh",2,2,84 Sq. Yd.,For Sale,7/18/2023,PKR56.5 Lakh
3593,Flat,Sindh,Karachi,"Bahria Town Karachi, Karachi, Sindh",1,-,53 Sq. Yd.,For Sale,7/18/2023,PKR32.5 Lakh
3594,Flat,Sindh,Karachi,"Bahria Town Karachi, Karachi, Sindh",2,2,102 Sq. Yd.,For Sale,7/18/2023,PKR38 Lakh
3595,Flat,Sindh,Karachi,"Bahria Town Karachi, Karachi, Sindh",2,2,102 Sq. Yd.,For Sale,7/18/2023,PKR41.5 Lakh
3596,Flat,Sindh,Karachi,"Bahria Town Karachi, Karachi, Sindh",1,-,53 Sq. Yd.,For Sale,7/18/2023,PKR32.5 Lakh
3597,Flat,Sindh,Karachi,"Bahria Town Karachi, Karachi, Sindh",3,3,179 Sq. Yd.,For Sale,7/18/2023,PKR1.07 Crore
3598,Flat,Sindh,Karachi,"Bahria Town Karachi, Karachi, Sindh",1,-,53 Sq. Yd.,For Sale,7/18/2023,PKR38.4 Lakh
3599,Flat,Sindh,Karachi,"Bahria Town Karachi, Karachi, Sindh",2,2,110 Sq. Yd.,For Sale,7/18/2023,PKR42.3 Lakh
3600,House,Sindh,Karachi,"Bahria Town Karachi, Karachi, Sindh",3,3,200 Sq. Yd.,For Sale,7/18/2023,PKR1.45 Crore
3601,House,Sindh,Karachi,"Bahria Town Karachi, Karachi, Sindh",4,4,350 Sq. Yd.,For Sale,7/11/2023,PKR2.05 Crore
3602,Flat,Sindh,Karachi,"Bahria Town Karachi, Karachi, Sindh",2,2,106 Sq. Yd.,For Sale,6/28/2023,PKR79 Lakh
3603,Flat,Sindh,Karachi,"Bahria Town Karachi, Karachi, Sindh",2,2,122 Sq. Yd.,For Sale,6/27/2023,PKR60 Lakh
3604,Flat,Sindh,Karachi,"Bahria Town Karachi, Karachi, Sindh",5,4,322 Sq. Yd.,For Sale,6/27/2023,PKR2.75 Crore
3605,Flat,Sindh,Karachi,"Bahria Town Karachi, Karachi, Sindh",2,2,122 Sq. Yd.,For Sale,6/28/2023,PKR95 Lakh
3606,Flat,Sindh,Karachi,"Bahria Town Karachi, Karachi, Sindh",2,2,106 Sq. Yd.,For Sale,6/30/2023,PKR66 Lakh
3607,Flat,Sindh,Karachi,"Bahria Town Karachi, Karachi, Sindh",2,2,106 Sq. Yd.,For Sale,6/27/2023,PKR90 Lakh
3608,Flat,Sindh,Karachi,"Bahria Town Karachi, Karachi, Sindh",3,2,122 Sq. Yd.,For Sale,6/27/2023,PKR1 Crore
3609,Flat,Sindh,Karachi,"Bahria Town Karachi, Karachi, Sindh",2,2,110 Sq. Yd.,For Sale,7/18/2023,PKR38.5 Lakh
3610,Flat,Sindh,Karachi,"Bahria Town Karachi, Karachi, Sindh",1,-,53 Sq. Yd.,For Sale,7/18/2023,PKR28.5 Lakh
3611,Flat,Sindh,Karachi,"Bahria Town Karachi, Karachi, Sindh",1,1,53 Sq. Yd.,For Sale,7/18/2023,PKR31.5 Lakh
3612,Flat,Sindh,Karachi,"Bahria Town Karachi, Karachi, Sindh",1,-,54 Sq. Yd.,For Sale,7/18/2023,PKR26 Lakh
3613,Flat,Sindh,Karachi,"Bahria Town Karachi, Karachi, Sindh",2,2,94 Sq. Yd.,For Sale,7/18/2023,PKR43.5 Lakh
3614,Flat,Sindh,Karachi,"Bahria Town Karachi, Karachi, Sindh",3,3,179 Sq. Yd.,For Sale,7/18/2023,PKR1.07 Crore
3615,Flat,Sindh,Karachi,"Bahria Town Karachi, Karachi, Sindh",2,2,106 Sq. Yd.,For Sale,7/4/2023,PKR60 Lakh
3616,House,Sindh,Karachi,"Bahria Town Karachi, Karachi, Sindh",3,3,200 Sq. Yd.,For Sale,7/4/2023,PKR1.7 Crore
3617,House,Sindh,Karachi,"Scheme 33, Karachi, Sindh",6,4,120 Sq. Yd.,For Sale,7/18/2023,PKR1.7 Crore
3618,House,Sindh,Karachi,"Scheme 33, Karachi, Sindh",6,4,120 Sq. Yd.,For Sale,7/18/2023,PKR1.9 Crore
3619,House,Sindh,Karachi,"Navy Housing Scheme Karsaz, Karachi, Sindh",6,5,350 Sq. Yd.,For Sale,7/18/2023,PKR11 Crore
3620,Flat,Sindh,Karachi,"Navy Housing Scheme Karsaz, Karachi, Sindh",6,5,467 Sq. Yd.,For Sale,7/18/2023,PKR8.5 Crore
3621,House,Sindh,Karachi,"Gulshan-e-Iqbal Town, Karachi, Sindh",6,6,240 Sq. Yd.,For Sale,7/18/2023,PKR6 Crore
3622,House,Sindh,Karachi,"Gulshan-e-Iqbal Town, Karachi, Sindh",6,6,120 Sq. Yd.,For Sale,7/18/2023,PKR3.25 Crore
3623,Flat,Sindh,Karachi,"Bahria Town Karachi, Karachi, Sindh",3,3,244 Sq. Yd.,For Sale,6/27/2023,PKR1.9 Crore
3624,House,Sindh,Karachi,"Bahria Town Karachi, Karachi, Sindh",6,5,500 Sq. Yd.,For Sale,7/11/2023,PKR4.5 Crore
3625,House,Sindh,Karachi,"Bahria Town Karachi, Karachi, Sindh",5,4,350 Sq. Yd.,For Sale,7/11/2023,PKR2 Crore
3626,House,Sindh,Karachi,"Bahria Town Karachi, Karachi, Sindh",3,3,235 Sq. Yd.,For Sale,7/11/2023,PKR1.55 Crore
3627,Flat,Sindh,Karachi,"Bahria Town Karachi, Karachi, Sindh",2,2,89 Sq. Yd.,For Sale,7/11/2023,PKR80 Lakh
3628,House,Sindh,Karachi,"Bahria Town Karachi, Karachi, Sindh",3,3,235 Sq. Yd.,For Sale,7/11/2023,PKR1.65 Crore
3629,House,Sindh,Karachi,"Bahria Town Karachi, Karachi, Sindh",5,4,125 Sq. Yd.,For Sale,7/11/2023,PKR1.45 Crore
3630,House,Sindh,Karachi,"Bahria Town Karachi, Karachi, Sindh",3,3,152 Sq. Yd.,For Sale,7/11/2023,PKR1.45 Crore
3631,Upper Portion,Sindh,Karachi,"Scheme 33, Karachi, Sindh",4,4,200 Sq. Yd.,For Sale,7/11/2023,PKR1.2 Crore
3632,Flat,Sindh,Karachi,"Cantt, Karachi, Sindh",3,3,289 Sq. Yd.,For Sale,6/27/2023,PKR4.15 Crore
3633,Flat,Sindh,Karachi,"Gulshan-e-Iqbal Town, Karachi, Sindh",2,2,94 Sq. Yd.,For Sale,7/11/2023,PKR70 Lakh
3634,Flat,Sindh,Karachi,"Gulshan-e-Iqbal Town, Karachi, Sindh",2,2,117 Sq. Yd.,For Sale,7/11/2023,PKR1.5 Crore
3635,Flat,Sindh,Karachi,"Gulshan-e-Iqbal Town, Karachi, Sindh",2,2,94 Sq. Yd.,For Sale,7/11/2023,PKR65 Lakh
3636,Flat,Sindh,Karachi,"Gulshan-e-Iqbal Town, Karachi, Sindh",2,2,94 Sq. Yd.,For Sale,7/11/2023,PKR75 Lakh
3637,Lower Portion,Sindh,Karachi,"Gulistan-e-Jauhar, Karachi, Sindh",3,3,130 Sq. Yd.,For Sale,7/11/2023,PKR1.2 Crore
3638,House,Sindh,Karachi,"Scheme 33, Karachi, Sindh",-,-,400 Sq. Yd.,For Sale,7/11/2023,PKR5.9 Crore
3639,Flat,Sindh,Karachi,"Liaquat Avenue, Karachi, Sindh",3,4,100 Sq. Yd.,For Sale,7/4/2023,PKR1 Crore
3640,House,Sindh,Karachi,"Gadap Town, Karachi, Sindh",2,2,80 Sq. Yd.,For Sale,7/11/2023,PKR85 Lakh
3641,House,Sindh,Karachi,"Malir Link To Super Highway, Karachi, Sindh",5,3,120 Sq. Yd.,For Sale,6/27/2023,PKR2.8 Crore
3642,House,Sindh,Karachi,"North Karachi, Karachi, Sindh",4,5,150 Sq. Yd.,For Sale,7/11/2023,PKR2.8 Crore
3643,House,Sindh,Karachi,"Bin Qasim Town, Karachi, Sindh",6,5,120 Sq. Yd.,For Sale,7/11/2023,PKR5 Crore
3644,House,Sindh,Karachi,"North Karachi, Karachi, Sindh",-,10,200 Sq. Yd.,For Sale,7/11/2023,PKR3.1 Crore
3645,House,Sindh,Karachi,"North Karachi, Karachi, Sindh",2,2,120 Sq. Yd.,For Sale,7/2/2023,PKR1.9 Crore
3646,House,Sindh,Karachi,"DHA Defence, Karachi, Sindh",5,5,"1,085 Sq. Yd.",For Sale,6/27/2023,PKR13.75 Crore
3647,Penthouse,Sindh,Karachi,"North Nazimabad, Karachi, Sindh",-,-,200 Sq. Yd.,For Sale,7/11/2023,PKR60 Lakh
3648,Flat,Sindh,Karachi,"Gulistan-e-Jauhar, Karachi, Sindh",3,3,167 Sq. Yd.,For Sale,7/4/2023,PKR82 Lakh
3649,Flat,Sindh,Karachi,"Gulistan-e-Jauhar, Karachi, Sindh",2,2,89 Sq. Yd.,For Sale,7/4/2023,PKR50 Lakh
3650,House,Sindh,Karachi,"Scheme 33, Karachi, Sindh",4,4,120 Sq. Yd.,For Sale,7/4/2023,PKR2.65 Crore
3651,House,Sindh,Karachi,"Gulshan-e-Iqbal Town, Karachi, Sindh",-,-,560 Sq. Yd.,For Sale,7/11/2023,PKR15 Crore
3652,House,Sindh,Karachi,"KDA Scheme 1, Karachi, Sindh",-,-,"1,185 Sq. Yd.",For Sale,7/11/2023,PKR30 Crore
3653,Upper Portion,Sindh,Karachi,"Nazimabad, Karachi, Sindh",3,3,150 Sq. Yd.,For Sale,7/11/2023,PKR1.35 Crore
3654,Flat,Sindh,Karachi,"Tariq Road, Karachi, Sindh",2,2,111 Sq. Yd.,For Sale,7/11/2023,PKR1.5 Crore
3655,House,Sindh,Karachi,"Gadap Town, Karachi, Sindh",3,3,200 Sq. Yd.,For Sale,7/11/2023,PKR1.85 Crore
3656,Flat,Sindh,Karachi,"Shaheed Millat Road, Karachi, Sindh",4,3,222 Sq. Yd.,For Sale,7/18/2023,PKR5.5 Crore
3657,House,Sindh,Karachi,"Northern Bypass, Karachi, Sindh",6,5,350 Sq. Yd.,For Sale,6/27/2023,PKR8.65 Crore
3658,House,Sindh,Karachi,"Gulistan-e-Jauhar, Karachi, Sindh",5,4,120 Sq. Yd.,For Sale,7/18/2023,PKR2.4 Crore
3659,House,Sindh,Karachi,"Malir, Karachi, Sindh",3,4,160 Sq. Yd.,For Sale,7/18/2023,PKR2.65 Crore
3660,Lower Portion,Sindh,Karachi,"Khalid Bin Walid Road, Karachi, Sindh",3,3,200 Sq. Yd.,For Sale,7/18/2023,PKR3.75 Crore
3661,House,Sindh,Karachi,"DHA Defence, Karachi, Sindh",6,6,"1,000 Sq. Yd.",For Sale,7/18/2023,PKR19.5 Crore
3662,House,Sindh,Karachi,"Gulistan-e-Jauhar, Karachi, Sindh",4,4,100 Sq. Yd.,For Sale,7/18/2023,PKR1.6 Crore
3663,Flat,Sindh,Karachi,"Gulistan-e-Jauhar, Karachi, Sindh",-,-,161 Sq. Yd.,For Sale,7/11/2023,PKR1.55 Crore
3664,House,Sindh,Karachi,"Scheme 33, Karachi, Sindh",6,6,120 Sq. Yd.,For Sale,7/18/2023,PKR1.8 Crore
3665,House,Sindh,Karachi,"Scheme 33, Karachi, Sindh",6,6,200 Sq. Yd.,For Sale,7/18/2023,PKR2.8 Crore
3666,House,Sindh,Karachi,"Bahria Town Karachi, Karachi, Sindh",3,3,200 Sq. Yd.,For Sale,7/18/2023,PKR2.35 Crore
3667,House,Sindh,Karachi,"Bahria Town Karachi, Karachi, Sindh",3,3,200 Sq. Yd.,For Sale,7/18/2023,PKR2 Crore
3668,House,Sindh,Karachi,"Bahria Town Karachi, Karachi, Sindh",3,3,200 Sq. Yd.,For Sale,7/18/2023,PKR2 Crore
3669,House,Sindh,Karachi,"Bahria Town Karachi, Karachi, Sindh",3,3,200 Sq. Yd.,For Sale,7/18/2023,PKR2.3 Crore
3670,House,Sindh,Karachi,"Bahria Town Karachi, Karachi, Sindh",3,3,200 Sq. Yd.,For Sale,7/18/2023,PKR1.95 Crore
3671,House,Sindh,Karachi,"Bahria Town Karachi, Karachi, Sindh",3,3,200 Sq. Yd.,For Sale,7/18/2023,PKR2 Crore
3672,House,Sindh,Karachi,"Bahria Town Karachi, Karachi, Sindh",3,3,200 Sq. Yd.,For Sale,7/18/2023,PKR2.3 Crore
3673,Upper Portion,Sindh,Karachi,"Nazimabad, Karachi, Sindh",3,3,216 Sq. Yd.,For Sale,7/11/2023,PKR1.7 Crore
3674,House,Sindh,Karachi,"Bahria Town Karachi, Karachi, Sindh",4,4,350 Sq. Yd.,For Sale,7/11/2023,PKR1.95 Crore
3675,House,Sindh,Karachi,"Bahria Town Karachi, Karachi, Sindh",3,3,200 Sq. Yd.,For Sale,7/11/2023,PKR1.8 Crore
3676,Flat,Sindh,Karachi,"Khalid Bin Walid Road, Karachi, Sindh",4,4,200 Sq. Yd.,For Sale,7/11/2023,PKR3.75 Crore
3677,Flat,Sindh,Karachi,"Bahria Town Karachi, Karachi, Sindh",3,2,106 Sq. Yd.,For Sale,6/27/2023,PKR70 Lakh
3678,Flat,Sindh,Karachi,"Bahria Town Karachi, Karachi, Sindh",3,2,106 Sq. Yd.,For Sale,6/27/2023,PKR92 Lakh
3679,House,Sindh,Karachi,"Bahria Town Karachi, Karachi, Sindh",3,3,200 Sq. Yd.,For Sale,7/11/2023,PKR1.8 Crore
3680,House,Sindh,Karachi,"Bahria Town Karachi, Karachi, Sindh",6,5,250 Sq. Yd.,For Sale,7/11/2023,PKR3.5 Crore
3681,House,Sindh,Karachi,"North Karachi, Karachi, Sindh",6,6,288 Sq. Yd.,For Sale,7/18/2023,PKR3.3 Crore
3682,Flat,Sindh,Karachi,"North Karachi, Karachi, Sindh",2,2,78 Sq. Yd.,For Sale,7/18/2023,PKR51 Lakh
3683,Upper Portion,Sindh,Karachi,"North Karachi, Karachi, Sindh",3,3,240 Sq. Yd.,For Sale,7/18/2023,PKR1.75 Crore
3684,House,Sindh,Karachi,"North Karachi, Karachi, Sindh",5,5,240 Sq. Yd.,For Sale,7/18/2023,PKR3.9 Crore
3685,Flat,Sindh,Karachi,"North Nazimabad, Karachi, Sindh",3,3,189 Sq. Yd.,For Sale,7/18/2023,PKR2 Crore
3686,Flat,Sindh,Karachi,"Gulistan-e-Jauhar, Karachi, Sindh",2,2,83 Sq. Yd.,For Sale,7/4/2023,PKR40 Lakh
3687,House,Sindh,Karachi,"Scheme 33, Karachi, Sindh",6,6,240 Sq. Yd.,For Sale,7/18/2023,PKR4.25 Crore
3688,House,Sindh,Karachi,"Bahria Town Karachi, Karachi, Sindh",3,3,350 Sq. Yd.,For Sale,7/4/2023,PKR2 Crore
3689,Flat,Sindh,Karachi,"Gulistan-e-Jauhar, Karachi, Sindh",3,3,144 Sq. Yd.,For Sale,7/4/2023,PKR78 Lakh
3690,Flat,Sindh,Karachi,"Bahria Town Karachi, Karachi, Sindh",2,2,128 Sq. Yd.,For Sale,7/18/2023,PKR85 Lakh
3691,Flat,Sindh,Karachi,"Scheme 33, Karachi, Sindh",2,2,111 Sq. Yd.,For Sale,7/18/2023,PKR94.7 Lakh
3692,Flat,Sindh,Karachi,"Cantt, Karachi, Sindh",3,3,300 Sq. Yd.,For Sale,7/11/2023,PKR3.7 Crore
3693,Flat,Sindh,Karachi,"Cantt, Karachi, Sindh",3,3,300 Sq. Yd.,For Sale,7/11/2023,PKR3.75 Crore
3694,Flat,Sindh,Karachi,"Gulshan-e-Iqbal Town, Karachi, Sindh",3,3,167 Sq. Yd.,For Sale,7/18/2023,PKR1.75 Crore
3695,Flat,Sindh,Karachi,"Cantt, Karachi, Sindh",3,3,289 Sq. Yd.,For Sale,7/11/2023,PKR4.25 Crore
3696,Flat,Sindh,Karachi,"Cantt, Karachi, Sindh",3,3,300 Sq. Yd.,For Sale,7/18/2023,PKR3.65 Crore
3697,Flat,Sindh,Karachi,"Cantt, Karachi, Sindh",3,3,286 Sq. Yd.,For Sale,7/18/2023,PKR3.6 Crore
3698,Upper Portion,Sindh,Karachi,"North Nazimabad, Karachi, Sindh",3,4,240 Sq. Yd.,For Sale,7/11/2023,PKR2.25 Crore
3699,House,Sindh,Karachi,"DHA Defence, Karachi, Sindh",4,4,"1,100 Sq. Yd.",For Sale,7/11/2023,PKR13.5 Crore
3700,Flat,Sindh,Karachi,"Sea View Apartments, Karachi, Sindh",3,3,256 Sq. Yd.,For Sale,7/11/2023,PKR4.3 Crore
3701,House,Sindh,Karachi,"DHA Defence, Karachi, Sindh",4,4,260 Sq. Yd.,For Sale,7/11/2023,PKR5.25 Crore
3702,House,Sindh,Karachi,"DHA Defence, Karachi, Sindh",4,4,300 Sq. Yd.,For Sale,7/11/2023,PKR6.25 Crore
3703,House,Sindh,Karachi,"Gulistan-e-Jauhar, Karachi, Sindh",5,5,200 Sq. Yd.,For Sale,7/11/2023,PKR3.45 Crore
3704,House,Sindh,Karachi,"Bahria Town Karachi, Karachi, Sindh",3,3,200 Sq. Yd.,For Sale,7/18/2023,PKR1.95 Crore
3705,House,Sindh,Karachi,"Bahria Town Karachi, Karachi, Sindh",3,3,200 Sq. Yd.,For Sale,7/18/2023,PKR2 Crore
3706,House,Sindh,Karachi,"Bahria Town Karachi, Karachi, Sindh",3,3,200 Sq. Yd.,For Sale,7/18/2023,PKR1.95 Crore
3707,House,Sindh,Karachi,"Bahria Town Karachi, Karachi, Sindh",3,3,200 Sq. Yd.,For Sale,7/18/2023,PKR2 Crore
3708,House,Sindh,Karachi,"Bahria Town Karachi, Karachi, Sindh",3,3,200 Sq. Yd.,For Sale,7/18/2023,PKR2 Crore
3709,House,Sindh,Karachi,"Bahria Town Karachi, Karachi, Sindh",3,3,200 Sq. Yd.,For Sale,7/18/2023,PKR1.95 Crore
3710,House,Sindh,Karachi,"Bahria Town Karachi, Karachi, Sindh",3,3,235 Sq. Yd.,For Sale,7/18/2023,PKR1.75 Crore
3711,House,Sindh,Karachi,"Bahria Town Karachi, Karachi, Sindh",3,3,235 Sq. Yd.,For Sale,7/18/2023,PKR1.8 Crore
3712,House,Sindh,Karachi,"Bahria Town Karachi, Karachi, Sindh",3,3,235 Sq. Yd.,For Sale,7/18/2023,PKR1.7 Crore
3713,House,Sindh,Karachi,"Bahria Town Karachi, Karachi, Sindh",3,3,235 Sq. Yd.,For Sale,7/18/2023,PKR1.7 Crore
3714,House,Sindh,Karachi,"Bahria Town Karachi, Karachi, Sindh",3,3,235 Sq. Yd.,For Sale,7/18/2023,PKR1.85 Crore
3715,House,Sindh,Karachi,"Bahria Town Karachi, Karachi, Sindh",3,3,235 Sq. Yd.,For Sale,7/18/2023,PKR1.75 Crore
3716,House,Sindh,Karachi,"Bahria Town Karachi, Karachi, Sindh",3,3,235 Sq. Yd.,For Sale,7/18/2023,PKR1.8 Crore
3717,House,Sindh,Karachi,"Bahria Town Karachi, Karachi, Sindh",3,3,235 Sq. Yd.,For Sale,7/18/2023,PKR1.7 Crore
3718,House,Sindh,Karachi,"Bahria Town Karachi, Karachi, Sindh",3,3,235 Sq. Yd.,For Sale,7/18/2023,PKR1.85 Crore
3719,Flat,Sindh,Karachi,"Gulshan-e-Iqbal Town, Karachi, Sindh",4,4,333 Sq. Yd.,For Sale,7/18/2023,PKR3.25 Crore
3720,Upper Portion,Sindh,Karachi,"Korangi, Karachi, Sindh",3,3,84 Sq. Yd.,For Sale,7/18/2023,PKR48 Lakh
3721,House,Sindh,Karachi,"Bahria Town Karachi, Karachi, Sindh",6,5,250 Sq. Yd.,For Sale,7/11/2023,PKR3.7 Crore
3722,House,Sindh,Karachi,"Bahria Town Karachi, Karachi, Sindh",3,3,125 Sq. Yd.,For Sale,7/11/2023,PKR1.42 Crore
3723,House,Sindh,Karachi,"Gulistan-e-Jauhar, Karachi, Sindh",-,-,400 Sq. Yd.,For Sale,7/11/2023,PKR8.5 Crore
3724,House,Sindh,Karachi,"Gulistan-e-Jauhar, Karachi, Sindh",-,-,400 Sq. Yd.,For Sale,7/11/2023,PKR7 Crore
3725,House,Sindh,Karachi,"Gulistan-e-Jauhar, Karachi, Sindh",7,6,400 Sq. Yd.,For Sale,7/11/2023,PKR5.5 Crore
3726,House,Sindh,Karachi,"Scheme 33, Karachi, Sindh",5,4,120 Sq. Yd.,For Sale,7/2/2023,PKR2.35 Crore
3727,House,Sindh,Karachi,"DHA Defence, Karachi, Sindh",-,6,500 Sq. Yd.,For Sale,7/11/2023,PKR10.5 Crore
3728,House,Sindh,Karachi,"Gulistan-e-Jauhar, Karachi, Sindh",3,3,240 Sq. Yd.,For Sale,7/4/2023,PKR3.7 Crore
3729,Flat,Sindh,Karachi,"Scheme 33, Karachi, Sindh",2,2,128 Sq. Yd.,For Sale,7/4/2023,PKR79 Lakh
3730,Upper Portion,Sindh,Karachi,"Scheme 33, Karachi, Sindh",3,3,128 Sq. Yd.,For Sale,7/18/2023,PKR74 Lakh
3731,Flat,Sindh,Karachi,"Jamshed Town, Karachi, Sindh",4,4,275 Sq. Yd.,For Sale,7/18/2023,PKR3.5 Crore
3732,House,Sindh,Karachi,"DHA Defence, Karachi, Sindh",6,5,300 Sq. Yd.,For Sale,7/4/2023,PKR5.5 Crore
3733,Upper Portion,Sindh,Karachi,"North Karachi, Karachi, Sindh",3,3,190 Sq. Yd.,For Sale,6/28/2023,PKR1.8 Crore
3734,House,Sindh,Karachi,"DHA Defence, Karachi, Sindh",6,5,500 Sq. Yd.,For Sale,7/18/2023,PKR10.65 Crore
3735,Flat,Sindh,Karachi,"Falaknaz Dynasty, Karachi, Sindh",4,3,194 Sq. Yd.,For Sale,7/18/2023,PKR1.75 Crore
3736,Flat,Sindh,Karachi,"Jinnah Avenue, Karachi, Sindh",3,3,172 Sq. Yd.,For Sale,7/18/2023,PKR1.65 Crore
3737,Flat,Sindh,Karachi,"Malir, Karachi, Sindh",2,2,83 Sq. Yd.,For Sale,7/18/2023,PKR72 Lakh
3738,Flat,Sindh,Karachi,"Jinnah Avenue, Karachi, Sindh",2,2,128 Sq. Yd.,For Sale,7/18/2023,PKR95 Lakh
3739,Flat,Sindh,Karachi,"Falaknaz Dynasty, Karachi, Sindh",2,2,83 Sq. Yd.,For Sale,7/18/2023,PKR70 Lakh
3740,Flat,Sindh,Karachi,"Gulshan-e-Iqbal Town, Karachi, Sindh",2,2,122 Sq. Yd.,For Sale,7/18/2023,PKR1.1 Crore
3741,Flat,Sindh,Karachi,"Gulistan-e-Jauhar, Karachi, Sindh",2,2,89 Sq. Yd.,For Sale,7/18/2023,PKR65 Lakh
3742,Flat,Sindh,Karachi,"Malir, Karachi, Sindh",2,2,89 Sq. Yd.,For Sale,7/18/2023,PKR75 Lakh
3743,Flat,Sindh,Karachi,"Malir, Karachi, Sindh",3,3,178 Sq. Yd.,For Sale,7/18/2023,PKR1.65 Crore
3744,Flat,Sindh,Karachi,"Gulistan-e-Jauhar, Karachi, Sindh",2,2,89 Sq. Yd.,For Sale,7/18/2023,PKR64 Lakh
3745,Flat,Sindh,Karachi,"Malir, Karachi, Sindh",3,3,178 Sq. Yd.,For Sale,7/18/2023,PKR1.5 Crore
3746,House,Sindh,Karachi,"DHA Defence, Karachi, Sindh",4,4,300 Sq. Yd.,For Sale,6/29/2023,PKR6.25 Crore
3747,Flat,Sindh,Karachi,"Scheme 33, Karachi, Sindh",2,2,94 Sq. Yd.,For Sale,7/11/2023,PKR45 Lakh
3748,Flat,Sindh,Karachi,"Scheme 33, Karachi, Sindh",2,2,67 Sq. Yd.,For Sale,7/11/2023,PKR44 Lakh
3749,Flat,Sindh,Karachi,"Gadap Town, Karachi, Sindh",2,2,72 Sq. Yd.,For Sale,7/11/2023,PKR32 Lakh
3750,Lower Portion,Sindh,Karachi,"Scheme 33, Karachi, Sindh",3,2,120 Sq. Yd.,For Sale,6/30/2023,PKR1.28 Crore
3751,Flat,Sindh,Karachi,"Anda Mor Road, Karachi, Sindh",2,2,106 Sq. Yd.,For Sale,7/11/2023,PKR52 Lakh
3752,House,Sindh,Karachi,"Scheme 33, Karachi, Sindh",6,6,200 Sq. Yd.,For Sale,7/11/2023,PKR3.5 Crore
3753,House,Sindh,Karachi,"Police Society, Karachi, Sindh",6,8,400 Sq. Yd.,For Sale,7/11/2023,PKR5.1 Crore
3754,House,Sindh,Karachi,"DHA Defence, Karachi, Sindh",6,7,"2,000 Sq. Yd.",For Sale,6/28/2023,PKR65 Crore
3755,House,Sindh,Karachi,"DHA Defence, Karachi, Sindh",6,6,666 Sq. Yd.,For Sale,6/28/2023,PKR18 Crore
3756,House,Sindh,Karachi,"DHA Defence, Karachi, Sindh",6,5,500 Sq. Yd.,For Sale,6/28/2023,PKR12.5 Crore
3757,House,Sindh,Karachi,"DHA Defence, Karachi, Sindh",4,4,100 Sq. Yd.,For Sale,6/28/2023,PKR5 Crore
3758,House,Sindh,Karachi,"North Karachi, Karachi, Sindh",5,5,120 Sq. Yd.,For Sale,7/4/2023,PKR2.29 Crore
3759,House,Sindh,Karachi,"DHA Defence, Karachi, Sindh",6,5,500 Sq. Yd.,For Sale,6/28/2023,PKR10.25 Crore
3760,Flat,Sindh,Karachi,"DHA Defence, Karachi, Sindh",4,4,200 Sq. Yd.,For Sale,6/28/2023,PKR1.5 Crore
3761,Flat,Sindh,Karachi,"Saadi Road, Karachi, Sindh",4,3,244 Sq. Yd.,For Sale,7/4/2023,PKR1.22 Crore
3762,House,Sindh,Karachi,"DHA Defence, Karachi, Sindh",-,-,500 Sq. Yd.,For Sale,7/4/2023,PKR17.5 Crore
3763,House,Sindh,Karachi,"DHA Defence, Karachi, Sindh",6,7,"1,000 Sq. Yd.",For Sale,7/11/2023,PKR19 Crore
3764,Flat,Sindh,Karachi,"Civil Lines, Karachi, Sindh",3,3,200 Sq. Yd.,For Sale,7/18/2023,PKR3.75 Crore
3765,House,Sindh,Karachi,"North Nazimabad, Karachi, Sindh",6,6,200 Sq. Yd.,For Sale,6/29/2023,PKR4.6 Crore
3766,Flat,Sindh,Karachi,"Navy Housing Scheme Karsaz, Karachi, Sindh",-,5,400 Sq. Yd.,For Sale,7/18/2023,PKR8.75 Crore
3767,Flat,Sindh,Karachi,"DHA Defence, Karachi, Sindh",2,2,106 Sq. Yd.,For Sale,7/11/2023,PKR1.25 Crore
3768,House,Sindh,Karachi,"Cantt, Karachi, Sindh",5,5,507 Sq. Yd.,For Sale,7/18/2023,PKR7.8 Crore
3769,Flat,Sindh,Karachi,"DHA Defence, Karachi, Sindh",3,3,133 Sq. Yd.,For Sale,7/11/2023,PKR1.2 Crore
3770,Flat,Sindh,Karachi,"DHA Defence, Karachi, Sindh",4,3,133 Sq. Yd.,For Sale,6/28/2023,PKR1.55 Crore
3771,Flat,Sindh,Karachi,"Clifton, Karachi, Sindh",3,3,183 Sq. Yd.,For Sale,7/11/2023,PKR1.85 Crore
3772,House,Sindh,Karachi,"Bahria Town Karachi, Karachi, Sindh",4,4,125 Sq. Yd.,For Sale,7/11/2023,PKR1.45 Crore
3773,House,Sindh,Karachi,"Cantt, Karachi, Sindh",6,5,375 Sq. Yd.,For Sale,6/27/2023,PKR7.3 Crore
3774,House,Sindh,Karachi,"Gulshan-e-Iqbal Town, Karachi, Sindh",3,3,178 Sq. Yd.,For Sale,6/28/2023,PKR1.8 Crore
3775,House,Sindh,Karachi,"Gadap Town, Karachi, Sindh",4,4,148 Sq. Yd.,For Sale,7/4/2023,PKR2.1 Crore
3776,Upper Portion,Sindh,Karachi,"Gulshan-e-Iqbal Town, Karachi, Sindh",4,4,200 Sq. Yd.,For Sale,7/11/2023,PKR2.65 Crore
3777,House,Sindh,Karachi,"Cantt, Karachi, Sindh",5,5,507 Sq. Yd.,For Sale,7/18/2023,PKR7.75 Crore
3778,Upper Portion,Sindh,Karachi,"Shaheed Millat Road, Karachi, Sindh",4,3,161 Sq. Yd.,For Sale,7/18/2023,PKR3.5 Crore
3779,Flat,Sindh,Karachi,"Gulshan-e-Iqbal Town, Karachi, Sindh",4,4,244 Sq. Yd.,For Sale,7/1/2023,PKR4.8 Crore
3780,Flat,Sindh,Karachi,"DHA Defence, Karachi, Sindh",2,2,122 Sq. Yd.,For Sale,7/18/2023,PKR1.4 Crore
3781,House,Sindh,Karachi,"Cantt, Karachi, Sindh",5,5,375 Sq. Yd.,For Sale,7/4/2023,PKR7.25 Crore
3782,House,Sindh,Karachi,"Cantt, Karachi, Sindh",5,5,375 Sq. Yd.,For Sale,7/4/2023,PKR7.15 Crore
3783,House,Sindh,Karachi,"Bahria Town Karachi, Karachi, Sindh",-,-,200 Sq. Yd.,For Sale,7/18/2023,PKR2.55 Crore
3784,House,Sindh,Karachi,"DHA Defence, Karachi, Sindh",4,3,100 Sq. Yd.,For Sale,7/11/2023,PKR3.7 Crore
3785,House,Sindh,Karachi,"DHA Defence, Karachi, Sindh",7,6,300 Sq. Yd.,For Sale,6/27/2023,PKR7.5 Crore
3786,House,Sindh,Karachi,"DHA Defence, Karachi, Sindh",9,9,600 Sq. Yd.,For Sale,6/27/2023,PKR14 Crore
3787,House,Sindh,Karachi,"DHA Defence, Karachi, Sindh",6,5,600 Sq. Yd.,For Sale,6/27/2023,PKR8 Crore
3788,House,Sindh,Karachi,"DHA Defence, Karachi, Sindh",7,6,667 Sq. Yd.,For Sale,6/27/2023,PKR14.5 Crore
3789,House,Sindh,Karachi,"DHA Defence, Karachi, Sindh",5,4,644 Sq. Yd.,For Sale,6/27/2023,PKR12.4 Crore
3790,House,Sindh,Karachi,"DHA Defence, Karachi, Sindh",6,5,500 Sq. Yd.,For Sale,6/27/2023,PKR9 Crore
3791,Flat,Sindh,Karachi,"DHA Defence, Karachi, Sindh",3,3,133 Sq. Yd.,For Sale,7/11/2023,PKR1.35 Crore
3792,Flat,Sindh,Karachi,"Clifton, Karachi, Sindh",3,3,161 Sq. Yd.,For Sale,7/11/2023,PKR2 Crore
3793,House,Sindh,Karachi,"DHA Defence, Karachi, Sindh",6,5,550 Sq. Yd.,For Sale,7/11/2023,PKR8.75 Crore
3794,House,Sindh,Karachi,"Bahria Town Karachi, Karachi, Sindh",3,3,152 Sq. Yd.,For Sale,7/11/2023,PKR1.39 Crore
3795,House,Sindh,Karachi,"Bahria Town Karachi, Karachi, Sindh",3,3,152 Sq. Yd.,For Sale,7/11/2023,PKR1.46 Crore
3796,Flat,Sindh,Karachi,"DHA Defence, Karachi, Sindh",2,2,178 Sq. Yd.,For Sale,6/27/2023,PKR2 Crore
3797,Flat,Sindh,Karachi,"Clifton, Karachi, Sindh",3,3,167 Sq. Yd.,For Sale,7/11/2023,PKR1.55 Crore
3798,House,Sindh,Karachi,"DHA Defence, Karachi, Sindh",5,4,500 Sq. Yd.,For Sale,6/27/2023,PKR10.5 Crore
3799,House,Sindh,Karachi,"DHA Defence, Karachi, Sindh",6,5,500 Sq. Yd.,For Sale,7/18/2023,PKR8.25 Crore
3800,House,Sindh,Karachi,"DHA Defence, Karachi, Sindh",5,4,300 Sq. Yd.,For Sale,7/18/2023,PKR7 Crore
3801,House,Sindh,Karachi,"DHA Defence, Karachi, Sindh",5,4,300 Sq. Yd.,For Sale,6/27/2023,PKR6.25 Crore
3802,House,Sindh,Karachi,"DHA Defence, Karachi, Sindh",4,4,500 Sq. Yd.,For Sale,7/18/2023,PKR8.45 Crore
3803,House,Sindh,Karachi,"KDA Scheme 1, Karachi, Sindh",6,6,"1,008 Sq. Yd.",For Sale,6/29/2023,PKR31 Crore
3804,House,Sindh,Karachi,"DHA Defence, Karachi, Sindh",5,4,300 Sq. Yd.,For Sale,6/27/2023,PKR7.5 Crore
3805,House,Sindh,Karachi,"DHA Defence, Karachi, Sindh",6,5,500 Sq. Yd.,For Sale,6/27/2023,PKR8 Crore
3806,House,Sindh,Karachi,"DHA Defence, Karachi, Sindh",6,6,500 Sq. Yd.,For Sale,6/27/2023,PKR18 Crore
3807,House,Sindh,Karachi,"DHA Defence, Karachi, Sindh",6,6,600 Sq. Yd.,For Sale,6/27/2023,PKR12 Crore
3808,House,Sindh,Karachi,"DHA Defence, Karachi, Sindh",5,4,300 Sq. Yd.,For Sale,6/27/2023,PKR7.8 Crore
3809,House,Sindh,Karachi,"DHA Defence, Karachi, Sindh",6,6,500 Sq. Yd.,For Sale,7/18/2023,PKR9.5 Crore
3810,House,Sindh,Karachi,"DHA Defence, Karachi, Sindh",5,4,300 Sq. Yd.,For Sale,6/27/2023,PKR7 Crore
3811,House,Sindh,Karachi,"DHA Defence, Karachi, Sindh",5,4,333 Sq. Yd.,For Sale,6/27/2023,PKR6.85 Crore
3812,House,Sindh,Karachi,"DHA Defence, Karachi, Sindh",5,4,250 Sq. Yd.,For Sale,7/4/2023,PKR5.85 Crore
3813,House,Sindh,Karachi,"DHA Defence, Karachi, Sindh",5,4,500 Sq. Yd.,For Sale,6/27/2023,PKR8.15 Crore
3814,House,Sindh,Karachi,"DHA Defence, Karachi, Sindh",4,4,300 Sq. Yd.,For Sale,6/27/2023,PKR7.15 Crore
3815,Flat,Sindh,Karachi,"Khalid Bin Walid Road, Karachi, Sindh",4,4,222 Sq. Yd.,For Sale,7/11/2023,PKR3.65 Crore
3816,Flat,Sindh,Karachi,"Gulistan-e-Jauhar, Karachi, Sindh",2,2,106 Sq. Yd.,For Sale,6/29/2023,PKR65 Lakh
3817,Flat,Sindh,Karachi,"Cantt, Karachi, Sindh",5,3,300 Sq. Yd.,For Sale,6/27/2023,PKR4.3 Crore
3818,House,Sindh,Karachi,"Cantt, Karachi, Sindh",6,5,500 Sq. Yd.,For Sale,7/1/2023,PKR8.9 Crore
3819,Flat,Sindh,Karachi,"DHA Defence, Karachi, Sindh",2,2,108 Sq. Yd.,For Sale,7/4/2023,PKR1.3 Crore
3820,House,Sindh,Karachi,"Bahria Town Karachi, Karachi, Sindh",4,3,235 Sq. Yd.,For Sale,6/27/2023,PKR1.55 Crore
3821,House,Sindh,Karachi,"Bahria Town Karachi, Karachi, Sindh",4,3,125 Sq. Yd.,For Sale,6/27/2023,PKR1.5 Crore
3822,House,Sindh,Karachi,"Bahria Town Karachi, Karachi, Sindh",3,3,235 Sq. Yd.,For Sale,6/27/2023,PKR1.55 Crore
3823,Flat,Sindh,Karachi,"Clifton, Karachi, Sindh",3,3,222 Sq. Yd.,For Sale,7/18/2023,PKR4.7 Crore
3824,House,Sindh,Karachi,"DHA Defence, Karachi, Sindh",6,6,500 Sq. Yd.,For Sale,6/27/2023,PKR9.5 Crore
3825,Flat,Sindh,Karachi,"Sea View Apartments, Karachi, Sindh",4,4,244 Sq. Yd.,For Sale,7/4/2023,PKR4 Crore
3826,House,Sindh,Karachi,"North Karachi, Karachi, Sindh",-,-,120 Sq. Yd.,For Sale,7/18/2023,PKR1.55 Crore
3827,House,Sindh,Karachi,"Bahria Town Karachi, Karachi, Sindh",3,3,152 Sq. Yd.,For Sale,7/18/2023,PKR1.45 Crore
3828,House,Sindh,Karachi,"Bahria Town Karachi, Karachi, Sindh",3,3,200 Sq. Yd.,For Sale,7/18/2023,PKR1.68 Crore
3829,House,Sindh,Karachi,"Bahria Town Karachi, Karachi, Sindh",3,3,200 Sq. Yd.,For Sale,7/18/2023,PKR1.67 Crore
3830,House,Sindh,Karachi,"Bahria Town Karachi, Karachi, Sindh",3,3,152 Sq. Yd.,For Sale,7/18/2023,PKR1.74 Crore
3831,House,Sindh,Karachi,"Bahria Town Karachi, Karachi, Sindh",3,3,200 Sq. Yd.,For Sale,7/18/2023,PKR2.24 Crore
3832,Flat,Sindh,Karachi,"Scheme 33, Karachi, Sindh",2,2,83 Sq. Yd.,For Sale,7/18/2023,PKR77 Lakh
3833,House,Sindh,Karachi,"Bahria Town Karachi, Karachi, Sindh",4,4,350 Sq. Yd.,For Sale,7/18/2023,PKR2.14 Crore
3834,Flat,Sindh,Karachi,"Bahria Town Karachi, Karachi, Sindh",1,2,110 Sq. Yd.,For Sale,7/18/2023,PKR84 Lakh
3835,House,Sindh,Karachi,"Bahria Town Karachi, Karachi, Sindh",10,8,"1,000 Sq. Yd.",For Sale,6/30/2023,PKR12.5 Crore
3836,House,Sindh,Karachi,"Bahria Town Karachi, Karachi, Sindh",5,4,272 Sq. Yd.,For Sale,6/30/2023,PKR3.4 Crore
3837,House,Sindh,Karachi,"Bahria Town Karachi, Karachi, Sindh",6,5,272 Sq. Yd.,For Sale,6/30/2023,PKR3.2 Crore
3838,House,Sindh,Karachi,"Bahria Town Karachi, Karachi, Sindh",3,3,235 Sq. Yd.,For Sale,7/11/2023,PKR1.35 Crore
3839,House,Sindh,Karachi,"Bahria Town Karachi, Karachi, Sindh",3,3,235 Sq. Yd.,For Sale,7/11/2023,PKR1.4 Crore
3840,House,Sindh,Karachi,"Bahria Town Karachi, Karachi, Sindh",4,4,350 Sq. Yd.,For Sale,7/11/2023,PKR1.85 Crore
3841,House,Sindh,Karachi,"DHA Defence, Karachi, Sindh",5,4,100 Sq. Yd.,For Sale,7/11/2023,PKR3.8 Crore
3842,Flat,Sindh,Karachi,"DHA Defence, Karachi, Sindh",3,3,128 Sq. Yd.,For Sale,6/28/2023,PKR1.25 Crore
3843,Flat,Sindh,Karachi,"Civil Lines, Karachi, Sindh",4,4,267 Sq. Yd.,For Sale,7/18/2023,PKR8.25 Crore
3844,Flat,Sindh,Karachi,"DHA Defence, Karachi, Sindh",2,2,106 Sq. Yd.,For Sale,7/18/2023,PKR1.3 Crore
3845,Flat,Sindh,Karachi,"Gulshan-e-Iqbal Town, Karachi, Sindh",2,2,106 Sq. Yd.,For Sale,7/18/2023,PKR90 Lakh
3846,Flat,Sindh,Karachi,"Bahria Town Karachi, Karachi, Sindh",1,1,62 Sq. Yd.,For Sale,7/18/2023,PKR53.2 Lakh
3847,House,Sindh,Karachi,"Bahria Town Karachi, Karachi, Sindh",3,3,152 Sq. Yd.,For Sale,7/18/2023,PKR1.35 Crore
3848,House,Sindh,Karachi,"Bahria Town Karachi, Karachi, Sindh",3,3,200 Sq. Yd.,For Sale,6/29/2023,PKR2.35 Crore
3849,House,Sindh,Karachi,"Bahria Town Karachi, Karachi, Sindh",3,3,235 Sq. Yd.,For Sale,7/4/2023,PKR1.4 Crore
3850,House,Sindh,Karachi,"Bahria Town Karachi, Karachi, Sindh",5,5,500 Sq. Yd.,For Sale,7/4/2023,PKR4.2 Crore
3851,Flat,Sindh,Karachi,"Bahria Town Karachi, Karachi, Sindh",3,3,179 Sq. Yd.,For Sale,7/18/2023,PKR1.05 Crore
3852,Flat,Sindh,Karachi,"Bahria Town Karachi, Karachi, Sindh",2,2,102 Sq. Yd.,For Sale,7/18/2023,PKR38.5 Lakh
3853,Flat,Sindh,Karachi,"Bahria Town Karachi, Karachi, Sindh",1,-,53 Sq. Yd.,For Sale,7/18/2023,PKR28.5 Lakh
3854,Flat,Sindh,Karachi,"Bahria Town Karachi, Karachi, Sindh",2,2,84 Sq. Yd.,For Sale,7/18/2023,PKR56.5 Lakh
3855,Flat,Sindh,Karachi,"Bahria Town Karachi, Karachi, Sindh",1,-,53 Sq. Yd.,For Sale,7/18/2023,PKR32.5 Lakh
3856,Flat,Sindh,Karachi,"Bahria Town Karachi, Karachi, Sindh",2,2,102 Sq. Yd.,For Sale,7/18/2023,PKR38 Lakh
3857,Flat,Sindh,Karachi,"Bahria Town Karachi, Karachi, Sindh",2,2,102 Sq. Yd.,For Sale,7/18/2023,PKR41.5 Lakh
3858,Flat,Sindh,Karachi,"Bahria Town Karachi, Karachi, Sindh",1,-,53 Sq. Yd.,For Sale,7/18/2023,PKR32.5 Lakh
3859,Flat,Sindh,Karachi,"Bahria Town Karachi, Karachi, Sindh",3,3,179 Sq. Yd.,For Sale,7/18/2023,PKR1.07 Crore
3860,House,Sindh,Karachi,"Cantt, Karachi, Sindh",5,5,375 Sq. Yd.,For Sale,7/4/2023,PKR6.45 Crore
3861,House,Sindh,Karachi,"Cantt, Karachi, Sindh",5,5,375 Sq. Yd.,For Sale,7/4/2023,PKR6.44 Crore
3862,House,Sindh,Karachi,"Cantt, Karachi, Sindh",5,5,375 Sq. Yd.,For Sale,7/4/2023,PKR6.65 Crore
3863,House,Sindh,Karachi,"Cantt, Karachi, Sindh",5,5,375 Sq. Yd.,For Sale,7/4/2023,PKR7 Crore
3864,House,Sindh,Karachi,"Cantt, Karachi, Sindh",5,5,375 Sq. Yd.,For Sale,7/4/2023,PKR6.7 Crore
3865,Flat,Sindh,Karachi,"Cantt, Karachi, Sindh",3,3,286 Sq. Yd.,For Sale,7/4/2023,PKR3.71 Crore
3866,Flat,Sindh,Karachi,"Cantt, Karachi, Sindh",3,3,286 Sq. Yd.,For Sale,7/4/2023,PKR3.67 Crore
3867,Flat,Sindh,Karachi,"Cantt, Karachi, Sindh",4,4,367 Sq. Yd.,For Sale,7/4/2023,PKR4.54 Crore
3868,House,Sindh,Karachi,"Gulshan-e-Iqbal Town, Karachi, Sindh",6,8,240 Sq. Yd.,For Sale,7/2/2023,PKR5 Crore
3869,House,Sindh,Karachi,"Scheme 33, Karachi, Sindh",6,4,120 Sq. Yd.,For Sale,7/18/2023,PKR2.05 Crore
3870,House,Sindh,Karachi,"DHA Defence, Karachi, Sindh",-,-,150 Sq. Yd.,For Sale,7/3/2023,PKR5 Crore
3871,Upper Portion,Sindh,Karachi,"Federal B Area, Karachi, Sindh",3,3,120 Sq. Yd.,For Sale,7/18/2023,PKR1.05 Crore
3872,House,Sindh,Karachi,"DHA Defence, Karachi, Sindh",-,-,150 Sq. Yd.,For Sale,7/18/2023,PKR5 Crore
3873,House,Sindh,Karachi,"DHA Defence, Karachi, Sindh",6,6,600 Sq. Yd.,For Sale,7/3/2023,PKR10.5 Crore
3874,House,Sindh,Karachi,"DHA Defence, Karachi, Sindh",6,6,500 Sq. Yd.,For Sale,7/3/2023,PKR21 Crore
3875,House,Sindh,Karachi,"DHA Defence, Karachi, Sindh",6,6,300 Sq. Yd.,For Sale,6/27/2023,PKR13 Crore
3876,House,Sindh,Karachi,"DHA Defence, Karachi, Sindh",6,6,300 Sq. Yd.,For Sale,6/27/2023,PKR11.65 Crore
3877,House,Sindh,Karachi,"Gadap Town, Karachi, Sindh",5,4,120 Sq. Yd.,For Sale,6/28/2023,PKR2.25 Crore
3878,House,Sindh,Karachi,"Navy Housing Scheme Karsaz, Karachi, Sindh",6,6,350 Sq. Yd.,For Sale,6/27/2023,PKR10.35 Crore
3879,House,Sindh,Karachi,"Bahria Town Karachi, Karachi, Sindh",3,3,200 Sq. Yd.,For Sale,7/11/2023,PKR1.6 Crore
3880,House,Sindh,Karachi,"Bahria Town Karachi, Karachi, Sindh",3,3,200 Sq. Yd.,For Sale,7/11/2023,PKR1.65 Crore
3881,House,Sindh,Karachi,"Bahria Town Karachi, Karachi, Sindh",4,3,200 Sq. Yd.,For Sale,7/18/2023,PKR1.8 Crore
3882,House,Sindh,Karachi,"Bahria Town Karachi, Karachi, Sindh",3,3,125 Sq. Yd.,For Sale,7/18/2023,PKR1.25 Crore
3883,House,Sindh,Karachi,"Gulshan-e-Iqbal Town, Karachi, Sindh",6,8,600 Sq. Yd.,For Sale,7/18/2023,PKR13 Crore
3884,House,Sindh,Karachi,"North Nazimabad, Karachi, Sindh",6,6,600 Sq. Yd.,For Sale,6/28/2023,PKR9 Crore
3885,Upper Portion,Sindh,Karachi,"North Nazimabad, Karachi, Sindh",3,3,233 Sq. Yd.,For Sale,7/3/2023,PKR1.9 Crore
3886,Upper Portion,Sindh,Karachi,"North Nazimabad, Karachi, Sindh",2,2,120 Sq. Yd.,For Sale,7/18/2023,PKR90 Lakh
3887,House,Sindh,Karachi,"DHA Defence, Karachi, Sindh",6,6,580 Sq. Yd.,For Sale,7/18/2023,PKR11.5 Crore
3888,House,Sindh,Karachi,"DHA Defence, Karachi, Sindh",-,-,500 Sq. Yd.,For Sale,7/18/2023,PKR16 Crore
3889,Flat,Sindh,Karachi,"DHA Defence, Karachi, Sindh",2,2,100 Sq. Yd.,For Sale,7/4/2023,PKR1.4 Crore
3890,Flat,Sindh,Karachi,"DHA Defence, Karachi, Sindh",3,3,200 Sq. Yd.,For Sale,7/4/2023,PKR3.35 Crore
3891,Flat,Sindh,Karachi,"DHA Defence, Karachi, Sindh",3,3,144 Sq. Yd.,For Sale,7/4/2023,PKR2.2 Crore
3892,Flat,Sindh,Karachi,"DHA Defence, Karachi, Sindh",2,2,100 Sq. Yd.,For Sale,7/4/2023,PKR1.5 Crore
3893,Flat,Sindh,Karachi,"DHA Defence, Karachi, Sindh",3,3,194 Sq. Yd.,For Sale,7/4/2023,PKR3 Crore
3894,House,Sindh,Karachi,"DHA Defence, Karachi, Sindh",6,6,500 Sq. Yd.,For Sale,7/4/2023,PKR9.9 Crore
3895,House,Sindh,Karachi,"Scheme 33, Karachi, Sindh",6,6,260 Sq. Yd.,For Sale,7/18/2023,PKR2.4 Crore
3896,House,Sindh,Karachi,"Malir, Karachi, Sindh",3,4,160 Sq. Yd.,For Sale,7/18/2023,PKR2.75 Crore
3897,Upper Portion,Sindh,Karachi,"Federal B Area, Karachi, Sindh",3,4,275 Sq. Yd.,For Sale,7/18/2023,PKR2.7 Crore
3898,House,Sindh,Karachi,"Bahria Town Karachi, Karachi, Sindh",3,3,200 Sq. Yd.,For Sale,7/11/2023,PKR2.25 Crore
3899,Flat,Sindh,Karachi,"Navy Housing Scheme Karsaz, Karachi, Sindh",5,5,491 Sq. Yd.,For Sale,7/4/2023,PKR8.25 Crore
3900,Flat,Sindh,Karachi,"Gulshan-e-Iqbal Town, Karachi, Sindh",3,3,167 Sq. Yd.,For Sale,7/11/2023,PKR3.1 Crore
3901,Flat,Sindh,Karachi,"DHA Defence, Karachi, Sindh",3,2,246 Sq. Yd.,For Sale,7/11/2023,PKR5.8 Crore
3902,Flat,Sindh,Karachi,"Bahria Town Karachi, Karachi, Sindh",2,2,122 Sq. Yd.,For Sale,7/11/2023,PKR55 Lakh
3903,House,Sindh,Karachi,"Malir, Karachi, Sindh",3,3,120 Sq. Yd.,For Sale,7/11/2023,PKR2.75 Crore
3904,House,Sindh,Karachi,"Bahria Town Karachi, Karachi, Sindh",4,4,350 Sq. Yd.,For Sale,7/11/2023,PKR2 Crore
3905,House,Sindh,Karachi,"DHA Defence, Karachi, Sindh",6,6,500 Sq. Yd.,For Sale,7/4/2023,PKR11.5 Crore
3906,House,Sindh,Karachi,"North Karachi, Karachi, Sindh",-,-,288 Sq. Yd.,For Sale,7/4/2023,PKR3.25 Crore
3907,Flat,Sindh,Karachi,"Jamshed Town, Karachi, Sindh",3,3,133 Sq. Yd.,For Sale,7/18/2023,PKR1.7 Crore
3908,House,Sindh,Karachi,"DHA Defence, Karachi, Sindh",6,6,578 Sq. Yd.,For Sale,7/18/2023,PKR11.25 Crore
3909,Flat,Sindh,Karachi,"Shaheed Millat Road, Karachi, Sindh",4,3,222 Sq. Yd.,For Sale,7/18/2023,PKR5.5 Crore
3910,House,Sindh,Karachi,"Gulistan-e-Jauhar, Karachi, Sindh",5,4,120 Sq. Yd.,For Sale,7/18/2023,PKR2.4 Crore
3911,House,Sindh,Karachi,"Malir, Karachi, Sindh",3,4,160 Sq. Yd.,For Sale,7/18/2023,PKR2.65 Crore
3912,Lower Portion,Sindh,Karachi,"Khalid Bin Walid Road, Karachi, Sindh",3,3,200 Sq. Yd.,For Sale,7/18/2023,PKR3.75 Crore
3913,House,Sindh,Karachi,"DHA Defence, Karachi, Sindh",6,6,"1,000 Sq. Yd.",For Sale,7/18/2023,PKR19.5 Crore
3914,House,Sindh,Karachi,"Gulistan-e-Jauhar, Karachi, Sindh",4,4,100 Sq. Yd.,For Sale,7/18/2023,PKR1.6 Crore
3915,Flat,Sindh,Karachi,"Gulistan-e-Jauhar, Karachi, Sindh",-,-,161 Sq. Yd.,For Sale,7/11/2023,PKR1.55 Crore
3916,House,Sindh,Karachi,"Scheme 33, Karachi, Sindh",6,6,120 Sq. Yd.,For Sale,7/18/2023,PKR1.8 Crore
3917,House,Sindh,Karachi,"Scheme 33, Karachi, Sindh",6,6,200 Sq. Yd.,For Sale,7/18/2023,PKR2.8 Crore
3918,House,Sindh,Karachi,"Bahria Town Karachi, Karachi, Sindh",3,3,200 Sq. Yd.,For Sale,7/18/2023,PKR2.35 Crore
3919,House,Sindh,Karachi,"Bahria Town Karachi, Karachi, Sindh",3,3,200 Sq. Yd.,For Sale,7/18/2023,PKR2 Crore
3920,House,Sindh,Karachi,"Bahria Town Karachi, Karachi, Sindh",3,3,200 Sq. Yd.,For Sale,7/18/2023,PKR2 Crore
3921,House,Sindh,Karachi,"Bahria Town Karachi, Karachi, Sindh",3,3,200 Sq. Yd.,For Sale,7/18/2023,PKR2.3 Crore
3922,House,Sindh,Karachi,"Bahria Town Karachi, Karachi, Sindh",3,3,200 Sq. Yd.,For Sale,7/18/2023,PKR1.95 Crore
3923,Flat,Sindh,Karachi,"Cantt, Karachi, Sindh",3,3,286 Sq. Yd.,For Sale,7/4/2023,PKR3.8 Crore
3924,Flat,Sindh,Karachi,"Cantt, Karachi, Sindh",4,4,367 Sq. Yd.,For Sale,7/4/2023,PKR4.42 Crore
3925,Flat,Sindh,Karachi,"Cantt, Karachi, Sindh",3,3,300 Sq. Yd.,For Sale,7/4/2023,PKR3.66 Crore
3926,Flat,Sindh,Karachi,"Cantt, Karachi, Sindh",4,4,367 Sq. Yd.,For Sale,7/4/2023,PKR4.48 Crore
3927,House,Sindh,Karachi,"Cantt, Karachi, Sindh",5,5,375 Sq. Yd.,For Sale,7/4/2023,PKR6.7 Crore
3928,House,Sindh,Karachi,"Cantt, Karachi, Sindh",5,5,375 Sq. Yd.,For Sale,7/4/2023,PKR6.7 Crore
3929,House,Sindh,Karachi,"Cantt, Karachi, Sindh",5,5,375 Sq. Yd.,For Sale,7/4/2023,PKR6.7 Crore
3930,House,Sindh,Karachi,"Cantt, Karachi, Sindh",5,5,375 Sq. Yd.,For Sale,7/4/2023,PKR6.9 Crore
3931,Upper Portion,Sindh,Karachi,"North Nazimabad, Karachi, Sindh",3,3,200 Sq. Yd.,For Sale,7/4/2023,PKR2.3 Crore
3932,Flat,Sindh,Karachi,"Clifton, Karachi, Sindh",3,3,194 Sq. Yd.,For Sale,7/18/2023,PKR1.9 Crore
3933,Flat,Sindh,Karachi,"Shah Faisal Town, Karachi, Sindh",2,2,78 Sq. Yd.,For Sale,7/18/2023,PKR35 Lakh
3934,Flat,Sindh,Karachi,"Korangi, Karachi, Sindh",2,2,60 Sq. Yd.,For Sale,7/4/2023,PKR24 Lakh
3935,Flat,Sindh,Karachi,"Korangi, Karachi, Sindh",1,2,50 Sq. Yd.,For Sale,7/4/2023,PKR18 Lakh
3936,Flat,Sindh,Karachi,"DHA Defence, Karachi, Sindh",2,2,128 Sq. Yd.,For Sale,7/4/2023,PKR2.25 Crore
3937,Flat,Sindh,Karachi,"Bahria Town Karachi, Karachi, Sindh",2,2,106 Sq. Yd.,For Sale,7/18/2023,PKR78 Lakh
3938,Flat,Sindh,Karachi,"Bahria Town Karachi, Karachi, Sindh",3,3,300 Sq. Yd.,For Sale,7/18/2023,PKR1.4 Crore
3939,Flat,Sindh,Karachi,"Bahria Town Karachi, Karachi, Sindh",4,4,400 Sq. Yd.,For Sale,7/18/2023,PKR2.25 Crore
3940,Flat,Sindh,Karachi,"Bahria Town Karachi, Karachi, Sindh",2,2,122 Sq. Yd.,For Sale,7/18/2023,PKR82 Lakh
3941,Flat,Sindh,Karachi,"Bahria Town Karachi, Karachi, Sindh",2,2,106 Sq. Yd.,For Sale,7/18/2023,PKR83 Lakh
3942,Upper Portion,Sindh,Karachi,"Jamshed Town, Karachi, Sindh",4,4,300 Sq. Yd.,For Sale,7/4/2023,PKR4.25 Crore
3943,Upper Portion,Sindh,Karachi,"Jamshed Town, Karachi, Sindh",4,4,300 Sq. Yd.,For Sale,7/18/2023,PKR5 Crore
3944,Flat,Sindh,Karachi,"Shahra-e-Faisal, Karachi, Sindh",3,3,222 Sq. Yd.,For Sale,7/4/2023,PKR4.75 Crore
3945,Flat,Sindh,Karachi,"DHA Defence, Karachi, Sindh",3,3,133 Sq. Yd.,For Sale,7/18/2023,PKR2.05 Crore
3946,Flat,Sindh,Karachi,"Shaheed Millat Road, Karachi, Sindh",3,3,178 Sq. Yd.,For Sale,7/18/2023,PKR5.25 Crore
3947,House,Sindh,Karachi,"Bahria Town Karachi, Karachi, Sindh",3,3,152 Sq. Yd.,For Sale,7/11/2023,PKR1.65 Crore
3948,House,Sindh,Karachi,"DHA Defence, Karachi, Sindh",5,5,500 Sq. Yd.,For Sale,6/29/2023,PKR10 Crore
3949,House,Sindh,Karachi,"Bahria Town Karachi, Karachi, Sindh",3,3,152 Sq. Yd.,For Sale,7/11/2023,PKR1.45 Crore
3950,House,Sindh,Karachi,"DHA Defence, Karachi, Sindh",6,6,500 Sq. Yd.,For Sale,6/29/2023,PKR11.5 Crore
3951,House,Sindh,Karachi,"DHA Defence, Karachi, Sindh",6,6,300 Sq. Yd.,For Sale,7/4/2023,PKR7.2 Crore
3952,Flat,Sindh,Karachi,"DHA Defence, Karachi, Sindh",4,3,200 Sq. Yd.,For Sale,6/29/2023,PKR3.5 Crore
3953,House,Sindh,Karachi,"DHA Defence, Karachi, Sindh",5,4,150 Sq. Yd.,For Sale,6/29/2023,PKR6 Crore
3954,House,Sindh,Karachi,"DHA Defence, Karachi, Sindh",6,6,500 Sq. Yd.,For Sale,6/29/2023,PKR14.5 Crore
3955,Flat,Sindh,Karachi,"Shaheed Millat Road, Karachi, Sindh",2,2,106 Sq. Yd.,For Sale,7/4/2023,PKR2.65 Crore
3956,House,Sindh,Karachi,"DHA Defence, Karachi, Sindh",6,6,"2,000 Sq. Yd.",For Sale,7/2/2023,PKR48 Crore
3957,House,Sindh,Karachi,"DHA Defence, Karachi, Sindh",6,6,"1,000 Sq. Yd.",For Sale,7/18/2023,PKR23.75 Crore
3958,House,Sindh,Karachi,"DHA Defence, Karachi, Sindh",8,6,"1,000 Sq. Yd.",For Sale,7/18/2023,PKR33 Crore
3959,House,Sindh,Karachi,"DHA Defence, Karachi, Sindh",7,6,666 Sq. Yd.,For Sale,7/18/2023,PKR17 Crore
3960,House,Sindh,Karachi,"Bahria Town Karachi, Karachi, Sindh",5,4,182 Sq. Yd.,For Sale,7/18/2023,PKR1.8 Crore
3961,House,Sindh,Karachi,"DHA Defence, Karachi, Sindh",8,6,"1,000 Sq. Yd.",For Sale,7/18/2023,PKR31 Crore
3962,House,Sindh,Karachi,"DHA Defence, Karachi, Sindh",8,6,"1,000 Sq. Yd.",For Sale,7/18/2023,PKR26 Crore
3963,House,Sindh,Karachi,"DHA Defence, Karachi, Sindh",6,6,800 Sq. Yd.,For Sale,7/18/2023,PKR25 Crore
3964,House,Sindh,Karachi,"DHA Defence, Karachi, Sindh",6,6,666 Sq. Yd.,For Sale,7/18/2023,PKR25 Crore
3965,House,Sindh,Karachi,"DHA Defence, Karachi, Sindh",6,6,666 Sq. Yd.,For Sale,7/18/2023,PKR22 Crore
3966,Flat,Sindh,Karachi,"Defence View Society, Karachi, Sindh",4,4,211 Sq. Yd.,For Sale,7/18/2023,PKR2.75 Crore
3967,House,Sindh,Karachi,"North Karachi, Karachi, Sindh",5,4,120 Sq. Yd.,For Sale,7/11/2023,PKR2.6 Crore
3968,House,Sindh,Karachi,"Cantt, Karachi, Sindh",6,6,500 Sq. Yd.,For Sale,7/18/2023,PKR12.25 Crore
3969,Flat,Sindh,Karachi,"Gulshan-e-Iqbal Town, Karachi, Sindh",3,3,156 Sq. Yd.,For Sale,7/18/2023,PKR1.75 Crore
3970,House,Sindh,Karachi,"DHA Defence, Karachi, Sindh",5,4,800 Sq. Yd.,For Sale,7/18/2023,PKR21 Crore
3971,House,Sindh,Karachi,"DHA Defence, Karachi, Sindh",6,6,500 Sq. Yd.,For Sale,7/4/2023,PKR11.5 Crore
3972,House,Sindh,Karachi,"DHA Defence, Karachi, Sindh",5,4,300 Sq. Yd.,For Sale,6/29/2023,PKR7.5 Crore
3973,House,Sindh,Karachi,"DHA Defence, Karachi, Sindh",-,9,615 Sq. Yd.,For Sale,6/29/2023,PKR14.5 Crore
3974,House,Sindh,Karachi,"Tariq Road, Karachi, Sindh",2,2,78 Sq. Yd.,For Sale,7/11/2023,PKR95 Lakh
3975,House,Sindh,Karachi,"Bahria Town Karachi, Karachi, Sindh",3,3,125 Sq. Yd.,For Sale,7/11/2023,PKR1.38 Crore
3976,House,Sindh,Karachi,"DHA Defence, Karachi, Sindh",5,4,150 Sq. Yd.,For Sale,7/4/2023,PKR5 Crore
3977,House,Sindh,Karachi,"DHA Defence, Karachi, Sindh",-,-,"2,000 Sq. Yd.",For Sale,7/11/2023,PKR30 Crore
3978,Flat,Sindh,Karachi,"Gulshan-e-Iqbal Town, Karachi, Sindh",4,4,333 Sq. Yd.,For Sale,7/18/2023,PKR3.25 Crore
3979,Upper Portion,Sindh,Karachi,"Korangi, Karachi, Sindh",3,3,84 Sq. Yd.,For Sale,7/18/2023,PKR48 Lakh
3980,House,Sindh,Karachi,"Scheme 33, Karachi, Sindh",6,6,240 Sq. Yd.,For Sale,7/18/2023,PKR3.65 Crore
3981,House,Sindh,Karachi,"Gulistan-e-Jauhar, Karachi, Sindh",6,6,600 Sq. Yd.,For Sale,6/29/2023,PKR7.7 Crore
3982,Flat,Sindh,Karachi,"Bahria Town Karachi, Karachi, Sindh",2,2,106 Sq. Yd.,For Sale,6/27/2023,PKR65 Lakh
3983,House,Sindh,Karachi,"Bahria Town Karachi, Karachi, Sindh",4,4,125 Sq. Yd.,For Sale,7/4/2023,PKR1.32 Crore
3984,Flat,Sindh,Karachi,"DHA Defence, Karachi, Sindh",3,3,167 Sq. Yd.,For Sale,7/4/2023,PKR4 Crore
3985,House,Sindh,Karachi,"DHA Defence, Karachi, Sindh",6,6,"1,000 Sq. Yd.",For Sale,7/4/2023,PKR36 Crore
3986,Flat,Sindh,Karachi,"DHA Defence, Karachi, Sindh",2,-,50 Sq. Yd.,For Sale,7/4/2023,PKR75.99 Lakh
3987,Flat,Sindh,Karachi,"Sea View Apartments, Karachi, Sindh",3,3,267 Sq. Yd.,For Sale,6/28/2023,PKR4.25 Crore
3988,House,Sindh,Karachi,"DHA Defence, Karachi, Sindh",3,3,100 Sq. Yd.,For Sale,6/28/2023,PKR4 Crore
3989,House,Sindh,Karachi,"DHA Defence, Karachi, Sindh",7,6,"2,000 Sq. Yd.",For Sale,6/28/2023,PKR60 Crore
3990,House,Sindh,Karachi,"DHA Defence, Karachi, Sindh",5,4,"1,000 Sq. Yd.",For Sale,6/28/2023,PKR22 Crore
3991,House,Sindh,Karachi,"DHA Defence, Karachi, Sindh",8,7,"2,000 Sq. Yd.",For Sale,6/28/2023,PKR50 Crore
3992,House,Sindh,Karachi,"DHA Defence, Karachi, Sindh",6,9,666 Sq. Yd.,For Sale,6/28/2023,PKR14 Crore
3993,House,Sindh,Karachi,"DHA Defence, Karachi, Sindh",5,4,500 Sq. Yd.,For Sale,6/28/2023,PKR9.75 Crore
3994,House,Sindh,Karachi,"DHA Defence, Karachi, Sindh",6,6,500 Sq. Yd.,For Sale,6/28/2023,PKR16.5 Crore
3995,House,Sindh,Karachi,"Cantt, Karachi, Sindh",5,5,375 Sq. Yd.,For Sale,7/4/2023,PKR7 Crore
3996,House,Sindh,Karachi,"Cantt, Karachi, Sindh",5,5,375 Sq. Yd.,For Sale,7/4/2023,PKR6.7 Crore
3997,House,Sindh,Karachi,"Cantt, Karachi, Sindh",5,5,375 Sq. Yd.,For Sale,7/4/2023,PKR6.7 Crore
3998,House,Sindh,Karachi,"Cantt, Karachi, Sindh",5,5,375 Sq. Yd.,For Sale,7/4/2023,PKR6.65 Crore
3999,House,Sindh,Karachi,"Cantt, Karachi, Sindh",5,5,375 Sq. Yd.,For Sale,7/4/2023,PKR6.7 Crore
4000,Flat,Sindh,Karachi,"Cantt, Karachi, Sindh",4,4,367 Sq. Yd.,For Sale,7/4/2023,PKR4.43 Crore
4001,House,Sindh,Karachi,"Cantt, Karachi, Sindh",5,5,375 Sq. Yd.,For Sale,7/4/2023,PKR7.05 Crore
4002,House,Sindh,Karachi,"Cantt, Karachi, Sindh",5,5,375 Sq. Yd.,For Sale,7/4/2023,PKR6.7 Crore
4003,House,Sindh,Karachi,"DHA Defence, Karachi, Sindh",6,6,500 Sq. Yd.,For Sale,6/28/2023,PKR23 Crore
4004,House,Sindh,Karachi,"DHA Defence, Karachi, Sindh",6,7,"2,000 Sq. Yd.",For Sale,6/28/2023,PKR65 Crore
4005,House,Sindh,Karachi,"DHA Defence, Karachi, Sindh",6,6,666 Sq. Yd.,For Sale,6/28/2023,PKR18 Crore
4006,House,Sindh,Karachi,"DHA Defence, Karachi, Sindh",6,5,500 Sq. Yd.,For Sale,6/28/2023,PKR12.5 Crore
4007,House,Sindh,Karachi,"DHA Defence, Karachi, Sindh",4,4,100 Sq. Yd.,For Sale,6/28/2023,PKR5 Crore
4008,House,Sindh,Karachi,"North Karachi, Karachi, Sindh",5,5,120 Sq. Yd.,For Sale,7/4/2023,PKR2.29 Crore
4009,House,Sindh,Karachi,"DHA Defence, Karachi, Sindh",6,5,500 Sq. Yd.,For Sale,6/28/2023,PKR10.25 Crore
4010,Flat,Sindh,Karachi,"DHA Defence, Karachi, Sindh",4,4,200 Sq. Yd.,For Sale,6/28/2023,PKR1.5 Crore
4011,Flat,Sindh,Karachi,"Saadi Road, Karachi, Sindh",4,3,244 Sq. Yd.,For Sale,7/4/2023,PKR1.22 Crore
4012,House,Sindh,Karachi,"DHA Defence, Karachi, Sindh",-,-,500 Sq. Yd.,For Sale,7/4/2023,PKR17.5 Crore
4013,House,Sindh,Karachi,"DHA Defence, Karachi, Sindh",6,7,"1,000 Sq. Yd.",For Sale,7/11/2023,PKR19 Crore
4014,Flat,Sindh,Karachi,"Civil Lines, Karachi, Sindh",3,3,200 Sq. Yd.,For Sale,7/18/2023,PKR3.5 Crore
4015,Flat,Sindh,Karachi,"Civil Lines, Karachi, Sindh",3,3,200 Sq. Yd.,For Sale,7/18/2023,PKR3.75 Crore
4016,House,Sindh,Karachi,"North Nazimabad, Karachi, Sindh",6,6,200 Sq. Yd.,For Sale,6/30/2023,PKR4.6 Crore
4017,Flat,Sindh,Karachi,"Navy Housing Scheme Karsaz, Karachi, Sindh",-,5,400 Sq. Yd.,For Sale,7/18/2023,PKR8.75 Crore
4018,House,Sindh,Karachi,"Cantt, Karachi, Sindh",5,5,507 Sq. Yd.,For Sale,7/18/2023,PKR7.8 Crore
4019,House,Sindh,Karachi,"Cantt, Karachi, Sindh",5,5,375 Sq. Yd.,For Sale,7/4/2023,PKR6.43 Crore
4020,House,Sindh,Karachi,"Cantt, Karachi, Sindh",5,5,375 Sq. Yd.,For Sale,7/4/2023,PKR7 Crore
4021,Flat,Sindh,Karachi,"Cantt, Karachi, Sindh",3,3,286 Sq. Yd.,For Sale,7/4/2023,PKR3.71 Crore
4022,Flat,Sindh,Karachi,"Cantt, Karachi, Sindh",3,3,286 Sq. Yd.,For Sale,7/4/2023,PKR3.75 Crore
4023,Flat,Sindh,Karachi,"Cantt, Karachi, Sindh",4,4,367 Sq. Yd.,For Sale,7/4/2023,PKR4.53 Crore
4024,Flat,Sindh,Karachi,"Cantt, Karachi, Sindh",4,4,367 Sq. Yd.,For Sale,7/4/2023,PKR4.51 Crore
4025,Flat,Sindh,Karachi,"Cantt, Karachi, Sindh",3,3,300 Sq. Yd.,For Sale,7/4/2023,PKR3.69 Crore
4026,House,Sindh,Karachi,"Korangi, Karachi, Sindh",1,1,40 Sq. Yd.,For Sale,7/11/2023,PKR15 Lakh
4027,House,Sindh,Karachi,"Cantt, Karachi, Sindh",5,5,507 Sq. Yd.,For Sale,7/18/2023,PKR7.75 Crore
4028,Upper Portion,Sindh,Karachi,"Shaheed Millat Road, Karachi, Sindh",4,3,161 Sq. Yd.,For Sale,7/18/2023,PKR3.5 Crore
4029,Flat,Sindh,Karachi,"Gulshan-e-Iqbal Town, Karachi, Sindh",4,4,244 Sq. Yd.,For Sale,7/1/2023,PKR4.8 Crore
4030,House,Sindh,Karachi,"Cantt, Karachi, Sindh",5,5,375 Sq. Yd.,For Sale,7/4/2023,PKR7.25 Crore
4031,House,Sindh,Karachi,"Cantt, Karachi, Sindh",5,5,375 Sq. Yd.,For Sale,7/4/2023,PKR7.15 Crore
4032,House,Sindh,Karachi,"Bahria Town Karachi, Karachi, Sindh",-,-,200 Sq. Yd.,For Sale,7/18/2023,PKR2.55 Crore
4033,House,Sindh,Karachi,"DHA Defence, Karachi, Sindh",4,3,100 Sq. Yd.,For Sale,7/11/2023,PKR3.7 Crore
4034,House,Sindh,Karachi,"DHA Defence, Karachi, Sindh",7,6,300 Sq. Yd.,For Sale,6/27/2023,PKR7.5 Crore
4035,House,Sindh,Karachi,"DHA Defence, Karachi, Sindh",9,9,600 Sq. Yd.,For Sale,6/27/2023,PKR14 Crore
4036,House,Sindh,Karachi,"DHA Defence, Karachi, Sindh",6,5,600 Sq. Yd.,For Sale,6/27/2023,PKR8 Crore
4037,House,Sindh,Karachi,"DHA Defence, Karachi, Sindh",7,6,667 Sq. Yd.,For Sale,6/27/2023,PKR14.5 Crore
4038,House,Sindh,Karachi,"DHA Defence, Karachi, Sindh",5,4,644 Sq. Yd.,For Sale,6/27/2023,PKR12.4 Crore
4039,House,Sindh,Karachi,"DHA Defence, Karachi, Sindh",6,5,500 Sq. Yd.,For Sale,6/27/2023,PKR9 Crore
4040,House,Sindh,Karachi,"DHA Defence, Karachi, Sindh",5,4,500 Sq. Yd.,For Sale,6/27/2023,PKR10.5 Crore
4041,House,Sindh,Karachi,"Korangi, Karachi, Sindh",1,1,40 Sq. Yd.,For Sale,7/11/2023,PKR15 Lakh
4042,House,Sindh,Karachi,"North Nazimabad, Karachi, Sindh",7,6,210 Sq. Yd.,For Sale,7/1/2023,PKR5.8 Crore
4043,House,Sindh,Karachi,"Cantt, Karachi, Sindh",5,5,375 Sq. Yd.,For Sale,7/4/2023,PKR7.25 Crore
4044,House,Sindh,Karachi,"Cantt, Karachi, Sindh",5,5,375 Sq. Yd.,For Sale,6/29/2023,PKR7.29 Crore
4045,Flat,Sindh,Karachi,"Cantt, Karachi, Sindh",3,3,300 Sq. Yd.,For Sale,7/3/2023,PKR4.3 Crore
4046,Flat,Sindh,Karachi,"Cantt, Karachi, Sindh",3,3,300 Sq. Yd.,For Sale,6/27/2023,PKR4.27 Crore
4047,House,Sindh,Karachi,"Bahria Town Karachi, Karachi, Sindh",3,3,235 Sq. Yd.,For Sale,7/11/2023,PKR1.4 Crore
4048,House,Sindh,Karachi,"Bahria Town Karachi, Karachi, Sindh",3,3,235 Sq. Yd.,For Sale,7/11/2023,PKR1.35 Crore
4049,House,Sindh,Karachi,"DHA Defence, Karachi, Sindh",6,5,500 Sq. Yd.,For Sale,7/18/2023,PKR8.25 Crore
4050,House,Sindh,Karachi,"DHA Defence, Karachi, Sindh",5,4,300 Sq. Yd.,For Sale,7/18/2023,PKR7 Crore
4051,House,Sindh,Karachi,"DHA Defence, Karachi, Sindh",5,4,300 Sq. Yd.,For Sale,6/27/2023,PKR6.25 Crore
4052,House,Sindh,Karachi,"KDA Scheme 1, Karachi, Sindh",6,6,"1,008 Sq. Yd.",For Sale,6/29/2023,PKR31 Crore
4053,House,Sindh,Karachi,"DHA Defence, Karachi, Sindh",5,4,300 Sq. Yd.,For Sale,6/27/2023,PKR7.5 Crore
4054,House,Sindh,Karachi,"DHA Defence, Karachi, Sindh",6,5,500 Sq. Yd.,For Sale,6/27/2023,PKR8 Crore
4055,House,Sindh,Karachi,"DHA Defence, Karachi, Sindh",6,6,500 Sq. Yd.,For Sale,6/27/2023,PKR18 Crore
4056,House,Sindh,Karachi,"DHA Defence, Karachi, Sindh",6,6,600 Sq. Yd.,For Sale,6/27/2023,PKR12 Crore
4057,House,Sindh,Karachi,"DHA Defence, Karachi, Sindh",5,4,300 Sq. Yd.,For Sale,6/27/2023,PKR7.8 Crore
4058,House,Sindh,Karachi,"DHA Defence, Karachi, Sindh",6,6,500 Sq. Yd.,For Sale,7/18/2023,PKR9.5 Crore
4059,House,Sindh,Karachi,"DHA Defence, Karachi, Sindh",5,4,333 Sq. Yd.,For Sale,6/27/2023,PKR6.85 Crore
4060,House,Sindh,Karachi,"DHA Defence, Karachi, Sindh",5,4,250 Sq. Yd.,For Sale,7/4/2023,PKR5.85 Crore
4061,House,Sindh,Karachi,"DHA Defence, Karachi, Sindh",5,4,500 Sq. Yd.,For Sale,6/27/2023,PKR8.15 Crore
4062,House,Sindh,Karachi,"DHA Defence, Karachi, Sindh",4,4,300 Sq. Yd.,For Sale,6/27/2023,PKR7.15 Crore
4063,Flat,Sindh,Karachi,"Clifton, Karachi, Sindh",3,3,222 Sq. Yd.,For Sale,7/18/2023,PKR4.7 Crore
4064,Flat,Sindh,Karachi,"Bahria Town Karachi, Karachi, Sindh",2,2,122 Sq. Yd.,For Sale,7/11/2023,PKR60 Lakh
4065,House,Sindh,Karachi,"Cantt, Karachi, Sindh",6,5,375 Sq. Yd.,For Sale,7/4/2023,PKR6.95 Crore
4066,House,Sindh,Karachi,"Cantt, Karachi, Sindh",6,5,375 Sq. Yd.,For Sale,6/27/2023,PKR7 Crore
4067,Flat,Sindh,Karachi,"Bahria Town Karachi, Karachi, Sindh",2,2,122 Sq. Yd.,For Sale,7/11/2023,PKR57 Lakh
4068,Flat,Sindh,Karachi,"DHA Defence, Karachi, Sindh",5,4,292 Sq. Yd.,For Sale,6/27/2023,PKR6.9 Crore
4069,House,Sindh,Karachi,"Cantt, Karachi, Sindh",6,5,375 Sq. Yd.,For Sale,6/27/2023,PKR7.3 Crore
4070,Flat,Sindh,Karachi,"DHA Defence, Karachi, Sindh",5,4,372 Sq. Yd.,For Sale,6/27/2023,PKR8.4 Crore
4071,House,Sindh,Karachi,"DHA Defence, Karachi, Sindh",6,6,500 Sq. Yd.,For Sale,6/27/2023,PKR9.5 Crore
4072,Flat,Sindh,Karachi,"Sea View Apartments, Karachi, Sindh",4,4,244 Sq. Yd.,For Sale,7/4/2023,PKR4 Crore
4073,House,Sindh,Karachi,"North Karachi, Karachi, Sindh",-,-,120 Sq. Yd.,For Sale,7/18/2023,PKR1.55 Crore
4074,House,Sindh,Karachi,"Bahria Town Karachi, Karachi, Sindh",3,3,152 Sq. Yd.,For Sale,7/18/2023,PKR1.45 Crore
4075,House,Sindh,Karachi,"Bahria Town Karachi, Karachi, Sindh",3,3,200 Sq. Yd.,For Sale,7/18/2023,PKR1.68 Crore
4076,House,Sindh,Karachi,"Bahria Town Karachi, Karachi, Sindh",3,3,200 Sq. Yd.,For Sale,7/18/2023,PKR1.67 Crore
4077,House,Sindh,Karachi,"Bahria Town Karachi, Karachi, Sindh",3,3,152 Sq. Yd.,For Sale,7/18/2023,PKR1.74 Crore
4078,House,Sindh,Karachi,"Bahria Town Karachi, Karachi, Sindh",3,3,200 Sq. Yd.,For Sale,7/18/2023,PKR2.24 Crore
4079,Flat,Sindh,Karachi,"Scheme 33, Karachi, Sindh",2,2,83 Sq. Yd.,For Sale,7/18/2023,PKR77 Lakh
4080,House,Sindh,Karachi,"Bahria Town Karachi, Karachi, Sindh",4,4,350 Sq. Yd.,For Sale,7/18/2023,PKR2.14 Crore
4081,Flat,Sindh,Karachi,"DHA Defence, Karachi, Sindh",4,4,211 Sq. Yd.,For Sale,7/18/2023,PKR3.25 Crore
4082,Upper Portion,Sindh,Karachi,"Federal B Area, Karachi, Sindh",2,2,140 Sq. Yd.,For Sale,7/2/2023,PKR1.35 Crore
4083,Flat,Sindh,Karachi,"Cantt, Karachi, Sindh",4,3,300 Sq. Yd.,For Sale,6/27/2023,PKR4.3 Crore
4084,Flat,Sindh,Karachi,"Bahria Town Karachi, Karachi, Sindh",3,3,233 Sq. Yd.,For Sale,7/11/2023,PKR1.6 Crore
4085,House,Sindh,Karachi,"DHA Defence, Karachi, Sindh",6,4,500 Sq. Yd.,For Sale,7/4/2023,PKR7.6 Crore
4086,House,Sindh,Karachi,"DHA Defence, Karachi, Sindh",6,6,600 Sq. Yd.,For Sale,7/4/2023,PKR8.75 Crore
4087,Flat,Sindh,Karachi,"DHA Defence, Karachi, Sindh",3,2,182 Sq. Yd.,For Sale,6/27/2023,PKR6.4 Crore
4088,House,Sindh,Karachi,"Bahria Town Karachi, Karachi, Sindh",3,3,79 Sq. Yd.,For Sale,7/11/2023,PKR71.23 Lakh
4089,House,Sindh,Karachi,"Bahria Town Karachi, Karachi, Sindh",3,3,79 Sq. Yd.,For Sale,7/11/2023,PKR71.23 Lakh
4090,House,Sindh,Karachi,"Bahria Town Karachi, Karachi, Sindh",3,3,79 Sq. Yd.,For Sale,7/11/2023,PKR71.23 Lakh
4091,House,Sindh,Karachi,"Scheme 33, Karachi, Sindh",5,3,120 Sq. Yd.,For Sale,7/18/2023,PKR1.72 Crore
4092,House,Sindh,Karachi,"DHA Defence, Karachi, Sindh",4,4,200 Sq. Yd.,For Sale,7/4/2023,PKR6.15 Crore
4093,Flat,Sindh,Karachi,"Jamshed Town, Karachi, Sindh",3,3,200 Sq. Yd.,For Sale,7/4/2023,PKR2.6 Crore
4094,Upper Portion,Sindh,Karachi,"Jamshed Town, Karachi, Sindh",4,4,267 Sq. Yd.,For Sale,7/4/2023,PKR3.5 Crore
4095,Flat,Sindh,Karachi,"Malir, Karachi, Sindh",2,2,122 Sq. Yd.,For Sale,7/18/2023,PKR75 Lakh
4096,Flat,Sindh,Karachi,"Korangi, Karachi, Sindh",2,2,50 Sq. Yd.,For Sale,7/18/2023,PKR22 Lakh
4097,House,Sindh,Karachi,"DHA Defence, Karachi, Sindh",3,3,100 Sq. Yd.,For Sale,6/28/2023,PKR3.15 Crore
4098,Flat,Sindh,Karachi,"Clifton, Karachi, Sindh",3,3,222 Sq. Yd.,For Sale,7/18/2023,PKR6 Crore
4099,House,Sindh,Karachi,"Bahria Town Karachi, Karachi, Sindh",3,3,79 Sq. Yd.,For Sale,7/11/2023,PKR71.23 Lakh
4100,Flat,Sindh,Karachi,"Bahria Town Karachi, Karachi, Sindh",4,4,317 Sq. Yd.,For Sale,7/11/2023,PKR1.95 Crore
4101,Flat,Sindh,Karachi,"Bahria Town Karachi, Karachi, Sindh",3,3,45 Sq. Yd.,For Sale,7/11/2023,PKR35.74 Lakh
4102,Flat,Sindh,Karachi,"Bahria Town Karachi, Karachi, Sindh",2,2,35 Sq. Yd.,For Sale,7/11/2023,PKR27.84 Lakh
4103,Flat,Sindh,Karachi,"Bahria Town Karachi, Karachi, Sindh",3,3,233 Sq. Yd.,For Sale,7/11/2023,PKR1.55 Crore
4104,Flat,Sindh,Karachi,"Bahria Town Karachi, Karachi, Sindh",3,3,45 Sq. Yd.,For Sale,7/11/2023,PKR35.74 Lakh
4105,Flat,Sindh,Karachi,"Bahria Town Karachi, Karachi, Sindh",2,2,35 Sq. Yd.,For Sale,7/11/2023,PKR27.84 Lakh
4106,Flat,Sindh,Karachi,"Bahria Town Karachi, Karachi, Sindh",3,3,45 Sq. Yd.,For Sale,7/11/2023,PKR35.74 Lakh
4107,Flat,Sindh,Karachi,"Gulshan-e-Iqbal Town, Karachi, Sindh",5,4,244 Sq. Yd.,For Sale,7/18/2023,PKR2.7 Crore
4108,Flat,Sindh,Karachi,"Gadap Town, Karachi, Sindh",3,2,94 Sq. Yd.,For Sale,7/18/2023,PKR75 Lakh
4109,Flat,Sindh,Karachi,"Jamshed Town, Karachi, Sindh",3,3,167 Sq. Yd.,For Sale,7/18/2023,PKR2.9 Crore
4110,Flat,Sindh,Karachi,"Clifton, Karachi, Sindh",3,3,200 Sq. Yd.,For Sale,7/18/2023,PKR2.9 Crore
4111,Flat,Sindh,Karachi,"Old Clifton, Karachi, Sindh",4,4,333 Sq. Yd.,For Sale,6/27/2023,PKR8 Crore
4112,House,Sindh,Karachi,"Malir, Karachi, Sindh",6,6,120 Sq. Yd.,For Sale,7/18/2023,PKR3.25 Crore
4113,House,Sindh,Karachi,"Bahria Town Karachi, Karachi, Sindh",5,4,125 Sq. Yd.,For Sale,7/4/2023,PKR1.43 Crore
4114,Flat,Sindh,Karachi,"Scheme 33, Karachi, Sindh",2,2,117 Sq. Yd.,For Sale,7/18/2023,PKR1.2 Crore
4115,Flat,Sindh,Karachi,"Chapal Courtyard, Karachi, Sindh",2,1,117 Sq. Yd.,For Sale,7/18/2023,PKR87 Lakh
4116,Lower Portion,Sindh,Karachi,"Federal B Area, Karachi, Sindh",3,3,120 Sq. Yd.,For Sale,7/18/2023,PKR82 Lakh
4117,Flat,Sindh,Karachi,"Gulshan-e-Iqbal Town, Karachi, Sindh",2,2,111 Sq. Yd.,For Sale,7/18/2023,PKR1.1 Crore
4118,Flat,Sindh,Karachi,"Cantt, Karachi, Sindh",3,3,286 Sq. Yd.,For Sale,7/4/2023,PKR3.65 Crore
4119,Flat,Sindh,Karachi,"Cantt, Karachi, Sindh",3,3,286 Sq. Yd.,For Sale,7/4/2023,PKR3.45 Crore
4120,House,Sindh,Karachi,"DHA Defence, Karachi, Sindh",5,4,150 Sq. Yd.,For Sale,7/4/2023,PKR5.25 Crore
4121,Flat,Sindh,Karachi,"Malir, Karachi, Sindh",3,3,178 Sq. Yd.,For Sale,7/4/2023,PKR1.42 Crore
4122,Flat,Sindh,Karachi,"DHA Defence, Karachi, Sindh",5,4,292 Sq. Yd.,For Sale,7/1/2023,PKR7.25 Crore
4123,House,Sindh,Karachi,"Bahria Town Karachi, Karachi, Sindh",4,4,350 Sq. Yd.,For Sale,7/11/2023,PKR1.95 Crore
4124,House,Sindh,Karachi,"Bahria Town Karachi, Karachi, Sindh",3,3,200 Sq. Yd.,For Sale,6/28/2023,PKR2.35 Crore
4125,Upper Portion,Sindh,Karachi,"North Nazimabad, Karachi, Sindh",3,3,233 Sq. Yd.,For Sale,7/3/2023,PKR1.9 Crore
4126,Upper Portion,Sindh,Karachi,"North Nazimabad, Karachi, Sindh",2,2,120 Sq. Yd.,For Sale,7/18/2023,PKR90 Lakh
4127,House,Sindh,Karachi,"DHA Defence, Karachi, Sindh",6,6,580 Sq. Yd.,For Sale,7/18/2023,PKR11.5 Crore
4128,House,Sindh,Karachi,"DHA Defence, Karachi, Sindh",-,-,500 Sq. Yd.,For Sale,7/18/2023,PKR16 Crore
4129,Flat,Sindh,Karachi,"DHA Defence, Karachi, Sindh",2,2,100 Sq. Yd.,For Sale,7/4/2023,PKR1.4 Crore
4130,Flat,Sindh,Karachi,"DHA Defence, Karachi, Sindh",3,3,200 Sq. Yd.,For Sale,7/4/2023,PKR3.35 Crore
4131,Flat,Sindh,Karachi,"DHA Defence, Karachi, Sindh",3,3,144 Sq. Yd.,For Sale,7/4/2023,PKR2.2 Crore
4132,Flat,Sindh,Karachi,"DHA Defence, Karachi, Sindh",2,2,100 Sq. Yd.,For Sale,7/4/2023,PKR1.5 Crore
4133,Flat,Sindh,Karachi,"DHA Defence, Karachi, Sindh",3,3,194 Sq. Yd.,For Sale,7/4/2023,PKR3 Crore
4134,House,Sindh,Karachi,"Scheme 33, Karachi, Sindh",6,6,260 Sq. Yd.,For Sale,7/18/2023,PKR2.4 Crore
4135,House,Sindh,Karachi,"Malir, Karachi, Sindh",3,4,160 Sq. Yd.,For Sale,7/18/2023,PKR2.75 Crore
4136,Upper Portion,Sindh,Karachi,"Federal B Area, Karachi, Sindh",3,4,275 Sq. Yd.,For Sale,7/18/2023,PKR2.7 Crore
4137,Flat,Sindh,Karachi,"Federal B Area, Karachi, Sindh",2,2,55 Sq. Yd.,For Sale,7/18/2023,PKR55 Lakh
4138,House,Sindh,Karachi,"DHA Defence, Karachi, Sindh",-,-,"1,000 Sq. Yd.",For Sale,7/18/2023,PKR32 Crore
4139,Upper Portion,Sindh,Karachi,"Gulistan-e-Jauhar, Karachi, Sindh",2,2,70 Sq. Yd.,For Sale,7/18/2023,PKR65 Lakh
4140,Flat,Sindh,Karachi,"Gulistan-e-Jauhar, Karachi, Sindh",3,3,167 Sq. Yd.,For Sale,7/18/2023,PKR2.1 Crore
4141,Flat,Sindh,Karachi,"Gulistan-e-Jauhar, Karachi, Sindh",3,3,183 Sq. Yd.,For Sale,7/18/2023,PKR3 Crore
4142,Flat,Sindh,Karachi,"Jamshed Town, Karachi, Sindh",3,3,156 Sq. Yd.,For Sale,7/11/2023,PKR3.5 Crore
4143,Lower Portion,Sindh,Karachi,"Jamshed Town, Karachi, Sindh",4,4,244 Sq. Yd.,For Sale,7/11/2023,PKR4.5 Crore
4144,Flat,Sindh,Karachi,"Clifton, Karachi, Sindh",3,3,176 Sq. Yd.,For Sale,7/4/2023,PKR4.3 Crore
4145,Flat,Sindh,Karachi,"Clifton, Karachi, Sindh",4,4,267 Sq. Yd.,For Sale,7/4/2023,PKR4.5 Crore
4146,Flat,Sindh,Karachi,"Clifton, Karachi, Sindh",6,4,592 Sq. Yd.,For Sale,7/4/2023,PKR9.5 Crore
4147,House,Sindh,Karachi,"Malir, Karachi, Sindh",5,5,400 Sq. Yd.,For Sale,7/11/2023,PKR5.5 Crore
4148,Flat,Sindh,Karachi,"Clifton, Karachi, Sindh",2,2,120 Sq. Yd.,For Sale,7/11/2023,PKR1.5 Crore
4149,Flat,Sindh,Karachi,"Clifton, Karachi, Sindh",2,2,122 Sq. Yd.,For Sale,7/4/2023,PKR1.5 Crore
4150,Flat,Sindh,Karachi,"Gulistan-e-Jauhar, Karachi, Sindh",2,2,117 Sq. Yd.,For Sale,7/18/2023,PKR1.2 Crore
4151,House,Sindh,Karachi,"North Nazimabad, Karachi, Sindh",6,6,233 Sq. Yd.,For Sale,7/18/2023,PKR6.5 Crore
4152,House,Sindh,Karachi,"Bahria Town Karachi, Karachi, Sindh",5,5,275 Sq. Yd.,For Sale,7/18/2023,PKR4.3 Crore
4153,Flat,Sindh,Karachi,"North Nazimabad, Karachi, Sindh",3,3,156 Sq. Yd.,For Sale,7/18/2023,PKR2.4 Crore
4154,Flat,Sindh,Karachi,"North Nazimabad, Karachi, Sindh",2,2,111 Sq. Yd.,For Sale,7/18/2023,PKR1.65 Crore
4155,House,Sindh,Karachi,"DHA Defence, Karachi, Sindh",6,6,700 Sq. Yd.,For Sale,6/29/2023,PKR17.5 Crore
4156,Flat,Sindh,Karachi,"Gulshan-e-Iqbal Town, Karachi, Sindh",3,4,178 Sq. Yd.,For Sale,7/4/2023,PKR2.5 Crore
4157,Flat,Sindh,Karachi,"Defence View Society, Karachi, Sindh",3,2,133 Sq. Yd.,For Sale,7/2/2023,PKR2.2 Crore
4158,Flat,Sindh,Karachi,"Defence View Society, Karachi, Sindh",3,3,189 Sq. Yd.,For Sale,7/2/2023,PKR2.75 Crore
4159,Upper Portion,Sindh,Karachi,"Gulshan-e-Iqbal Town, Karachi, Sindh",3,3,240 Sq. Yd.,For Sale,7/4/2023,PKR2.6 Crore
4160,Lower Portion,Sindh,Karachi,"Gulshan-e-Iqbal Town, Karachi, Sindh",3,3,240 Sq. Yd.,For Sale,7/4/2023,PKR2.7 Crore
4161,Upper Portion,Sindh,Karachi,"North Nazimabad, Karachi, Sindh",3,3,200 Sq. Yd.,For Sale,7/4/2023,PKR2.3 Crore
4162,Flat,Sindh,Karachi,"Clifton, Karachi, Sindh",3,3,194 Sq. Yd.,For Sale,7/18/2023,PKR1.9 Crore
4163,Flat,Sindh,Karachi,"Shah Faisal Town, Karachi, Sindh",2,2,78 Sq. Yd.,For Sale,7/18/2023,PKR35 Lakh
4164,Flat,Sindh,Karachi,"Korangi, Karachi, Sindh",2,2,60 Sq. Yd.,For Sale,7/4/2023,PKR24 Lakh
4165,Flat,Sindh,Karachi,"Korangi, Karachi, Sindh",1,2,50 Sq. Yd.,For Sale,7/4/2023,PKR18 Lakh
4166,Flat,Sindh,Karachi,"Clifton, Karachi, Sindh",-,3,183 Sq. Yd.,For Sale,7/4/2023,PKR1.65 Crore
4167,Flat,Sindh,Karachi,"Saddar Town, Karachi, Sindh",3,3,183 Sq. Yd.,For Sale,7/4/2023,PKR2.8 Crore
4168,Flat,Sindh,Karachi,"Clifton, Karachi, Sindh",3,3,183 Sq. Yd.,For Sale,7/4/2023,PKR2 Crore
4169,Flat,Sindh,Karachi,"Bahria Town Karachi, Karachi, Sindh",2,2,122 Sq. Yd.,For Sale,7/11/2023,PKR65 Lakh
4170,Flat,Sindh,Karachi,"DHA Defence, Karachi, Sindh",3,2,182 Sq. Yd.,For Sale,6/27/2023,PKR4.8 Crore
4171,House,Sindh,Karachi,"Scheme 33, Karachi, Sindh",5,4,120 Sq. Yd.,For Sale,7/4/2023,PKR2.75 Crore
4172,Flat,Sindh,Karachi,"DHA Defence, Karachi, Sindh",3,2,194 Sq. Yd.,For Sale,6/30/2023,PKR3.75 Crore
4173,House,Sindh,Karachi,"Scheme 33, Karachi, Sindh",6,6,200 Sq. Yd.,For Sale,7/4/2023,PKR4.25 Crore
4174,Flat,Sindh,Karachi,"DHA Defence, Karachi, Sindh",2,2,128 Sq. Yd.,For Sale,7/4/2023,PKR2.25 Crore
4175,Flat,Sindh,Karachi,"Bahria Town Karachi, Karachi, Sindh",2,2,106 Sq. Yd.,For Sale,7/18/2023,PKR78 Lakh
4176,Flat,Sindh,Karachi,"Bahria Town Karachi, Karachi, Sindh",3,3,300 Sq. Yd.,For Sale,7/18/2023,PKR1.4 Crore
4177,Flat,Sindh,Karachi,"Bahria Town Karachi, Karachi, Sindh",4,4,400 Sq. Yd.,For Sale,7/18/2023,PKR2.25 Crore
4178,Flat,Sindh,Karachi,"Bahria Town Karachi, Karachi, Sindh",2,2,122 Sq. Yd.,For Sale,7/18/2023,PKR82 Lakh
4179,Flat,Sindh,Karachi,"Bahria Town Karachi, Karachi, Sindh",2,2,106 Sq. Yd.,For Sale,7/18/2023,PKR83 Lakh
4180,Upper Portion,Sindh,Karachi,"Jamshed Town, Karachi, Sindh",4,4,300 Sq. Yd.,For Sale,7/4/2023,PKR4.25 Crore
4181,Upper Portion,Sindh,Karachi,"Jamshed Town, Karachi, Sindh",4,4,300 Sq. Yd.,For Sale,7/18/2023,PKR5 Crore
4182,Flat,Sindh,Karachi,"Shahra-e-Faisal, Karachi, Sindh",3,3,222 Sq. Yd.,For Sale,7/4/2023,PKR4.75 Crore
4183,Flat,Sindh,Karachi,"DHA Defence, Karachi, Sindh",3,3,133 Sq. Yd.,For Sale,7/18/2023,PKR2.05 Crore
4184,Flat,Sindh,Karachi,"Shaheed Millat Road, Karachi, Sindh",3,3,178 Sq. Yd.,For Sale,7/18/2023,PKR5.25 Crore
4185,Flat,Sindh,Karachi,"Shaheed Millat Road, Karachi, Sindh",2,2,106 Sq. Yd.,For Sale,7/4/2023,PKR2.65 Crore
4186,House,Sindh,Karachi,"DHA Defence, Karachi, Sindh",6,6,"2,000 Sq. Yd.",For Sale,7/2/2023,PKR48 Crore
4187,House,Sindh,Karachi,"DHA Defence, Karachi, Sindh",6,6,"1,000 Sq. Yd.",For Sale,7/18/2023,PKR23.75 Crore
4188,House,Sindh,Karachi,"DHA Defence, Karachi, Sindh",8,6,"1,000 Sq. Yd.",For Sale,7/18/2023,PKR33 Crore
4189,House,Sindh,Karachi,"DHA Defence, Karachi, Sindh",7,6,666 Sq. Yd.,For Sale,7/18/2023,PKR17 Crore
4190,House,Sindh,Karachi,"Bahria Town Karachi, Karachi, Sindh",5,4,182 Sq. Yd.,For Sale,7/18/2023,PKR1.8 Crore
4191,Flat,Sindh,Karachi,"DHA Defence, Karachi, Sindh",3,2,180 Sq. Yd.,For Sale,6/27/2023,PKR3.5 Crore
4192,House,Sindh,Karachi,"Scheme 33, Karachi, Sindh",6,4,120 Sq. Yd.,For Sale,7/4/2023,PKR2.85 Crore
4193,House,Sindh,Karachi,"Scheme 33, Karachi, Sindh",5,4,120 Sq. Yd.,For Sale,7/4/2023,PKR2.18 Crore
4194,House,Sindh,Karachi,"Scheme 33, Karachi, Sindh",5,4,120 Sq. Yd.,For Sale,7/4/2023,PKR3.2 Crore
4195,Flat,Sindh,Karachi,"DHA Defence, Karachi, Sindh",2,1,237 Sq. Yd.,For Sale,6/27/2023,PKR2.94 Crore
4196,House,Sindh,Karachi,"Gulshan-e-Iqbal Town, Karachi, Sindh",6,6,120 Sq. Yd.,For Sale,7/4/2023,PKR2.4 Crore
4197,Flat,Sindh,Karachi,"Bahria Town Karachi, Karachi, Sindh",4,4,328 Sq. Yd.,For Sale,7/11/2023,PKR2.5 Crore
4198,Flat,Sindh,Karachi,"Bahria Town Karachi, Karachi, Sindh",2,2,122 Sq. Yd.,For Sale,7/11/2023,PKR70 Lakh
4199,House,Sindh,Karachi,"Bahria Town Karachi, Karachi, Sindh",3,3,235 Sq. Yd.,For Sale,7/4/2023,PKR1.52 Crore
4200,House,Sindh,Karachi,"DHA Defence, Karachi, Sindh",6,6,500 Sq. Yd.,For Sale,7/25/2023,PKR12 Crore
4201,House,Sindh,Karachi,"Gulshan-e-Usman Housing Society, Karachi, Sindh",6,6,120 Sq. Yd.,For Sale,7/25/2023,PKR1.9 Crore
4202,House,Sindh,Karachi,"Scheme 33, Karachi, Sindh",6,6,120 Sq. Yd.,For Sale,7/25/2023,PKR1.9 Crore
4203,Flat,Sindh,Karachi,"Mehmoodabad, Karachi, Sindh",3,3,90 Sq. Yd.,For Sale,7/4/2023,PKR62 Lakh
4204,Flat,Sindh,Karachi,"Jamshed Town, Karachi, Sindh",3,4,189 Sq. Yd.,For Sale,7/4/2023,PKR2 Crore
4205,House,Sindh,Karachi,"North Nazimabad, Karachi, Sindh",6,5,500 Sq. Yd.,For Sale,7/25/2023,PKR9.15 Crore
4206,House,Sindh,Karachi,"North Nazimabad, Karachi, Sindh",6,5,450 Sq. Yd.,For Sale,7/25/2023,PKR10.5 Crore
4207,House,Sindh,Karachi,"North Nazimabad, Karachi, Sindh",6,8,600 Sq. Yd.,For Sale,7/25/2023,PKR13 Crore
4208,House,Sindh,Karachi,"North Nazimabad, Karachi, Sindh",6,6,500 Sq. Yd.,For Sale,7/25/2023,PKR12 Crore
4209,House,Sindh,Karachi,"North Nazimabad, Karachi, Sindh",6,7,500 Sq. Yd.,For Sale,7/25/2023,PKR13.5 Crore
4210,House,Sindh,Karachi,"North Nazimabad, Karachi, Sindh",6,8,470 Sq. Yd.,For Sale,7/25/2023,PKR6.5 Crore
4211,Flat,Sindh,Karachi,"Malir, Karachi, Sindh",4,3,250 Sq. Yd.,For Sale,7/11/2023,PKR3.29 Crore
4212,House,Sindh,Karachi,"Gadap Town, Karachi, Sindh",4,4,120 Sq. Yd.,For Sale,7/25/2023,PKR1.85 Crore
4213,Flat,Sindh,Karachi,"Bahria Town Karachi, Karachi, Sindh",3,3,250 Sq. Yd.,For Sale,7/25/2023,PKR1.95 Crore
4214,Flat,Sindh,Karachi,"Clifton, Karachi, Sindh",3,3,222 Sq. Yd.,For Sale,7/4/2023,PKR5 Crore
4215,Flat,Sindh,Karachi,"Gulistan-e-Jauhar, Karachi, Sindh",3,3,183 Sq. Yd.,For Sale,7/25/2023,PKR1.85 Crore
4216,House,Sindh,Karachi,"Bahria Town Karachi, Karachi, Sindh",4,4,350 Sq. Yd.,For Sale,7/11/2023,PKR2.2 Crore
4217,House,Sindh,Karachi,"Bahria Town Karachi, Karachi, Sindh",3,3,152 Sq. Yd.,For Sale,7/11/2023,PKR1.55 Crore
4218,House,Sindh,Karachi,"Bahria Town Karachi, Karachi, Sindh",3,3,152 Sq. Yd.,For Sale,7/11/2023,PKR1.75 Crore
4219,House,Sindh,Karachi,"Bahria Town Karachi, Karachi, Sindh",3,3,152 Sq. Yd.,For Sale,7/11/2023,PKR2 Crore
4220,House,Sindh,Karachi,"Bahria Town Karachi, Karachi, Sindh",3,3,200 Sq. Yd.,For Sale,7/11/2023,PKR2 Crore
4221,Flat,Sindh,Karachi,"Malir, Karachi, Sindh",2,2,78 Sq. Yd.,For Sale,7/4/2023,PKR74 Lakh
4222,House,Sindh,Karachi,"Scheme 33, Karachi, Sindh",2,2,200 Sq. Yd.,For Sale,7/4/2023,PKR3.1 Crore
4223,Flat,Sindh,Karachi,"Korangi, Karachi, Sindh",1,2,50 Sq. Yd.,For Sale,7/4/2023,PKR18 Lakh
4224,Flat,Sindh,Karachi,"Korangi, Karachi, Sindh",1,2,50 Sq. Yd.,For Sale,7/4/2023,PKR16 Lakh
4225,Flat,Sindh,Karachi,"Korangi, Karachi, Sindh",1,2,50 Sq. Yd.,For Sale,7/18/2023,PKR18 Lakh
4226,Flat,Sindh,Karachi,"Korangi, Karachi, Sindh",1,2,50 Sq. Yd.,For Sale,7/4/2023,PKR18 Lakh
4227,House,Sindh,Karachi,"Gulshan-e-Iqbal Town, Karachi, Sindh",-,8,600 Sq. Yd.,For Sale,7/4/2023,PKR14.25 Crore
4228,Flat,Sindh,Karachi,"DHA Defence, Karachi, Sindh",2,2,100 Sq. Yd.,For Sale,7/11/2023,PKR82 Lakh
4229,Flat,Sindh,Karachi,"Gulshan-e-Iqbal Town, Karachi, Sindh",3,3,144 Sq. Yd.,For Sale,7/18/2023,PKR1.1 Crore
4230,Flat,Sindh,Karachi,"DHA Defence, Karachi, Sindh",4,3,200 Sq. Yd.,For Sale,7/4/2023,PKR3.4 Crore
4231,House,Sindh,Karachi,"Karachi Motorway, Karachi, Sindh",3,4,160 Sq. Yd.,For Sale,7/18/2023,PKR1.6 Crore
4232,House,Sindh,Karachi,"Cantt, Karachi, Sindh",5,5,375 Sq. Yd.,For Sale,7/18/2023,PKR7.2 Crore
4233,House,Sindh,Karachi,"Cantt, Karachi, Sindh",5,5,375 Sq. Yd.,For Sale,7/18/2023,PKR7.25 Crore
4234,Flat,Sindh,Karachi,"Gulistan-e-Jauhar, Karachi, Sindh",-,-,117 Sq. Yd.,For Sale,6/28/2023,PKR95 Lakh
4235,Flat,Sindh,Karachi,"Civil Lines, Karachi, Sindh",4,3,200 Sq. Yd.,For Sale,7/18/2023,PKR4.5 Crore
4236,Flat,Sindh,Karachi,"Clifton, Karachi, Sindh",3,2,133 Sq. Yd.,For Sale,7/18/2023,PKR3.25 Crore
4237,House,Sindh,Karachi,"Gulshan-e-Iqbal Town, Karachi, Sindh",4,3,400 Sq. Yd.,For Sale,7/18/2023,PKR6.9 Crore
4238,Flat,Sindh,Karachi,"Gulshan-e-Iqbal Town, Karachi, Sindh",2,2,106 Sq. Yd.,For Sale,7/18/2023,PKR90 Lakh
4239,Flat,Sindh,Karachi,"Federal B Area, Karachi, Sindh",3,3,166 Sq. Yd.,For Sale,6/28/2023,PKR1.9 Crore
4240,House,Sindh,Karachi,"Bahria Town Karachi, Karachi, Sindh",2,2,200 Sq. Yd.,For Sale,7/11/2023,PKR1.65 Crore
4241,House,Sindh,Karachi,"Bahria Town Karachi, Karachi, Sindh",2,2,200 Sq. Yd.,For Sale,7/11/2023,PKR1.32 Crore
4242,House,Sindh,Karachi,"North Karachi, Karachi, Sindh",6,6,120 Sq. Yd.,For Sale,7/11/2023,PKR3 Crore
4243,Flat,Sindh,Karachi,"DHA Defence, Karachi, Sindh",5,4,294 Sq. Yd.,For Sale,6/27/2023,PKR7.8 Crore
4244,House,Sindh,Karachi,"North Karachi, Karachi, Sindh",3,3,288 Sq. Yd.,For Sale,7/11/2023,PKR3.2 Crore
4245,Upper Portion,Sindh,Karachi,"North Karachi, Karachi, Sindh",2,2,100 Sq. Yd.,For Sale,7/11/2023,PKR58 Lakh
4246,Flat,Sindh,Karachi,"DHA Defence, Karachi, Sindh",5,4,294 Sq. Yd.,For Sale,6/30/2023,PKR8.35 Crore
4247,Upper Portion,Sindh,Karachi,"North Karachi, Karachi, Sindh",2,2,100 Sq. Yd.,For Sale,7/11/2023,PKR80 Lakh
4248,Flat,Sindh,Karachi,"Bahria Town Karachi, Karachi, Sindh",2,2,106 Sq. Yd.,For Sale,7/18/2023,PKR78 Lakh
4249,Flat,Sindh,Karachi,"Bahria Town Karachi, Karachi, Sindh",3,3,300 Sq. Yd.,For Sale,7/18/2023,PKR1.4 Crore
4250,Flat,Sindh,Karachi,"Bahria Town Karachi, Karachi, Sindh",2,2,400 Sq. Yd.,For Sale,7/18/2023,PKR2.24 Crore
4251,Flat,Sindh,Karachi,"Bahria Town Karachi, Karachi, Sindh",2,2,106 Sq. Yd.,For Sale,7/18/2023,PKR83 Lakh
4252,Flat,Sindh,Karachi,"Bahria Town Karachi, Karachi, Sindh",3,3,300 Sq. Yd.,For Sale,7/18/2023,PKR1.4 Crore
4253,Flat,Sindh,Karachi,"Bahria Town Karachi, Karachi, Sindh",4,4,400 Sq. Yd.,For Sale,7/18/2023,PKR2.25 Crore
4254,Flat,Sindh,Karachi,"Bahria Town Karachi, Karachi, Sindh",2,2,122 Sq. Yd.,For Sale,7/18/2023,PKR83 Lakh
4255,Flat,Sindh,Karachi,"Gadap Town, Karachi, Sindh",2,4,122 Sq. Yd.,For Sale,7/18/2023,PKR1.1 Crore
4256,House,Sindh,Karachi,"DHA Defence, Karachi, Sindh",6,5,600 Sq. Yd.,For Sale,6/30/2023,PKR9.85 Crore
4257,House,Sindh,Karachi,"DHA Defence, Karachi, Sindh",6,6,600 Sq. Yd.,For Sale,7/18/2023,PKR9.9 Crore
4258,Flat,Sindh,Karachi,"DHA Defence, Karachi, Sindh",3,3,167 Sq. Yd.,For Sale,7/18/2023,PKR2.65 Crore
4259,Flat,Sindh,Karachi,"Clifton, Karachi, Sindh",3,3,188 Sq. Yd.,For Sale,7/18/2023,PKR2.9 Crore
4260,Lower Portion,Sindh,Karachi,"North Nazimabad, Karachi, Sindh",3,3,200 Sq. Yd.,For Sale,7/18/2023,PKR1.75 Crore
4261,Flat,Sindh,Karachi,"DHA Defence, Karachi, Sindh",3,3,189 Sq. Yd.,For Sale,7/18/2023,PKR2.5 Crore
4262,Flat,Sindh,Karachi,"P & T Colony, Karachi, Sindh",2,3,144 Sq. Yd.,For Sale,7/18/2023,PKR80 Lakh
4263,Flat,Sindh,Karachi,"Bath Island, Karachi, Sindh",4,3,267 Sq. Yd.,For Sale,7/4/2023,PKR8.25 Crore
4264,House,Sindh,Karachi,"DHA Defence, Karachi, Sindh",6,6,650 Sq. Yd.,For Sale,7/4/2023,PKR13.5 Crore
4265,Flat,Sindh,Karachi,"DHA Defence, Karachi, Sindh",5,4,294 Sq. Yd.,For Sale,6/30/2023,PKR8.35 Crore
4266,Upper Portion,Sindh,Karachi,"North Karachi, Karachi, Sindh",2,2,100 Sq. Yd.,For Sale,7/11/2023,PKR80 Lakh
4267,House,Sindh,Karachi,"North Karachi, Karachi, Sindh",4,4,120 Sq. Yd.,For Sale,7/11/2023,PKR2.15 Crore
4268,Upper Portion,Sindh,Karachi,"North Karachi, Karachi, Sindh",3,3,240 Sq. Yd.,For Sale,7/11/2023,PKR1.35 Crore
4269,House,Sindh,Karachi,"North Karachi, Karachi, Sindh",3,3,200 Sq. Yd.,For Sale,7/11/2023,PKR2.18 Crore
4270,Upper Portion,Sindh,Karachi,"North Karachi, Karachi, Sindh",3,3,135 Sq. Yd.,For Sale,7/11/2023,PKR75 Lakh
4271,House,Sindh,Karachi,"North Karachi, Karachi, Sindh",6,6,120 Sq. Yd.,For Sale,7/11/2023,PKR1.75 Crore
4272,House,Sindh,Karachi,"North Karachi, Karachi, Sindh",5,7,120 Sq. Yd.,For Sale,7/11/2023,PKR2.15 Crore
4273,House,Sindh,Karachi,"Guru Mandir Chorangi, Karachi, Sindh",3,3,150 Sq. Yd.,For Sale,7/11/2023,PKR2 Crore
4274,House,Sindh,Karachi,"Bahria Town Karachi, Karachi, Sindh",3,3,125 Sq. Yd.,For Sale,7/4/2023,PKR1.38 Crore
4275,House,Sindh,Karachi,"Bahria Town Karachi, Karachi, Sindh",3,3,235 Sq. Yd.,For Sale,7/18/2023,PKR1.34 Crore
4276,Flat,Sindh,Karachi,"Gulistan-e-Jauhar, Karachi, Sindh",5,4,222 Sq. Yd.,For Sale,7/18/2023,PKR2.85 Crore
4277,House,Sindh,Karachi,"Gulistan-e-Jauhar, Karachi, Sindh",6,8,200 Sq. Yd.,For Sale,7/18/2023,PKR4.85 Crore
4278,House,Sindh,Karachi,"Gulistan-e-Jauhar, Karachi, Sindh",6,6,200 Sq. Yd.,For Sale,7/18/2023,PKR3.75 Crore
4279,Flat,Sindh,Karachi,"Jamshed Town, Karachi, Sindh",4,4,256 Sq. Yd.,For Sale,7/18/2023,PKR5.5 Crore
4280,Flat,Sindh,Karachi,"Gulistan-e-Jauhar, Karachi, Sindh",3,3,183 Sq. Yd.,For Sale,7/18/2023,PKR2.8 Crore
4281,House,Sindh,Karachi,"Scheme 33, Karachi, Sindh",5,4,120 Sq. Yd.,For Sale,7/18/2023,PKR2.7 Crore
4282,Flat,Sindh,Karachi,"Gulshan-e-Iqbal Town, Karachi, Sindh",2,2,111 Sq. Yd.,For Sale,7/18/2023,PKR1.05 Crore
4283,House,Sindh,Karachi,"Gulistan-e-Jauhar, Karachi, Sindh",5,4,100 Sq. Yd.,For Sale,7/18/2023,PKR2.25 Crore
4284,Flat,Sindh,Karachi,"Tipu Sultan Road, Karachi, Sindh",4,3,267 Sq. Yd.,For Sale,7/18/2023,PKR6 Crore
4285,Flat,Sindh,Karachi,"Gulistan-e-Jauhar, Karachi, Sindh",5,4,267 Sq. Yd.,For Sale,7/18/2023,PKR3.5 Crore
4286,House,Sindh,Karachi,"Gadap Town, Karachi, Sindh",6,6,266 Sq. Yd.,For Sale,7/18/2023,PKR5.4 Crore
4287,House,Sindh,Karachi,"Naya Nazimabad, Karachi, Sindh",4,4,120 Sq. Yd.,For Sale,7/18/2023,PKR2.85 Crore
4288,House,Sindh,Karachi,"Naya Nazimabad, Karachi, Sindh",4,4,120 Sq. Yd.,For Sale,7/18/2023,PKR3.1 Crore
4289,Upper Portion,Sindh,Karachi,"North Nazimabad, Karachi, Sindh",3,3,200 Sq. Yd.,For Sale,7/18/2023,PKR1.8 Crore
4290,House,Sindh,Karachi,"North Karachi, Karachi, Sindh",4,4,120 Sq. Yd.,For Sale,7/11/2023,PKR1.78 Crore
4291,House,Sindh,Karachi,"North Karachi, Karachi, Sindh",5,4,120 Sq. Yd.,For Sale,7/11/2023,PKR2.65 Crore
4292,Flat,Sindh,Karachi,"North Karachi, Karachi, Sindh",1,1,44 Sq. Yd.,For Sale,7/11/2023,PKR25 Lakh
4293,House,Sindh,Karachi,"North Karachi, Karachi, Sindh",5,6,120 Sq. Yd.,For Sale,7/11/2023,PKR2 Crore
4294,Flat,Sindh,Karachi,"North Karachi, Karachi, Sindh",2,2,89 Sq. Yd.,For Sale,7/11/2023,PKR40 Lakh
4295,Flat,Sindh,Karachi,"North Karachi, Karachi, Sindh",2,2,94 Sq. Yd.,For Sale,7/11/2023,PKR58 Lakh
4296,House,Sindh,Karachi,"North Karachi, Karachi, Sindh",6,10,120 Sq. Yd.,For Sale,7/11/2023,PKR2.1 Crore
4297,Flat,Sindh,Karachi,"DHA Defence, Karachi, Sindh",2,2,106 Sq. Yd.,For Sale,6/27/2023,PKR1.3 Crore
4298,House,Sindh,Karachi,"Malir, Karachi, Sindh",5,4,100 Sq. Yd.,For Sale,7/18/2023,PKR2.2 Crore
4299,Flat,Sindh,Karachi,"North Karachi, Karachi, Sindh",2,2,288 Sq. Yd.,For Sale,7/18/2023,PKR3.5 Crore
4300,House,Sindh,Karachi,"Bahria Town Karachi, Karachi, Sindh",3,3,200 Sq. Yd.,For Sale,7/18/2023,PKR2.24 Crore
4301,House,Sindh,Karachi,"Bahria Town Karachi, Karachi, Sindh",3,3,152 Sq. Yd.,For Sale,7/18/2023,PKR1.74 Crore
4302,House,Sindh,Karachi,"Bahria Town Karachi, Karachi, Sindh",3,3,200 Sq. Yd.,For Sale,7/18/2023,PKR1.67 Crore
4303,House,Sindh,Karachi,"Bahria Town Karachi, Karachi, Sindh",3,3,200 Sq. Yd.,For Sale,7/18/2023,PKR1.68 Crore
4304,Flat,Sindh,Karachi,"Bahria Town Karachi, Karachi, Sindh",3,3,106 Sq. Yd.,For Sale,7/18/2023,PKR78 Lakh
4305,Flat,Sindh,Karachi,"Bahria Town Karachi, Karachi, Sindh",2,2,122 Sq. Yd.,For Sale,7/18/2023,PKR66 Lakh
4306,House,Sindh,Karachi,"Bahria Town Karachi, Karachi, Sindh",3,3,200 Sq. Yd.,For Sale,7/18/2023,PKR1.68 Crore
4307,House,Sindh,Karachi,"Bahria Town Karachi, Karachi, Sindh",3,3,152 Sq. Yd.,For Sale,7/18/2023,PKR1.45 Crore
4308,House,Sindh,Karachi,"Bahria Town Karachi, Karachi, Sindh",3,3,152 Sq. Yd.,For Sale,7/18/2023,PKR1.32 Crore
4309,House,Sindh,Karachi,"DHA Defence, Karachi, Sindh",6,7,"1,000 Sq. Yd.",For Sale,6/27/2023,PKR32 Crore
4310,House,Sindh,Karachi,"DHA Defence, Karachi, Sindh",6,6,500 Sq. Yd.,For Sale,6/27/2023,PKR13 Crore
4311,House,Sindh,Karachi,"DHA Defence, Karachi, Sindh",6,6,"1,000 Sq. Yd.",For Sale,6/27/2023,PKR22 Crore
4312,House,Sindh,Karachi,"DHA Defence, Karachi, Sindh",5,5,500 Sq. Yd.,For Sale,6/27/2023,PKR12 Crore
4313,Flat,Sindh,Karachi,"DHA Defence, Karachi, Sindh",3,3,100 Sq. Yd.,For Sale,7/4/2023,PKR1.68 Crore
4314,House,Sindh,Karachi,"DHA Defence, Karachi, Sindh",6,6,"1,000 Sq. Yd.",For Sale,6/27/2023,PKR23 Crore
4315,Flat,Sindh,Karachi,"DHA Defence, Karachi, Sindh",2,2,56 Sq. Yd.,For Sale,6/27/2023,PKR65 Lakh
4316,House,Sindh,Karachi,"DHA Defence, Karachi, Sindh",5,6,500 Sq. Yd.,For Sale,6/27/2023,PKR9 Crore
4317,Flat,Sindh,Karachi,"Clifton, Karachi, Sindh",4,4,300 Sq. Yd.,For Sale,6/27/2023,PKR8 Crore
4318,House,Sindh,Karachi,"DHA Defence, Karachi, Sindh",6,6,500 Sq. Yd.,For Sale,6/27/2023,PKR15 Crore
4319,Flat,Sindh,Karachi,"DHA Defence, Karachi, Sindh",2,2,106 Sq. Yd.,For Sale,6/27/2023,PKR98 Lakh
4320,House,Sindh,Karachi,"DHA Defence, Karachi, Sindh",6,6,500 Sq. Yd.,For Sale,6/27/2023,PKR10 Crore
4321,House,Sindh,Karachi,"DHA Defence, Karachi, Sindh",6,6,500 Sq. Yd.,For Sale,6/27/2023,PKR16.9 Crore
4322,House,Sindh,Karachi,"DHA Defence, Karachi, Sindh",6,6,500 Sq. Yd.,For Sale,6/27/2023,PKR16 Crore
4323,House,Sindh,Karachi,"DHA Defence, Karachi, Sindh",5,5,500 Sq. Yd.,For Sale,6/27/2023,PKR11 Crore
4324,House,Sindh,Karachi,"Gulshan-e-Iqbal Town, Karachi, Sindh",6,6,240 Sq. Yd.,For Sale,6/27/2023,PKR6 Crore
4325,Flat,Sindh,Karachi,"North Nazimabad, Karachi, Sindh",3,3,122 Sq. Yd.,For Sale,7/18/2023,PKR1.55 Crore
4326,Flat,Sindh,Karachi,"Navy Housing Scheme Karsaz, Karachi, Sindh",6,5,467 Sq. Yd.,For Sale,7/18/2023,PKR8.1 Crore
4327,House,Sindh,Karachi,"Zamzama, Karachi, Sindh",5,5,350 Sq. Yd.,For Sale,7/18/2023,PKR20.5 Crore
4328,Flat,Sindh,Karachi,"Navy Housing Scheme Karsaz, Karachi, Sindh",6,5,467 Sq. Yd.,For Sale,7/4/2023,PKR8.25 Crore
4329,Flat,Sindh,Karachi,"Gulshan-e-Iqbal Town, Karachi, Sindh",3,3,178 Sq. Yd.,For Sale,7/4/2023,PKR1.8 Crore
4330,Flat,Sindh,Karachi,"DHA Defence, Karachi, Sindh",3,3,178 Sq. Yd.,For Sale,7/4/2023,PKR2.9 Crore
4331,Flat,Sindh,Karachi,"Federal B Area, Karachi, Sindh",2,2,139 Sq. Yd.,For Sale,7/18/2023,PKR1.3 Crore
4332,Flat,Sindh,Karachi,"Gulshan-e-Iqbal Town, Karachi, Sindh",2,2,139 Sq. Yd.,For Sale,7/18/2023,PKR1.3 Crore
4333,Flat,Sindh,Karachi,"Federal B Area, Karachi, Sindh",4,3,185 Sq. Yd.,For Sale,7/18/2023,PKR1.8 Crore
4334,Flat,Sindh,Karachi,"Gulshan-e-Iqbal Town, Karachi, Sindh",3,3,160 Sq. Yd.,For Sale,7/18/2023,PKR1.75 Crore
4335,Flat,Sindh,Karachi,"Gulshan-e-Iqbal Town, Karachi, Sindh",3,3,160 Sq. Yd.,For Sale,7/18/2023,PKR1.75 Crore
4336,Flat,Sindh,Karachi,"Gulshan-e-Iqbal Town, Karachi, Sindh",4,4,233 Sq. Yd.,For Sale,7/18/2023,PKR2.6 Crore
4337,Flat,Sindh,Karachi,"DHA Defence, Karachi, Sindh",4,3,178 Sq. Yd.,For Sale,7/18/2023,PKR3 Crore
4338,Flat,Sindh,Karachi,"Gulshan-e-Iqbal Town, Karachi, Sindh",3,3,161 Sq. Yd.,For Sale,7/18/2023,PKR1.7 Crore
4339,Lower Portion,Sindh,Karachi,"Nazimabad, Karachi, Sindh",3,3,216 Sq. Yd.,For Sale,7/11/2023,PKR1.75 Crore
4340,House,Sindh,Karachi,"DHA Defence, Karachi, Sindh",6,6,500 Sq. Yd.,For Sale,6/27/2023,PKR18.25 Crore
4341,Flat,Sindh,Karachi,"DHA Defence, Karachi, Sindh",4,4,417 Sq. Yd.,For Sale,6/27/2023,PKR7.6 Crore
4342,Flat,Sindh,Karachi,"DHA Defence, Karachi, Sindh",4,4,417 Sq. Yd.,For Sale,6/27/2023,PKR7.7 Crore
4343,House,Sindh,Karachi,"DHA Defence, Karachi, Sindh",6,6,"1,000 Sq. Yd.",For Sale,6/27/2023,PKR21.5 Crore
4344,Flat,Sindh,Karachi,"DHA Defence, Karachi, Sindh",4,4,418 Sq. Yd.,For Sale,6/27/2023,PKR7.9 Crore
4345,Flat,Sindh,Karachi,"DHA Defence, Karachi, Sindh",2,2,178 Sq. Yd.,For Sale,6/27/2023,PKR5.75 Crore
4346,House,Sindh,Karachi,"Malir, Karachi, Sindh",3,3,200 Sq. Yd.,For Sale,7/11/2023,PKR3 Crore
4347,House,Sindh,Karachi,"Malir, Karachi, Sindh",4,4,120 Sq. Yd.,For Sale,7/11/2023,PKR1.9 Crore
4348,Flat,Sindh,Karachi,"Cantt, Karachi, Sindh",2,2,117 Sq. Yd.,For Sale,7/18/2023,PKR99 Lakh
4349,Flat,Sindh,Karachi,"Gulistan-e-Jauhar, Karachi, Sindh",2,2,117 Sq. Yd.,For Sale,7/18/2023,PKR99 Lakh
4350,Flat,Sindh,Karachi,"Frere Town, Karachi, Sindh",2,2,122 Sq. Yd.,For Sale,7/18/2023,PKR3.15 Crore
4351,House,Sindh,Karachi,"North Karachi, Karachi, Sindh",3,3,240 Sq. Yd.,For Sale,7/18/2023,PKR3.5 Crore
4352,Flat,Sindh,Karachi,"DHA Defence, Karachi, Sindh",2,2,111 Sq. Yd.,For Sale,7/18/2023,PKR1.25 Crore
4353,Flat,Sindh,Karachi,"DHA Defence, Karachi, Sindh",2,2,100 Sq. Yd.,For Sale,7/18/2023,PKR1 Crore
4354,Flat,Sindh,Karachi,"KN Gohar Green City, Karachi, Sindh",1,1,44 Sq. Yd.,For Sale,7/3/2023,PKR39 Lakh
4355,House,Sindh,Karachi,"KN Gohar Green City, Karachi, Sindh",2,2,120 Sq. Yd.,For Sale,7/3/2023,PKR1.55 Crore
4356,House,Sindh,Karachi,"KN Gohar Green City, Karachi, Sindh",2,2,80 Sq. Yd.,For Sale,7/3/2023,PKR95 Lakh
4357,Flat,Sindh,Karachi,"Gulshan-e-Iqbal Town, Karachi, Sindh",5,4,244 Sq. Yd.,For Sale,7/18/2023,PKR2.7 Crore
4358,Flat,Sindh,Karachi,"Jamshed Town, Karachi, Sindh",3,3,167 Sq. Yd.,For Sale,7/18/2023,PKR2.9 Crore
4359,Flat,Sindh,Karachi,"Clifton, Karachi, Sindh",3,3,200 Sq. Yd.,For Sale,7/18/2023,PKR2.9 Crore
4360,Flat,Sindh,Karachi,"Old Clifton, Karachi, Sindh",4,4,333 Sq. Yd.,For Sale,6/27/2023,PKR8 Crore
4361,House,Sindh,Karachi,"Malir, Karachi, Sindh",6,6,120 Sq. Yd.,For Sale,7/18/2023,PKR3.25 Crore
4362,House,Sindh,Karachi,"Bahria Town Karachi, Karachi, Sindh",5,4,125 Sq. Yd.,For Sale,7/4/2023,PKR1.43 Crore
4363,Flat,Sindh,Karachi,"Scheme 33, Karachi, Sindh",2,2,117 Sq. Yd.,For Sale,7/18/2023,PKR1.2 Crore
4364,Flat,Sindh,Karachi,"Chapal Courtyard, Karachi, Sindh",2,1,117 Sq. Yd.,For Sale,7/18/2023,PKR87 Lakh
4365,House,Sindh,Karachi,"Malir, Karachi, Sindh",4,4,120 Sq. Yd.,For Sale,7/11/2023,PKR2.1 Crore
4366,Flat,Sindh,Karachi,"DHA Defence, Karachi, Sindh",4,3,356 Sq. Yd.,For Sale,6/27/2023,PKR6.2 Crore
4367,Flat,Sindh,Karachi,"DHA Defence, Karachi, Sindh",4,3,356 Sq. Yd.,For Sale,6/27/2023,PKR6.25 Crore
4368,Flat,Sindh,Karachi,"DHA Defence, Karachi, Sindh",4,3,356 Sq. Yd.,For Sale,6/27/2023,PKR6.9 Crore
4369,Flat,Sindh,Karachi,"DHA Defence, Karachi, Sindh",4,3,356 Sq. Yd.,For Sale,6/27/2023,PKR6.25 Crore
4370,House,Sindh,Karachi,"Bahria Town Karachi, Karachi, Sindh",3,3,152 Sq. Yd.,For Sale,7/11/2023,PKR1.38 Crore
4371,House,Sindh,Karachi,"Bahria Town Karachi, Karachi, Sindh",3,3,152 Sq. Yd.,For Sale,7/11/2023,PKR1.45 Crore
4372,House,Sindh,Karachi,"Scheme 33, Karachi, Sindh",5,4,120 Sq. Yd.,For Sale,6/27/2023,PKR2.49 Crore
4373,Lower Portion,Sindh,Karachi,"Federal B Area, Karachi, Sindh",3,3,120 Sq. Yd.,For Sale,7/18/2023,PKR82 Lakh
4374,Flat,Sindh,Karachi,"Gulshan-e-Iqbal Town, Karachi, Sindh",2,2,111 Sq. Yd.,For Sale,7/25/2023,PKR1.1 Crore
4375,House,Sindh,Karachi,"Gulistan-e-Jauhar, Karachi, Sindh",4,4,240 Sq. Yd.,For Sale,7/25/2023,PKR3.35 Crore
4376,House,Sindh,Karachi,"Cantt, Karachi, Sindh",5,5,375 Sq. Yd.,For Sale,7/25/2023,PKR7.15 Crore
4377,Flat,Sindh,Karachi,"DHA Defence, Karachi, Sindh",3,3,161 Sq. Yd.,For Sale,7/25/2023,PKR2.1 Crore
4378,House,Sindh,Karachi,"Gulshan-e-Iqbal Town, Karachi, Sindh",4,4,"1,000 Sq. Yd.",For Sale,7/25/2023,PKR14.75 Crore
4379,Upper Portion,Sindh,Karachi,"Gulshan-e-Iqbal Town, Karachi, Sindh",3,3,150 Sq. Yd.,For Sale,7/25/2023,PKR1.5 Crore
4380,Upper Portion,Sindh,Karachi,"Gulistan-e-Jauhar, Karachi, Sindh",3,3,180 Sq. Yd.,For Sale,7/25/2023,PKR1.28 Crore
4381,Lower Portion,Sindh,Karachi,"Federal B Area, Karachi, Sindh",3,3,200 Sq. Yd.,For Sale,7/25/2023,PKR1.9 Crore
4382,Flat,Sindh,Karachi,"Clifton, Karachi, Sindh",4,3,222 Sq. Yd.,For Sale,7/25/2023,PKR2.85 Crore
4383,Flat,Sindh,Karachi,"DHA Defence, Karachi, Sindh",3,3,178 Sq. Yd.,For Sale,7/25/2023,PKR2.2 Crore
4384,House,Sindh,Karachi,"Scheme 33, Karachi, Sindh",6,6,240 Sq. Yd.,For Sale,7/4/2023,PKR3.85 Crore
4385,Flat,Sindh,Karachi,"Khalid Bin Walid Road, Karachi, Sindh",4,4,244 Sq. Yd.,For Sale,6/27/2023,PKR4.3 Crore
4386,House,Sindh,Karachi,"Scheme 33, Karachi, Sindh",3,3,120 Sq. Yd.,For Sale,6/27/2023,PKR1.85 Crore
4387,House,Sindh,Karachi,"Scheme 33, Karachi, Sindh",6,6,240 Sq. Yd.,For Sale,6/27/2023,PKR4.8 Crore
4388,House,Sindh,Karachi,"Scheme 33, Karachi, Sindh",4,4,120 Sq. Yd.,For Sale,6/27/2023,PKR2.95 Crore
4389,House,Sindh,Karachi,"Scheme 33, Karachi, Sindh",5,4,120 Sq. Yd.,For Sale,7/3/2023,PKR2.7 Crore
4390,House,Sindh,Karachi,"Scheme 33, Karachi, Sindh",4,4,120 Sq. Yd.,For Sale,6/27/2023,PKR2.46 Crore
4391,House,Sindh,Karachi,"Scheme 33, Karachi, Sindh",4,4,120 Sq. Yd.,For Sale,6/27/2023,PKR2.5 Crore
4392,Flat,Sindh,Karachi,"DHA Defence, Karachi, Sindh",3,3,233 Sq. Yd.,For Sale,7/25/2023,PKR1.75 Crore
4393,Flat,Sindh,Karachi,"Scheme 33, Karachi, Sindh",4,4,143 Sq. Yd.,For Sale,7/25/2023,PKR1.59 Crore
4394,House,Sindh,Karachi,"Gadap Town, Karachi, Sindh",4,4,120 Sq. Yd.,For Sale,7/25/2023,PKR2.25 Crore
4395,House,Sindh,Karachi,"North Nazimabad, Karachi, Sindh",4,3,267 Sq. Yd.,For Sale,7/25/2023,PKR3.85 Crore
4396,Upper Portion,Sindh,Karachi,"Jamshed Town, Karachi, Sindh",3,3,183 Sq. Yd.,For Sale,7/25/2023,PKR3.05 Crore
4397,Lower Portion,Sindh,Karachi,"Gulshan-e-Iqbal Town, Karachi, Sindh",3,3,153 Sq. Yd.,For Sale,7/25/2023,PKR3.5 Crore
4398,Upper Portion,Sindh,Karachi,"Gulshan-e-Iqbal Town, Karachi, Sindh",4,4,300 Sq. Yd.,For Sale,7/3/2023,PKR4.65 Crore
4399,Flat,Sindh,Karachi,"Jamshed Town, Karachi, Sindh",3,4,172 Sq. Yd.,For Sale,7/4/2023,PKR2 Crore
4400,Flat,Sindh,Karachi,"DHA Defence, Karachi, Sindh",3,3,128 Sq. Yd.,For Sale,7/25/2023,PKR1.15 Crore
4401,House,Sindh,Karachi,"DHA Defence, Karachi, Sindh",4,4,300 Sq. Yd.,For Sale,7/25/2023,PKR6.25 Crore
4402,House,Sindh,Karachi,"DHA Defence, Karachi, Sindh",5,5,500 Sq. Yd.,For Sale,7/25/2023,PKR10.25 Crore
4403,Flat,Sindh,Karachi,"DHA Defence, Karachi, Sindh",2,2,111 Sq. Yd.,For Sale,7/25/2023,PKR1 Crore
4404,Flat,Sindh,Karachi,"DHA Defence, Karachi, Sindh",4,3,194 Sq. Yd.,For Sale,7/25/2023,PKR2.5 Crore
4405,Flat,Sindh,Karachi,"DHA Defence, Karachi, Sindh",2,2,50 Sq. Yd.,For Sale,7/25/2023,PKR65 Lakh
4406,Flat,Sindh,Karachi,"DHA Defence, Karachi, Sindh",3,2,206 Sq. Yd.,For Sale,7/25/2023,PKR9.59 Crore
4407,Flat,Sindh,Karachi,"Navy Housing Scheme Karsaz, Karachi, Sindh",6,5,491 Sq. Yd.,For Sale,6/27/2023,PKR7.95 Crore
4408,Flat,Sindh,Karachi,"Navy Housing Scheme Karsaz, Karachi, Sindh",6,5,491 Sq. Yd.,For Sale,6/27/2023,PKR8.3 Crore
4409,House,Sindh,Karachi,"Cantt, Karachi, Sindh",7,6,500 Sq. Yd.,For Sale,6/28/2023,PKR11.5 Crore
4410,House,Sindh,Karachi,"Cantt, Karachi, Sindh",7,6,500 Sq. Yd.,For Sale,6/28/2023,PKR11.5 Crore
4411,House,Sindh,Karachi,"DHA Defence, Karachi, Sindh",6,6,500 Sq. Yd.,For Sale,7/11/2023,PKR15.5 Crore
4412,Flat,Sindh,Karachi,"Clifton, Karachi, Sindh",6,6,400 Sq. Yd.,For Sale,7/11/2023,PKR4.99 Crore
4413,House,Sindh,Karachi,"Gadap Town, Karachi, Sindh",6,6,200 Sq. Yd.,For Sale,7/11/2023,PKR3.25 Crore
4414,Flat,Sindh,Karachi,"Gulistan-e-Jauhar, Karachi, Sindh",2,2,111 Sq. Yd.,For Sale,7/11/2023,PKR1.2 Crore
4415,Flat,Sindh,Karachi,"DHA Defence, Karachi, Sindh",2,2,61 Sq. Yd.,For Sale,7/25/2023,PKR55 Lakh
4416,Flat,Sindh,Karachi,"DHA Defence, Karachi, Sindh",2,2,56 Sq. Yd.,For Sale,7/25/2023,PKR55 Lakh
4417,Flat,Sindh,Karachi,"DHA Defence, Karachi, Sindh",4,3,194 Sq. Yd.,For Sale,7/25/2023,PKR3.5 Crore
4418,House,Sindh,Karachi,"DHA Defence, Karachi, Sindh",6,5,"1,000 Sq. Yd.",For Sale,7/25/2023,PKR25 Crore
4419,House,Sindh,Karachi,"DHA Defence, Karachi, Sindh",6,6,300 Sq. Yd.,For Sale,7/25/2023,PKR6.6 Crore
4420,Flat,Sindh,Karachi,"DHA Defence, Karachi, Sindh",2,2,106 Sq. Yd.,For Sale,7/25/2023,PKR90 Lakh
4421,Flat,Sindh,Karachi,"DHA Defence, Karachi, Sindh",3,3,267 Sq. Yd.,For Sale,7/25/2023,PKR3.75 Crore
4422,House,Sindh,Karachi,"DHA Defence, Karachi, Sindh",6,6,500 Sq. Yd.,For Sale,7/25/2023,PKR8.75 Crore
4423,Flat,Sindh,Karachi,"North Nazimabad, Karachi, Sindh",2,2,111 Sq. Yd.,For Sale,7/25/2023,PKR90 Lakh
4424,House,Sindh,Karachi,"DHA Defence, Karachi, Sindh",5,5,500 Sq. Yd.,For Sale,7/25/2023,PKR8.5 Crore
4425,House,Sindh,Karachi,"DHA Defence, Karachi, Sindh",7,7,"1,000 Sq. Yd.",For Sale,7/25/2023,PKR18 Crore
4426,House,Sindh,Karachi,"DHA Defence, Karachi, Sindh",5,5,500 Sq. Yd.,For Sale,7/25/2023,PKR11.5 Crore
4427,House,Sindh,Karachi,"DHA Defence, Karachi, Sindh",4,4,100 Sq. Yd.,For Sale,7/25/2023,PKR3.95 Crore
4428,House,Sindh,Karachi,"DHA Defence, Karachi, Sindh",4,4,100 Sq. Yd.,For Sale,7/25/2023,PKR3.1 Crore
4429,Flat,Sindh,Karachi,"DHA Defence, Karachi, Sindh",2,2,111 Sq. Yd.,For Sale,7/25/2023,PKR1.15 Crore
4430,Flat,Sindh,Karachi,"Clifton, Karachi, Sindh",2,2,83 Sq. Yd.,For Sale,7/25/2023,PKR65 Lakh
4431,Flat,Sindh,Karachi,"DHA Defence, Karachi, Sindh",3,2,111 Sq. Yd.,For Sale,7/25/2023,PKR75 Lakh
4432,House,Sindh,Karachi,"Scheme 33, Karachi, Sindh",6,4,120 Sq. Yd.,For Sale,7/11/2023,PKR2.65 Crore
4433,Upper Portion,Sindh,Karachi,"Gulistan-e-Jauhar, Karachi, Sindh",3,3,250 Sq. Yd.,For Sale,7/11/2023,PKR1.8 Crore
4434,House,Sindh,Karachi,"Naya Nazimabad, Karachi, Sindh",4,4,120 Sq. Yd.,For Sale,7/11/2023,PKR2.4 Crore
4435,House,Sindh,Karachi,"Scheme 33, Karachi, Sindh",3,3,120 Sq. Yd.,For Sale,7/4/2023,PKR1.85 Crore
4436,Flat,Sindh,Karachi,"Bahria Town Karachi, Karachi, Sindh",2,2,128 Sq. Yd.,For Sale,6/29/2023,PKR80 Lakh
4437,Flat,Sindh,Karachi,"Cosmopolitan Society, Karachi, Sindh",6,4,333 Sq. Yd.,For Sale,6/28/2023,PKR5 Crore
4438,House,Sindh,Karachi,"DHA Defence, Karachi, Sindh",4,3,616 Sq. Yd.,For Sale,7/4/2023,PKR10.5 Crore
4439,Flat,Sindh,Karachi,"Gulistan-e-Jauhar, Karachi, Sindh",3,3,150 Sq. Yd.,For Sale,6/29/2023,PKR1.05 Crore
4440,Flat,Sindh,Karachi,"Khalid Bin Walid Road, Karachi, Sindh",4,4,267 Sq. Yd.,For Sale,7/25/2023,PKR7.2 Crore
4441,Upper Portion,Sindh,Karachi,"Gulistan-e-Jauhar, Karachi, Sindh",3,3,172 Sq. Yd.,For Sale,7/1/2023,PKR1.5 Crore
4442,Upper Portion,Sindh,Karachi,"North Nazimabad, Karachi, Sindh",4,4,256 Sq. Yd.,For Sale,7/25/2023,PKR2.4 Crore
4443,Upper Portion,Sindh,Karachi,"North Nazimabad, Karachi, Sindh",3,3,200 Sq. Yd.,For Sale,7/25/2023,PKR2.19 Crore
4444,Flat,Sindh,Karachi,"University Road, Karachi, Sindh",3,3,156 Sq. Yd.,For Sale,7/4/2023,PKR90 Lakh
4445,Flat,Sindh,Karachi,"Shah Faisal Town, Karachi, Sindh",2,2,100 Sq. Yd.,For Sale,7/25/2023,PKR75 Lakh
4446,House,Sindh,Karachi,"Bahria Town Karachi, Karachi, Sindh",3,3,235 Sq. Yd.,For Sale,7/4/2023,PKR1.52 Crore
4447,House,Sindh,Karachi,"DHA Defence, Karachi, Sindh",6,6,500 Sq. Yd.,For Sale,7/25/2023,PKR12 Crore
4448,House,Sindh,Karachi,"Gulshan-e-Usman Housing Society, Karachi, Sindh",6,6,120 Sq. Yd.,For Sale,7/25/2023,PKR1.9 Crore
4449,House,Sindh,Karachi,"Scheme 33, Karachi, Sindh",6,6,120 Sq. Yd.,For Sale,7/25/2023,PKR1.9 Crore
4450,Flat,Sindh,Karachi,"Mehmoodabad, Karachi, Sindh",3,3,90 Sq. Yd.,For Sale,7/4/2023,PKR62 Lakh
4451,Flat,Sindh,Karachi,"Jamshed Town, Karachi, Sindh",3,4,189 Sq. Yd.,For Sale,7/4/2023,PKR2 Crore
4452,House,Sindh,Karachi,"North Nazimabad, Karachi, Sindh",6,5,500 Sq. Yd.,For Sale,7/25/2023,PKR9.15 Crore
4453,House,Sindh,Karachi,"North Nazimabad, Karachi, Sindh",6,5,450 Sq. Yd.,For Sale,7/25/2023,PKR10.5 Crore
4454,House,Sindh,Karachi,"North Nazimabad, Karachi, Sindh",6,8,600 Sq. Yd.,For Sale,7/25/2023,PKR13 Crore
4455,House,Sindh,Karachi,"North Nazimabad, Karachi, Sindh",6,6,500 Sq. Yd.,For Sale,7/25/2023,PKR12 Crore
4456,House,Sindh,Karachi,"North Nazimabad, Karachi, Sindh",6,7,500 Sq. Yd.,For Sale,7/25/2023,PKR13.5 Crore
4457,Lower Portion,Sindh,Karachi,"Gulshan-e-Iqbal Town, Karachi, Sindh",3,3,275 Sq. Yd.,For Sale,7/4/2023,PKR3.25 Crore
4458,Upper Portion,Sindh,Karachi,"Gulistan-e-Jauhar, Karachi, Sindh",3,3,200 Sq. Yd.,For Sale,6/27/2023,PKR1.9 Crore
4459,Flat,Sindh,Karachi,"Gulistan-e-Jauhar, Karachi, Sindh",2,2,122 Sq. Yd.,For Sale,6/27/2023,PKR1.35 Crore
4460,Flat,Sindh,Karachi,"Gulistan-e-Jauhar, Karachi, Sindh",2,2,117 Sq. Yd.,For Sale,6/27/2023,PKR1.7 Crore
4461,House,Sindh,Karachi,"Scheme 33, Karachi, Sindh",6,4,120 Sq. Yd.,For Sale,7/4/2023,PKR2.5 Crore
4462,Flat,Sindh,Karachi,"Gulistan-e-Jauhar, Karachi, Sindh",3,3,183 Sq. Yd.,For Sale,6/30/2023,PKR2.75 Crore
4463,House,Sindh,Karachi,"Gulistan-e-Jauhar, Karachi, Sindh",4,4,100 Sq. Yd.,For Sale,7/4/2023,PKR2.1 Crore
4464,Flat,Sindh,Karachi,"Gulistan-e-Jauhar, Karachi, Sindh",4,3,200 Sq. Yd.,For Sale,7/11/2023,PKR2.25 Crore
4465,House,Sindh,Karachi,"North Nazimabad, Karachi, Sindh",6,8,470 Sq. Yd.,For Sale,7/25/2023,PKR6.5 Crore
4466,Flat,Sindh,Karachi,"Malir, Karachi, Sindh",4,3,250 Sq. Yd.,For Sale,7/11/2023,PKR3.29 Crore
4467,House,Sindh,Karachi,"Gadap Town, Karachi, Sindh",4,4,120 Sq. Yd.,For Sale,7/25/2023,PKR1.85 Crore
4468,Flat,Sindh,Karachi,"Bahria Town Karachi, Karachi, Sindh",3,3,250 Sq. Yd.,For Sale,7/25/2023,PKR1.95 Crore
4469,Flat,Sindh,Karachi,"Clifton, Karachi, Sindh",3,3,222 Sq. Yd.,For Sale,7/4/2023,PKR5 Crore
4470,Flat,Sindh,Karachi,"Gulistan-e-Jauhar, Karachi, Sindh",3,3,183 Sq. Yd.,For Sale,7/25/2023,PKR1.85 Crore
4471,House,Sindh,Karachi,"Gulistan-e-Jauhar, Karachi, Sindh",6,5,300 Sq. Yd.,For Sale,7/25/2023,PKR5.15 Crore
4472,Flat,Sindh,Karachi,"Gulistan-e-Jauhar, Karachi, Sindh",2,2,117 Sq. Yd.,For Sale,7/11/2023,PKR1.35 Crore
4473,Flat,Sindh,Karachi,"Rashid Minhas Road, Karachi, Sindh",3,3,211 Sq. Yd.,For Sale,7/25/2023,PKR3.5 Crore
4474,Flat,Sindh,Karachi,"Gulshan-e-Iqbal Town, Karachi, Sindh",2,2,106 Sq. Yd.,For Sale,7/25/2023,PKR90 Lakh
4475,House,Sindh,Karachi,"Gadap Town, Karachi, Sindh",6,6,400 Sq. Yd.,For Sale,7/25/2023,PKR5.5 Crore
4476,House,Sindh,Karachi,"Gadap Town, Karachi, Sindh",4,4,400 Sq. Yd.,For Sale,7/25/2023,PKR4.5 Crore
4477,House,Sindh,Karachi,"Gadap Town, Karachi, Sindh",6,6,400 Sq. Yd.,For Sale,7/3/2023,PKR6.5 Crore
4478,House,Sindh,Karachi,"Gadap Town, Karachi, Sindh",8,7,600 Sq. Yd.,For Sale,7/25/2023,PKR7.5 Crore
4479,House,Sindh,Karachi,"Gadap Town, Karachi, Sindh",6,6,200 Sq. Yd.,For Sale,7/25/2023,PKR2.9 Crore
4480,House,Sindh,Karachi,"Gadap Town, Karachi, Sindh",6,6,400 Sq. Yd.,For Sale,7/25/2023,PKR4.85 Crore
4481,Flat,Sindh,Karachi,"Scheme 33, Karachi, Sindh",2,2,122 Sq. Yd.,For Sale,7/11/2023,PKR80 Lakh
4482,Flat,Sindh,Karachi,"Chapal Courtyard, Karachi, Sindh",2,2,106 Sq. Yd.,For Sale,7/11/2023,PKR1.1 Crore
4483,Flat,Sindh,Karachi,"Scheme 33, Karachi, Sindh",2,2,83 Sq. Yd.,For Sale,7/11/2023,PKR65 Lakh
4484,Flat,Sindh,Karachi,"Scheme 33, Karachi, Sindh",2,2,122 Sq. Yd.,For Sale,7/11/2023,PKR80 Lakh
4485,Flat,Sindh,Karachi,"Chapal Courtyard, Karachi, Sindh",2,2,106 Sq. Yd.,For Sale,7/11/2023,PKR1.1 Crore
4486,Flat,Sindh,Karachi,"Clifton, Karachi, Sindh",4,3,289 Sq. Yd.,For Sale,7/11/2023,PKR6.3 Crore
4487,House,Sindh,Karachi,"DHA Defence, Karachi, Sindh",6,6,"1,000 Sq. Yd.",For Sale,6/29/2023,PKR37 Crore
4488,Flat,Sindh,Karachi,"Gulshan-e-Iqbal Town, Karachi, Sindh",2,2,100 Sq. Yd.,For Sale,7/4/2023,PKR2.15 Crore
4489,House,Sindh,Karachi,"DHA Defence, Karachi, Sindh",6,5,500 Sq. Yd.,For Sale,7/25/2023,PKR10 Crore
4490,Flat,Sindh,Karachi,"Scheme 33, Karachi, Sindh",4,3,150 Sq. Yd.,For Sale,7/25/2023,PKR1.85 Crore
4491,House,Sindh,Karachi,"North Nazimabad, Karachi, Sindh",6,8,256 Sq. Yd.,For Sale,7/25/2023,PKR4.85 Crore
4492,House,Sindh,Karachi,"Malir, Karachi, Sindh",3,3,120 Sq. Yd.,For Sale,7/25/2023,PKR2.3 Crore
4493,House,Sindh,Karachi,"Clifton, Karachi, Sindh",5,4,389 Sq. Yd.,For Sale,7/25/2023,PKR6.5 Crore
4494,House,Sindh,Karachi,"DHA Defence, Karachi, Sindh",-,-,"1,000 Sq. Yd.",For Sale,7/25/2023,PKR26.25 Crore
4495,House,Sindh,Karachi,"DHA Defence, Karachi, Sindh",5,5,150 Sq. Yd.,For Sale,7/25/2023,PKR5.1 Crore
4496,House,Sindh,Karachi,"DHA Defence, Karachi, Sindh",5,5,500 Sq. Yd.,For Sale,7/25/2023,PKR14 Crore
4497,House,Sindh,Karachi,"Gulistan-e-Jauhar, Karachi, Sindh",6,8,400 Sq. Yd.,For Sale,7/25/2023,PKR8 Crore
4498,Flat,Sindh,Karachi,"Gulistan-e-Jauhar, Karachi, Sindh",-,-,267 Sq. Yd.,For Sale,7/4/2023,PKR2 Crore
4499,Flat,Sindh,Karachi,"Gulistan-e-Jauhar, Karachi, Sindh",2,2,89 Sq. Yd.,For Sale,7/4/2023,PKR61.2 Lakh
4500,Flat,Sindh,Karachi,"Gulistan-e-Jauhar, Karachi, Sindh",-,-,194 Sq. Yd.,For Sale,7/4/2023,PKR1.45 Crore
4501,House,Sindh,Karachi,"Malir, Karachi, Sindh",5,4,133 Sq. Yd.,For Sale,7/25/2023,PKR2.6 Crore
4502,Flat,Sindh,Karachi,"Defence View Society, Karachi, Sindh",6,4,267 Sq. Yd.,For Sale,6/27/2023,PKR3.2 Crore
4503,Flat,Sindh,Karachi,"DHA Defence, Karachi, Sindh",3,3,172 Sq. Yd.,For Sale,7/4/2023,PKR2.3 Crore
4504,House,Sindh,Karachi,"DHA Defence, Karachi, Sindh",6,6,600 Sq. Yd.,For Sale,7/25/2023,PKR20 Crore
4505,Flat,Sindh,Karachi,"Gulshan-e-Iqbal Town, Karachi, Sindh",2,2,100 Sq. Yd.,For Sale,7/4/2023,PKR2.15 Crore
4506,Flat,Sindh,Karachi,"Gulshan-e-Iqbal Town, Karachi, Sindh",3,3,167 Sq. Yd.,For Sale,7/4/2023,PKR3.25 Crore
4507,Upper Portion,Sindh,Karachi,"Jamshed Town, Karachi, Sindh",4,4,250 Sq. Yd.,For Sale,7/11/2023,PKR4.3 Crore
4508,Flat,Sindh,Karachi,"Jamshed Town, Karachi, Sindh",4,4,200 Sq. Yd.,For Sale,7/4/2023,PKR4.2 Crore
4509,Upper Portion,Sindh,Karachi,"Jamshed Town, Karachi, Sindh",5,4,244 Sq. Yd.,For Sale,7/4/2023,PKR4.25 Crore
4510,Flat,Sindh,Karachi,"Hill Park, Karachi, Sindh",3,3,172 Sq. Yd.,For Sale,7/4/2023,PKR2.7 Crore
4511,Flat,Sindh,Karachi,"Shaheed Millat Road, Karachi, Sindh",3,3,189 Sq. Yd.,For Sale,7/4/2023,PKR4.5 Crore
4512,Flat,Sindh,Karachi,"Gulshan-e-Iqbal Town, Karachi, Sindh",3,3,167 Sq. Yd.,For Sale,7/4/2023,PKR2.2 Crore
4513,House,Sindh,Karachi,"DHA Defence, Karachi, Sindh",-,-,600 Sq. Yd.,For Sale,7/25/2023,PKR20 Crore
4514,Flat,Sindh,Karachi,"Clifton, Karachi, Sindh",4,4,333 Sq. Yd.,For Sale,7/25/2023,PKR4.5 Crore
4515,Flat,Sindh,Karachi,"Clifton, Karachi, Sindh",4,3,244 Sq. Yd.,For Sale,7/25/2023,PKR4.65 Crore
4516,Flat,Sindh,Karachi,"Clifton, Karachi, Sindh",3,3,167 Sq. Yd.,For Sale,7/25/2023,PKR1.65 Crore
4517,Flat,Sindh,Karachi,"Shaheed Millat Road, Karachi, Sindh",4,3,189 Sq. Yd.,For Sale,7/25/2023,PKR4.8 Crore
4518,Flat,Sindh,Karachi,"Shaheed Millat Road, Karachi, Sindh",4,3,233 Sq. Yd.,For Sale,7/25/2023,PKR5.5 Crore
4519,Flat,Sindh,Karachi,"Scheme 33, Karachi, Sindh",3,3,156 Sq. Yd.,For Sale,7/25/2023,PKR1.5 Crore
4520,House,Sindh,Karachi,"Scheme 33, Karachi, Sindh",4,4,400 Sq. Yd.,For Sale,7/11/2023,PKR5.55 Crore
4521,House,Sindh,Karachi,"Scheme 33, Karachi, Sindh",3,3,200 Sq. Yd.,For Sale,7/25/2023,PKR3.89 Crore
4522,Flat,Sindh,Karachi,"Gulistan-e-Jauhar, Karachi, Sindh",3,3,183 Sq. Yd.,For Sale,7/25/2023,PKR2.49 Crore
4523,House,Sindh,Karachi,"APP Employees Co-operative Housing Society, Karachi, Sindh",3,5,270 Sq. Yd.,For Sale,7/25/2023,PKR4.85 Crore
4524,House,Sindh,Karachi,"Gulistan-e-Jauhar, Karachi, Sindh",5,5,300 Sq. Yd.,For Sale,7/25/2023,PKR4.6 Crore
4525,House,Sindh,Karachi,"Gadap Town, Karachi, Sindh",6,6,200 Sq. Yd.,For Sale,7/25/2023,PKR3.5 Crore
4526,Flat,Sindh,Karachi,"DHA Defence, Karachi, Sindh",2,1,133 Sq. Yd.,For Sale,7/25/2023,PKR5 Crore
4527,Flat,Sindh,Karachi,"Clifton, Karachi, Sindh",4,3,200 Sq. Yd.,For Sale,7/25/2023,PKR6.5 Crore
4528,Flat,Sindh,Karachi,"Frere Town, Karachi, Sindh",2,2,117 Sq. Yd.,For Sale,7/4/2023,PKR2.2 Crore
4529,Flat,Sindh,Karachi,"Clifton, Karachi, Sindh",4,3,183 Sq. Yd.,For Sale,7/3/2023,PKR3.75 Crore
4530,House,Sindh,Karachi,"DHA Defence, Karachi, Sindh",4,3,100 Sq. Yd.,For Sale,6/30/2023,PKR3.7 Crore
4531,Flat,Sindh,Karachi,"Federal B Area, Karachi, Sindh",3,3,150 Sq. Yd.,For Sale,7/11/2023,PKR1.35 Crore
4532,Flat,Sindh,Karachi,"Bath Island, Karachi, Sindh",4,3,244 Sq. Yd.,For Sale,7/3/2023,PKR6.7 Crore
4533,Flat,Sindh,Karachi,"Clifton, Karachi, Sindh",4,3,200 Sq. Yd.,For Sale,7/3/2023,PKR2.75 Crore
4534,Flat,Sindh,Karachi,"DHA Defence, Karachi, Sindh",4,3,222 Sq. Yd.,For Sale,7/3/2023,PKR3.35 Crore
4535,Flat,Sindh,Karachi,"Clifton, Karachi, Sindh",5,4,278 Sq. Yd.,For Sale,7/3/2023,PKR4.7 Crore
4536,Flat,Sindh,Karachi,"Garden West, Karachi, Sindh",3,3,156 Sq. Yd.,For Sale,7/3/2023,PKR3.5 Crore
4537,Flat,Sindh,Karachi,"Clifton, Karachi, Sindh",3,3,189 Sq. Yd.,For Sale,7/3/2023,PKR5.1 Crore
4538,Flat,Sindh,Karachi,"North Nazimabad, Karachi, Sindh",4,4,222 Sq. Yd.,For Sale,7/25/2023,PKR3.1 Crore
4539,Flat,Sindh,Karachi,"North Nazimabad, Karachi, Sindh",4,4,233 Sq. Yd.,For Sale,7/11/2023,PKR2.25 Crore
4540,Flat,Sindh,Karachi,"North Nazimabad, Karachi, Sindh",4,3,244 Sq. Yd.,For Sale,7/25/2023,PKR3.5 Crore
4541,Upper Portion,Sindh,Karachi,"Gulistan-e-Jauhar, Karachi, Sindh",3,3,150 Sq. Yd.,For Sale,7/25/2023,PKR1.3 Crore
4542,Flat,Sindh,Karachi,"Scheme 33, Karachi, Sindh",2,2,117 Sq. Yd.,For Sale,7/25/2023,PKR75 Lakh
4543,Upper Portion,Sindh,Karachi,"Gulshan-e-Iqbal Town, Karachi, Sindh",3,3,400 Sq. Yd.,For Sale,7/25/2023,PKR2.95 Crore
4544,Lower Portion,Sindh,Karachi,"Gulshan-e-Iqbal Town, Karachi, Sindh",3,3,200 Sq. Yd.,For Sale,7/11/2023,PKR2.35 Crore
4545,Flat,Sindh,Karachi,"Amil Colony, Karachi, Sindh",4,4,183 Sq. Yd.,For Sale,7/11/2023,PKR3.65 Crore
4546,Flat,Sindh,Karachi,"Amil Colony, Karachi, Sindh",3,3,156 Sq. Yd.,For Sale,7/11/2023,PKR2.75 Crore
4547,Flat,Sindh,Karachi,"Amil Colony, Karachi, Sindh",3,3,175 Sq. Yd.,For Sale,7/25/2023,PKR3.5 Crore
4548,Flat,Sindh,Karachi,"Gulshan-e-Iqbal Town, Karachi, Sindh",2,2,111 Sq. Yd.,For Sale,7/25/2023,PKR68 Lakh
4549,House,Sindh,Karachi,"Bahria Town Karachi, Karachi, Sindh",3,3,150 Sq. Yd.,For Sale,7/25/2023,PKR1.7 Crore
4550,House,Sindh,Karachi,"DHA Defence, Karachi, Sindh",6,6,500 Sq. Yd.,For Sale,6/29/2023,PKR18.5 Crore
4551,House,Sindh,Karachi,"DHA Defence, Karachi, Sindh",5,5,500 Sq. Yd.,For Sale,6/29/2023,PKR16.5 Crore
4552,House,Sindh,Karachi,"DHA Defence, Karachi, Sindh",-,-,600 Sq. Yd.,For Sale,6/29/2023,PKR14 Crore
4553,House,Sindh,Karachi,"DHA Defence, Karachi, Sindh",6,6,500 Sq. Yd.,For Sale,6/29/2023,PKR12.5 Crore
4554,House,Sindh,Karachi,"Bahria Town Karachi, Karachi, Sindh",3,3,125 Sq. Yd.,For Sale,7/11/2023,PKR1.44 Crore
4555,Flat,Sindh,Karachi,"Clifton, Karachi, Sindh",3,3,189 Sq. Yd.,For Sale,7/3/2023,PKR5.1 Crore
4556,Flat,Sindh,Karachi,"DHA Defence, Karachi, Sindh",2,2,106 Sq. Yd.,For Sale,7/3/2023,PKR1.4 Crore
4557,House,Sindh,Karachi,"Bath Island, Karachi, Sindh",5,4,306 Sq. Yd.,For Sale,7/4/2023,PKR8.5 Crore
4558,Flat,Sindh,Karachi,"Federal B Area, Karachi, Sindh",3,2,122 Sq. Yd.,For Sale,7/11/2023,PKR1.2 Crore
4559,Flat,Sindh,Karachi,"Jamshed Road, Karachi, Sindh",3,2,100 Sq. Yd.,For Sale,7/4/2023,PKR1.7 Crore
4560,Flat,Sindh,Karachi,"Gulshan-e-Iqbal Town, Karachi, Sindh",5,4,233 Sq. Yd.,For Sale,7/4/2023,PKR4.3 Crore
4561,Upper Portion,Sindh,Karachi,"Nazimabad, Karachi, Sindh",3,3,144 Sq. Yd.,For Sale,7/11/2023,PKR95 Lakh
4562,Flat,Sindh,Karachi,"Shaheed Millat Road, Karachi, Sindh",4,3,178 Sq. Yd.,For Sale,7/11/2023,PKR6 Crore
4563,House,Sindh,Karachi,"North Nazimabad, Karachi, Sindh",6,8,425 Sq. Yd.,For Sale,7/25/2023,PKR5.4 Crore
4564,House,Sindh,Karachi,"Malir, Karachi, Sindh",5,5,500 Sq. Yd.,For Sale,7/4/2023,PKR8.95 Crore
4565,Flat,Sindh,Karachi,"DHA Defence, Karachi, Sindh",3,3,400 Sq. Yd.,For Sale,7/25/2023,PKR3.25 Crore
4566,House,Sindh,Karachi,"DHA Defence, Karachi, Sindh",5,4,300 Sq. Yd.,For Sale,7/25/2023,PKR7.5 Crore
4567,Flat,Sindh,Karachi,"Gadap Town, Karachi, Sindh",2,2,77 Sq. Yd.,For Sale,7/11/2023,PKR30 Lakh
4568,House,Sindh,Karachi,"Bahria Town Karachi, Karachi, Sindh",5,5,500 Sq. Yd.,For Sale,7/11/2023,PKR4.19 Crore
4569,House,Sindh,Karachi,"Bahria Town Karachi, Karachi, Sindh",3,3,152 Sq. Yd.,For Sale,7/11/2023,PKR1.48 Crore
4570,House,Sindh,Karachi,"Malir, Karachi, Sindh",5,4,350 Sq. Yd.,For Sale,7/4/2023,PKR9 Crore
4571,House,Sindh,Karachi,"Malir, Karachi, Sindh",5,4,350 Sq. Yd.,For Sale,7/11/2023,PKR9 Crore
4572,House,Sindh,Karachi,"Malir, Karachi, Sindh",5,5,500 Sq. Yd.,For Sale,7/25/2023,PKR8.5 Crore
4573,House,Sindh,Karachi,"Bahria Town Karachi, Karachi, Sindh",3,3,152 Sq. Yd.,For Sale,7/25/2023,PKR1.76 Crore
4574,House,Sindh,Karachi,"DHA Defence, Karachi, Sindh",6,6,"1,000 Sq. Yd.",For Sale,7/25/2023,PKR20 Crore
4575,House,Sindh,Karachi,"Bahria Town Karachi, Karachi, Sindh",3,3,235 Sq. Yd.,For Sale,7/11/2023,PKR1.52 Crore
4576,Flat,Sindh,Karachi,"DHA Defence, Karachi, Sindh",3,3,144 Sq. Yd.,For Sale,7/25/2023,PKR1.35 Crore
4577,House,Sindh,Karachi,"Bahria Town Karachi, Karachi, Sindh",3,3,152 Sq. Yd.,For Sale,7/25/2023,PKR1.65 Crore
4578,House,Sindh,Karachi,"Scheme 33, Karachi, Sindh",6,6,240 Sq. Yd.,For Sale,7/25/2023,PKR4 Crore
4579,House,Sindh,Karachi,"DHA Defence, Karachi, Sindh",6,6,"1,000 Sq. Yd.",For Sale,7/4/2023,PKR18 Crore
4580,House,Sindh,Karachi,"Gulshan-e-Iqbal Town, Karachi, Sindh",-,-,120 Sq. Yd.,For Sale,7/11/2023,PKR2.1 Crore
4581,House,Sindh,Karachi,"Gulshan-e-Iqbal Town, Karachi, Sindh",-,-,120 Sq. Yd.,For Sale,7/11/2023,PKR2.1 Crore
4582,House,Sindh,Karachi,"Gulshan-e-Iqbal Town, Karachi, Sindh",-,-,120 Sq. Yd.,For Sale,7/11/2023,PKR2.1 Crore
4583,House,Sindh,Karachi,"Gulshan-e-Iqbal Town, Karachi, Sindh",-,-,120 Sq. Yd.,For Sale,7/11/2023,PKR2.1 Crore
4584,House,Sindh,Karachi,"Gulshan-e-Iqbal Town, Karachi, Sindh",-,-,120 Sq. Yd.,For Sale,7/11/2023,PKR2.1 Crore
4585,House,Sindh,Karachi,"Gulshan-e-Iqbal Town, Karachi, Sindh",-,-,120 Sq. Yd.,For Sale,7/11/2023,PKR2.1 Crore
4586,Flat,Sindh,Karachi,"Gulshan-e-Iqbal Town, Karachi, Sindh",3,3,189 Sq. Yd.,For Sale,7/11/2023,PKR3.1 Crore
4587,Flat,Sindh,Karachi,"Gulshan-e-Iqbal Town, Karachi, Sindh",3,3,189 Sq. Yd.,For Sale,7/11/2023,PKR3.1 Crore
4588,House,Sindh,Karachi,"DHA Defence, Karachi, Sindh",6,5,500 Sq. Yd.,For Sale,7/25/2023,PKR14.5 Crore
4589,Flat,Sindh,Karachi,"Gulshan-e-Iqbal Town, Karachi, Sindh",2,2,94 Sq. Yd.,For Sale,7/25/2023,PKR60 Lakh
4590,Flat,Sindh,Karachi,"Gulshan-e-Iqbal Town, Karachi, Sindh",3,3,139 Sq. Yd.,For Sale,7/25/2023,PKR1.05 Crore
4591,House,Sindh,Karachi,"Bahria Town Karachi, Karachi, Sindh",3,3,235 Sq. Yd.,For Sale,7/11/2023,PKR1.58 Crore
4592,House,Sindh,Karachi,"Gulistan-e-Jauhar, Karachi, Sindh",6,6,240 Sq. Yd.,For Sale,7/25/2023,PKR5.85 Crore
4593,House,Sindh,Karachi,"Scheme 33, Karachi, Sindh",5,4,240 Sq. Yd.,For Sale,7/25/2023,PKR4.6 Crore
4594,Flat,Sindh,Karachi,"Cantt, Karachi, Sindh",4,4,333 Sq. Yd.,For Sale,6/29/2023,PKR4.55 Crore
4595,Flat,Sindh,Karachi,"Gulshan-e-Iqbal Town, Karachi, Sindh",2,3,139 Sq. Yd.,For Sale,7/25/2023,PKR1.5 Crore
4596,House,Sindh,Karachi,"Scheme 33, Karachi, Sindh",6,4,120 Sq. Yd.,For Sale,7/25/2023,PKR1.8 Crore
4597,House,Sindh,Karachi,"Scheme 33, Karachi, Sindh",6,6,120 Sq. Yd.,For Sale,7/11/2023,PKR1.85 Crore
4598,Flat,Sindh,Karachi,"Jamshed Town, Karachi, Sindh",2,2,111 Sq. Yd.,For Sale,7/3/2023,PKR1.35 Crore
4599,House,Sindh,Karachi,"Naya Nazimabad, Karachi, Sindh",5,4,120 Sq. Yd.,For Sale,7/25/2023,PKR2.9 Crore
4600,House,Sindh,Karachi,"Gulshan-e-Iqbal Town, Karachi, Sindh",6,7,240 Sq. Yd.,For Sale,7/25/2023,PKR5.1 Crore
4601,Flat,Sindh,Karachi,"Gulshan-e-Iqbal Town, Karachi, Sindh",2,2,111 Sq. Yd.,For Sale,7/25/2023,PKR75 Lakh
4602,Flat,Sindh,Karachi,"Scheme 33, Karachi, Sindh",3,3,128 Sq. Yd.,For Sale,7/25/2023,PKR1 Crore
4603,Flat,Sindh,Karachi,"Rashid Minhas Road, Karachi, Sindh",3,3,211 Sq. Yd.,For Sale,7/25/2023,PKR2.5 Crore
4604,Flat,Sindh,Karachi,"DHA Defence, Karachi, Sindh",2,2,111 Sq. Yd.,For Sale,7/11/2023,PKR1.35 Crore
4605,Flat,Sindh,Karachi,"Nazimabad, Karachi, Sindh",2,2,72 Sq. Yd.,For Sale,7/4/2023,PKR62 Lakh
4606,Flat,Sindh,Karachi,"Defence View Society, Karachi, Sindh",2,2,117 Sq. Yd.,For Sale,7/11/2023,PKR92 Lakh
4607,Flat,Sindh,Karachi,"Defence View Society, Karachi, Sindh",2,2,72 Sq. Yd.,For Sale,7/11/2023,PKR67 Lakh
4608,Flat,Sindh,Karachi,"Defence View Society, Karachi, Sindh",2,2,80 Sq. Yd.,For Sale,7/11/2023,PKR75 Lakh
4609,Flat,Sindh,Karachi,"Defence View Society, Karachi, Sindh",2,3,128 Sq. Yd.,For Sale,7/11/2023,PKR1.15 Crore
4610,House,Sindh,Karachi,"DHA Defence, Karachi, Sindh",3,4,129 Sq. Yd.,For Sale,7/4/2023,PKR4.25 Crore
4611,Flat,Sindh,Karachi,"Defence View Society, Karachi, Sindh",2,2,120 Sq. Yd.,For Sale,7/4/2023,PKR95 Lakh
4612,House,Sindh,Karachi,"Gulshan-e-Iqbal Town, Karachi, Sindh",6,8,500 Sq. Yd.,For Sale,7/25/2023,PKR12 Crore
4613,House,Sindh,Karachi,"Scheme 33, Karachi, Sindh",4,5,120 Sq. Yd.,For Sale,7/25/2023,PKR2.5 Crore
4614,House,Sindh,Karachi,"Scheme 33, Karachi, Sindh",4,4,120 Sq. Yd.,For Sale,7/25/2023,PKR2.2 Crore
4615,Flat,Sindh,Karachi,"DHA Defence, Karachi, Sindh",3,3,233 Sq. Yd.,For Sale,7/25/2023,PKR1.9 Crore
4616,Flat,Sindh,Karachi,"Bahria Town Karachi, Karachi, Sindh",2,2,106 Sq. Yd.,For Sale,7/11/2023,PKR74 Lakh
4617,House,Sindh,Karachi,"Bahria Town Karachi, Karachi, Sindh",3,3,235 Sq. Yd.,For Sale,7/25/2023,PKR1.5 Crore
4618,House,Sindh,Karachi,"Gulshan-e-Iqbal Town, Karachi, Sindh",2,2,120 Sq. Yd.,For Sale,7/4/2023,PKR1.8 Crore
4619,Flat,Sindh,Karachi,"Gulshan-e-Iqbal Town, Karachi, Sindh",2,2,74 Sq. Yd.,For Sale,7/25/2023,PKR55 Lakh
4620,House,Sindh,Karachi,"Malir, Karachi, Sindh",5,4,350 Sq. Yd.,For Sale,7/25/2023,PKR7.55 Crore
4621,House,Sindh,Karachi,"Malir, Karachi, Sindh",5,5,500 Sq. Yd.,For Sale,7/25/2023,PKR8.65 Crore
4622,House,Sindh,Karachi,"Malir, Karachi, Sindh",5,4,350 Sq. Yd.,For Sale,7/4/2023,PKR7.95 Crore
4623,House,Sindh,Karachi,"Scheme 33, Karachi, Sindh",6,7,200 Sq. Yd.,For Sale,7/25/2023,PKR3.95 Crore
4624,Flat,Sindh,Karachi,"DHA Defence, Karachi, Sindh",3,3,139 Sq. Yd.,For Sale,7/25/2023,PKR1.9 Crore
4625,House,Sindh,Karachi,"Shah Faisal Town, Karachi, Sindh",3,5,97 Sq. Yd.,For Sale,7/25/2023,PKR1 Crore
4626,House,Sindh,Karachi,"DHA Defence, Karachi, Sindh",5,5,500 Sq. Yd.,For Sale,7/25/2023,PKR9.75 Crore
4627,House,Sindh,Karachi,"Malir, Karachi, Sindh",5,4,350 Sq. Yd.,For Sale,7/11/2023,PKR7.9 Crore
4628,House,Sindh,Karachi,"DHA Defence, Karachi, Sindh",5,4,300 Sq. Yd.,For Sale,7/25/2023,PKR6.1 Crore
4629,Upper Portion,Sindh,Karachi,"Defence View Society, Karachi, Sindh",2,2,110 Sq. Yd.,For Sale,7/4/2023,PKR75 Lakh
4630,Flat,Sindh,Karachi,"Defence View Society, Karachi, Sindh",2,3,120 Sq. Yd.,For Sale,7/4/2023,PKR75 Lakh
4631,House,Sindh,Karachi,"Cantt, Karachi, Sindh",5,5,375 Sq. Yd.,For Sale,7/11/2023,PKR7.45 Crore
4632,House,Sindh,Karachi,"Cantt, Karachi, Sindh",5,5,375 Sq. Yd.,For Sale,7/11/2023,PKR7.4 Crore
4633,House,Sindh,Karachi,"Cantt, Karachi, Sindh",5,5,375 Sq. Yd.,For Sale,7/11/2023,PKR7.25 Crore
4634,Flat,Sindh,Karachi,"Defence View Society, Karachi, Sindh",2,2,120 Sq. Yd.,For Sale,7/4/2023,PKR1.1 Crore
4635,Flat,Sindh,Karachi,"Defence View Society, Karachi, Sindh",2,2,78 Sq. Yd.,For Sale,7/4/2023,PKR65 Lakh
4636,Flat,Sindh,Karachi,"Defence View Society, Karachi, Sindh",2,2,78 Sq. Yd.,For Sale,7/4/2023,PKR64 Lakh
4637,House,Sindh,Karachi,"DHA Defence, Karachi, Sindh",7,6,500 Sq. Yd.,For Sale,7/25/2023,PKR18 Crore
4638,Flat,Sindh,Karachi,"DHA Defence, Karachi, Sindh",3,3,178 Sq. Yd.,For Sale,7/25/2023,PKR1.75 Crore
4639,House,Sindh,Karachi,"Gadap Town, Karachi, Sindh",2,2,120 Sq. Yd.,For Sale,7/25/2023,PKR1.16 Crore
4640,House,Sindh,Karachi,"Gadap Town, Karachi, Sindh",4,4,120 Sq. Yd.,For Sale,7/25/2023,PKR1.53 Crore
4641,Flat,Sindh,Karachi,"Gadap Town, Karachi, Sindh",2,2,83 Sq. Yd.,For Sale,7/25/2023,PKR49 Lakh
4642,Flat,Sindh,Karachi,"Khalid Bin Walid Road, Karachi, Sindh",2,2,122 Sq. Yd.,For Sale,7/25/2023,PKR2.75 Crore
4643,Flat,Sindh,Karachi,"Malir, Karachi, Sindh",3,2,144 Sq. Yd.,For Sale,7/25/2023,PKR2.1 Crore
4644,House,Sindh,Karachi,"DHA Defence, Karachi, Sindh",6,5,500 Sq. Yd.,For Sale,7/11/2023,PKR14 Crore
4645,House,Sindh,Karachi,"DHA Defence, Karachi, Sindh",6,6,500 Sq. Yd.,For Sale,7/11/2023,PKR12 Crore
4646,Flat,Sindh,Karachi,"Clifton, Karachi, Sindh",4,3,228 Sq. Yd.,For Sale,7/25/2023,PKR3.25 Crore
4647,House,Sindh,Karachi,"Gulshan-e-Iqbal Town, Karachi, Sindh",9,7,500 Sq. Yd.,For Sale,7/11/2023,PKR17.5 Crore
4648,House,Sindh,Karachi,"Gulshan-e-Iqbal Town, Karachi, Sindh",6,6,600 Sq. Yd.,For Sale,7/25/2023,PKR10 Crore
4649,House,Sindh,Karachi,"Gulshan-e-Iqbal Town, Karachi, Sindh",6,9,240 Sq. Yd.,For Sale,7/25/2023,PKR9 Crore
4650,House,Sindh,Karachi,"Gulshan-e-Iqbal Town, Karachi, Sindh",4,3,240 Sq. Yd.,For Sale,7/25/2023,PKR5.25 Crore
4651,Lower Portion,Sindh,Karachi,"North Nazimabad, Karachi, Sindh",3,3,233 Sq. Yd.,For Sale,7/25/2023,PKR2 Crore
4652,House,Sindh,Karachi,"Gulshan-e-Iqbal Town, Karachi, Sindh",6,7,240 Sq. Yd.,For Sale,7/25/2023,PKR7.25 Crore
4653,House,Sindh,Karachi,"Gadap Town, Karachi, Sindh",3,3,431 Sq. Yd.,For Sale,7/25/2023,PKR2.25 Crore
4654,Flat,Sindh,Karachi,"Defence View Society, Karachi, Sindh",3,3,189 Sq. Yd.,For Sale,7/4/2023,PKR1.5 Crore
4655,Upper Portion,Sindh,Karachi,"Defence View Society, Karachi, Sindh",3,2,120 Sq. Yd.,For Sale,7/4/2023,PKR1.05 Crore
4656,Flat,Sindh,Karachi,"Defence View Society, Karachi, Sindh",2,3,120 Sq. Yd.,For Sale,7/4/2023,PKR75 Lakh
4657,Flat,Sindh,Karachi,"DHA Defence, Karachi, Sindh",4,3,128 Sq. Yd.,For Sale,7/11/2023,PKR1.45 Crore
4658,Flat,Sindh,Karachi,"DHA Defence, Karachi, Sindh",3,3,200 Sq. Yd.,For Sale,7/11/2023,PKR3 Crore
4659,Flat,Sindh,Karachi,"Defence View Society, Karachi, Sindh",2,2,78 Sq. Yd.,For Sale,7/4/2023,PKR66 Lakh
4660,Flat,Sindh,Karachi,"Defence View Society, Karachi, Sindh",2,3,117 Sq. Yd.,For Sale,7/4/2023,PKR1.14 Crore
4661,House,Sindh,Karachi,"Defence View Society, Karachi, Sindh",4,6,120 Sq. Yd.,For Sale,7/4/2023,PKR2.5 Crore
4662,Flat,Sindh,Karachi,"Scheme 33, Karachi, Sindh",1,-,61 Sq. Yd.,For Sale,7/25/2023,PKR60 Lakh
4663,Lower Portion,Sindh,Karachi,"Jamshed Town, Karachi, Sindh",2,2,130 Sq. Yd.,For Sale,7/25/2023,PKR2.25 Crore
4664,House,Sindh,Karachi,"DHA Defence, Karachi, Sindh",6,5,300 Sq. Yd.,For Sale,7/1/2023,PKR8.75 Crore
4665,Flat,Sindh,Karachi,"Scheme 33, Karachi, Sindh",4,3,194 Sq. Yd.,For Sale,7/25/2023,PKR1.7 Crore
4666,House,Sindh,Karachi,"Malir, Karachi, Sindh",7,6,500 Sq. Yd.,For Sale,7/25/2023,PKR10 Crore
4667,Flat,Sindh,Karachi,"Clifton, Karachi, Sindh",3,3,222 Sq. Yd.,For Sale,7/25/2023,PKR6.4 Crore
4668,Flat,Sindh,Karachi,"Gadap Town, Karachi, Sindh",3,5,170 Sq. Yd.,For Sale,7/25/2023,PKR1.3 Crore
4669,House,Sindh,Karachi,"Bath Island, Karachi, Sindh",5,4,250 Sq. Yd.,For Sale,7/4/2023,PKR7.5 Crore
4670,Flat,Sindh,Karachi,"Bahria Town Karachi, Karachi, Sindh",-,-,250 Sq. Yd.,For Sale,7/4/2023,PKR2 Crore
4671,House,Sindh,Karachi,"Gulistan-e-Jauhar, Karachi, Sindh",4,4,120 Sq. Yd.,For Sale,7/1/2023,PKR2.75 Crore
4672,House,Sindh,Karachi,"Zamzama, Karachi, Sindh",5,5,500 Sq. Yd.,For Sale,7/25/2023,PKR12 Crore
4673,Flat,Sindh,Karachi,"Gulshan-e-Iqbal Town, Karachi, Sindh",2,2,111 Sq. Yd.,For Sale,7/3/2023,PKR1.5 Crore
4674,Flat,Sindh,Karachi,"University Road, Karachi, Sindh",3,3,106 Sq. Yd.,For Sale,7/25/2023,PKR85 Lakh
4675,House,Sindh,Karachi,"North Karachi, Karachi, Sindh",6,6,80 Sq. Yd.,For Sale,7/25/2023,PKR1.45 Crore
4676,House,Sindh,Karachi,"North Karachi, Karachi, Sindh",4,4,80 Sq. Yd.,For Sale,7/25/2023,PKR1.25 Crore
4677,Flat,Sindh,Karachi,"Gulshan-e-Iqbal Town, Karachi, Sindh",3,3,156 Sq. Yd.,For Sale,7/25/2023,PKR1.7 Crore
4678,Flat,Sindh,Karachi,"Defence View Society, Karachi, Sindh",4,3,178 Sq. Yd.,For Sale,7/4/2023,PKR2.25 Crore
4679,Flat,Sindh,Karachi,"Defence View Society, Karachi, Sindh",2,2,120 Sq. Yd.,For Sale,7/4/2023,PKR1 Crore
4680,Flat,Sindh,Karachi,"Defence View Society, Karachi, Sindh",2,3,117 Sq. Yd.,For Sale,7/4/2023,PKR1.1 Crore
4681,Flat,Sindh,Karachi,"Defence View Society, Karachi, Sindh",3,2,117 Sq. Yd.,For Sale,7/4/2023,PKR1.2 Crore
4682,Flat,Sindh,Karachi,"Cantt, Karachi, Sindh",3,3,300 Sq. Yd.,For Sale,7/11/2023,PKR3.8 Crore
4683,House,Sindh,Karachi,"Bahria Town Karachi, Karachi, Sindh",3,3,152 Sq. Yd.,For Sale,7/11/2023,PKR1.58 Crore
4684,House,Sindh,Karachi,"Bahria Town Karachi, Karachi, Sindh",3,3,200 Sq. Yd.,For Sale,7/11/2023,PKR1.7 Crore
4685,House,Sindh,Karachi,"Cantt, Karachi, Sindh",4,4,311 Sq. Yd.,For Sale,7/11/2023,PKR5.8 Crore
4686,House,Sindh,Karachi,"Gadap Town, Karachi, Sindh",3,3,160 Sq. Yd.,For Sale,7/25/2023,PKR1.8 Crore
4687,Flat,Sindh,Karachi,"North Nazimabad, Karachi, Sindh",2,2,100 Sq. Yd.,For Sale,7/25/2023,PKR1.2 Crore
4688,Flat,Sindh,Karachi,"Scheme 33, Karachi, Sindh",3,2,133 Sq. Yd.,For Sale,7/25/2023,PKR1.15 Crore
4689,Upper Portion,Sindh,Karachi,"North Karachi, Karachi, Sindh",4,3,120 Sq. Yd.,For Sale,7/25/2023,PKR1.3 Crore
4690,House,Sindh,Karachi,"Malir, Karachi, Sindh",5,5,500 Sq. Yd.,For Sale,7/25/2023,PKR8.35 Crore
4691,House,Sindh,Karachi,"Malir, Karachi, Sindh",5,5,500 Sq. Yd.,For Sale,7/25/2023,PKR8.9 Crore
4692,House,Sindh,Karachi,"Malir, Karachi, Sindh",5,5,500 Sq. Yd.,For Sale,7/25/2023,PKR9 Crore
4693,Flat,Sindh,Karachi,"Cantt, Karachi, Sindh",4,3,286 Sq. Yd.,For Sale,7/25/2023,PKR3.5 Crore
4694,House,Sindh,Karachi,"Bahria Town Karachi, Karachi, Sindh",3,3,200 Sq. Yd.,For Sale,6/29/2023,PKR2.25 Crore
4695,House,Sindh,Karachi,"Scheme 33, Karachi, Sindh",6,6,240 Sq. Yd.,For Sale,6/29/2023,PKR3 Crore
4696,House,Sindh,Karachi,"Malir, Karachi, Sindh",3,4,160 Sq. Yd.,For Sale,7/25/2023,PKR2.75 Crore
4697,House,Sindh,Karachi,"North Karachi, Karachi, Sindh",2,2,120 Sq. Yd.,For Sale,7/11/2023,PKR1.25 Crore
4698,Lower Portion,Sindh,Karachi,"Scheme 33, Karachi, Sindh",2,2,80 Sq. Yd.,For Sale,7/25/2023,PKR75 Lakh
4699,House,Sindh,Karachi,"Cantt, Karachi, Sindh",5,5,507 Sq. Yd.,For Sale,7/25/2023,PKR7.85 Crore
4700,House,Sindh,Karachi,"Cantt, Karachi, Sindh",5,5,375 Sq. Yd.,For Sale,6/27/2023,PKR7.5 Crore
4701,Flat,Sindh,Karachi,"Gulistan-e-Jauhar, Karachi, Sindh",3,3,305 Sq. Yd.,For Sale,7/11/2023,PKR5.5 Crore
4702,Flat,Sindh,Karachi,"Gulistan-e-Jauhar, Karachi, Sindh",3,3,267 Sq. Yd.,For Sale,7/11/2023,PKR5 Crore
4703,House,Sindh,Karachi,"Cantt, Karachi, Sindh",4,4,311 Sq. Yd.,For Sale,7/11/2023,PKR5.8 Crore
4704,Flat,Sindh,Karachi,"Malir, Karachi, Sindh",3,3,244 Sq. Yd.,For Sale,7/11/2023,PKR3.4 Crore
4705,House,Sindh,Karachi,"Bahria Town Karachi, Karachi, Sindh",3,3,200 Sq. Yd.,For Sale,7/11/2023,PKR1.6 Crore
4706,House,Sindh,Karachi,"Bahria Town Karachi, Karachi, Sindh",3,3,200 Sq. Yd.,For Sale,7/11/2023,PKR1.65 Crore
4707,House,Sindh,Karachi,"Bahria Town Karachi, Karachi, Sindh",3,3,200 Sq. Yd.,For Sale,7/11/2023,PKR2.26 Crore
4708,House,Sindh,Karachi,"Scheme 33, Karachi, Sindh",6,6,240 Sq. Yd.,For Sale,6/30/2023,PKR3.5 Crore
4709,House,Sindh,Karachi,"Bahria Town Karachi, Karachi, Sindh",3,3,152 Sq. Yd.,For Sale,7/11/2023,PKR1.38 Crore
4710,House,Sindh,Karachi,"Bahria Town Karachi, Karachi, Sindh",3,3,152 Sq. Yd.,For Sale,7/11/2023,PKR1.45 Crore
4711,House,Sindh,Karachi,"North Karachi, Karachi, Sindh",2,2,120 Sq. Yd.,For Sale,7/25/2023,PKR1.62 Crore
4712,House,Sindh,Karachi,"DHA Defence, Karachi, Sindh",6,6,500 Sq. Yd.,For Sale,7/4/2023,PKR16.5 Crore
4713,Flat,Sindh,Karachi,"DHA Defence, Karachi, Sindh",5,3,355 Sq. Yd.,For Sale,6/29/2023,PKR6.65 Crore
4714,House,Sindh,Karachi,"DHA Defence, Karachi, Sindh",4,4,120 Sq. Yd.,For Sale,7/25/2023,PKR4.3 Crore
4715,Flat,Sindh,Karachi,"DHA Defence, Karachi, Sindh",4,2,200 Sq. Yd.,For Sale,7/25/2023,PKR5.9 Crore
4716,House,Sindh,Karachi,"DHA Defence, Karachi, Sindh",4,4,120 Sq. Yd.,For Sale,7/25/2023,PKR3.85 Crore
4717,House,Sindh,Karachi,"DHA Defence, Karachi, Sindh",4,4,120 Sq. Yd.,For Sale,7/25/2023,PKR4.15 Crore
4718,House,Sindh,Karachi,"DHA Defence, Karachi, Sindh",4,4,100 Sq. Yd.,For Sale,7/25/2023,PKR3.07 Crore
4719,Flat,Sindh,Karachi,"North Nazimabad, Karachi, Sindh",3,3,156 Sq. Yd.,For Sale,7/25/2023,PKR1 Crore
4720,House,Sindh,Karachi,"Cantt, Karachi, Sindh",6,6,240 Sq. Yd.,For Sale,7/25/2023,PKR5.55 Crore
4721,House,Sindh,Karachi,"Cantt, Karachi, Sindh",5,5,375 Sq. Yd.,For Sale,7/25/2023,PKR7.2 Crore
4722,House,Sindh,Karachi,"Cantt, Karachi, Sindh",5,5,500 Sq. Yd.,For Sale,7/25/2023,PKR9.47 Crore
4723,Flat,Sindh,Karachi,"Cantt, Karachi, Sindh",3,3,286 Sq. Yd.,For Sale,7/25/2023,PKR3.4 Crore
4724,Flat,Sindh,Karachi,"North Nazimabad, Karachi, Sindh",2,2,156 Sq. Yd.,For Sale,7/25/2023,PKR1.3 Crore
4725,House,Sindh,Karachi,"Cantt, Karachi, Sindh",5,5,375 Sq. Yd.,For Sale,7/25/2023,PKR7.65 Crore
4726,Flat,Sindh,Karachi,"Cantt, Karachi, Sindh",3,3,300 Sq. Yd.,For Sale,7/25/2023,PKR3.95 Crore
4727,Flat,Sindh,Karachi,"Scheme 33, Karachi, Sindh",3,3,110 Sq. Yd.,For Sale,7/4/2023,PKR1 Crore
4728,Flat,Sindh,Karachi,"Shahra-e-Faisal, Karachi, Sindh",3,3,150 Sq. Yd.,For Sale,7/11/2023,PKR2.75 Crore
4729,House,Sindh,Karachi,"DHA Defence, Karachi, Sindh",6,8,600 Sq. Yd.,For Sale,6/30/2023,PKR14 Crore
4730,Flat,Sindh,Karachi,"Tariq Road, Karachi, Sindh",-,-,200 Sq. Yd.,For Sale,6/30/2023,PKR5 Crore
4731,Flat,Sindh,Karachi,"Shaheed Millat Road, Karachi, Sindh",4,3,200 Sq. Yd.,For Sale,6/30/2023,PKR4.5 Crore
4732,House,Sindh,Karachi,"DHA Defence, Karachi, Sindh",4,3,250 Sq. Yd.,For Sale,7/11/2023,PKR4 Crore
4733,Flat,Sindh,Karachi,"Gulshan-e-Iqbal Town, Karachi, Sindh",2,2,100 Sq. Yd.,For Sale,7/1/2023,PKR65 Lakh
4734,House,Sindh,Karachi,"Gulshan-e-Iqbal Town, Karachi, Sindh",6,7,500 Sq. Yd.,For Sale,7/1/2023,PKR13.5 Crore
4735,House,Sindh,Karachi,"Cantt, Karachi, Sindh",5,5,375 Sq. Yd.,For Sale,7/25/2023,PKR7.05 Crore
4736,House,Sindh,Karachi,"Cantt, Karachi, Sindh",5,5,375 Sq. Yd.,For Sale,7/25/2023,PKR7.1 Crore
4737,Flat,Sindh,Karachi,"Cantt, Karachi, Sindh",3,3,286 Sq. Yd.,For Sale,7/25/2023,PKR3.5 Crore
4738,House,Sindh,Karachi,"Cantt, Karachi, Sindh",5,5,375 Sq. Yd.,For Sale,7/25/2023,PKR7.15 Crore
4739,Flat,Sindh,Karachi,"Cantt, Karachi, Sindh",3,3,286 Sq. Yd.,For Sale,7/25/2023,PKR3.45 Crore
4740,House,Sindh,Karachi,"DHA Defence, Karachi, Sindh",4,4,100 Sq. Yd.,For Sale,7/25/2023,PKR3.65 Crore
4741,Upper Portion,Sindh,Karachi,"North Nazimabad, Karachi, Sindh",3,3,233 Sq. Yd.,For Sale,7/25/2023,PKR1.9 Crore
4742,House,Sindh,Karachi,"Bahria Town Karachi, Karachi, Sindh",3,3,200 Sq. Yd.,For Sale,7/25/2023,PKR1.85 Crore
4743,House,Sindh,Karachi,"Bahria Town Karachi, Karachi, Sindh",5,5,500 Sq. Yd.,For Sale,7/25/2023,PKR5 Crore
4744,Flat,Sindh,Karachi,"North Nazimabad, Karachi, Sindh",3,3,200 Sq. Yd.,For Sale,7/25/2023,PKR1.5 Crore
4745,House,Sindh,Karachi,"DHA Defence, Karachi, Sindh",6,6,500 Sq. Yd.,For Sale,7/25/2023,PKR13.5 Crore
4746,Upper Portion,Sindh,Karachi,"Federal B Area, Karachi, Sindh",4,4,175 Sq. Yd.,For Sale,7/25/2023,PKR1.58 Crore
4747,Flat,Sindh,Karachi,"Bath Island, Karachi, Sindh",6,4,333 Sq. Yd.,For Sale,7/25/2023,PKR6.6 Crore
4748,Flat,Sindh,Karachi,"Khalid Bin Walid Road, Karachi, Sindh",3,3,150 Sq. Yd.,For Sale,7/25/2023,PKR2.4 Crore
4749,Upper Portion,Sindh,Karachi,"Jamshed Town, Karachi, Sindh",2,2,105 Sq. Yd.,For Sale,7/25/2023,PKR1.35 Crore
4750,Flat,Sindh,Karachi,"DHA Defence, Karachi, Sindh",4,2,246 Sq. Yd.,For Sale,7/11/2023,PKR6.5 Crore
4751,Flat,Sindh,Karachi,"DHA Defence, Karachi, Sindh",4,4,189 Sq. Yd.,For Sale,7/11/2023,PKR2.35 Crore
4752,Flat,Sindh,Karachi,"Clifton, Karachi, Sindh",3,3,244 Sq. Yd.,For Sale,7/11/2023,PKR3.5 Crore
4753,House,Sindh,Karachi,"DHA Defence, Karachi, Sindh",4,4,100 Sq. Yd.,For Sale,7/11/2023,PKR3.85 Crore
4754,Flat,Sindh,Karachi,"Gulshan-e-Iqbal Town, Karachi, Sindh",2,2,100 Sq. Yd.,For Sale,7/11/2023,PKR2.5 Crore
4755,Flat,Sindh,Karachi,"DHA Defence, Karachi, Sindh",3,3,139 Sq. Yd.,For Sale,6/29/2023,PKR1.6 Crore
4756,House,Sindh,Karachi,"DHA Defence, Karachi, Sindh",5,5,400 Sq. Yd.,For Sale,7/4/2023,PKR7.75 Crore
4757,House,Sindh,Karachi,"DHA Defence, Karachi, Sindh",5,4,133 Sq. Yd.,For Sale,6/30/2023,PKR5 Crore
4758,House,Sindh,Karachi,"Scheme 33, Karachi, Sindh",6,6,240 Sq. Yd.,For Sale,7/25/2023,PKR4.7 Crore
4759,Upper Portion,Sindh,Karachi,"Nazimabad, Karachi, Sindh",2,2,72 Sq. Yd.,For Sale,7/25/2023,PKR50 Lakh
4760,Flat,Sindh,Karachi,"Gulshan-e-Iqbal Town, Karachi, Sindh",2,2,89 Sq. Yd.,For Sale,6/30/2023,PKR1.6 Crore
4761,Flat,Sindh,Karachi,"DHA Defence, Karachi, Sindh",5,3,290 Sq. Yd.,For Sale,7/11/2023,PKR11.69 Crore
4762,Flat,Sindh,Karachi,"DHA Defence, Karachi, Sindh",4,4,437 Sq. Yd.,For Sale,7/25/2023,PKR17.5 Crore
4763,Flat,Sindh,Karachi,"DHA Defence, Karachi, Sindh",3,3,244 Sq. Yd.,For Sale,7/25/2023,PKR11.5 Crore
4764,House,Sindh,Karachi,"Gulshan-e-Iqbal Town, Karachi, Sindh",3,3,400 Sq. Yd.,For Sale,7/1/2023,PKR6.25 Crore
4765,Lower Portion,Sindh,Karachi,"Gulshan-e-Iqbal Town, Karachi, Sindh",3,3,240 Sq. Yd.,For Sale,7/1/2023,PKR2.95 Crore
4766,Upper Portion,Sindh,Karachi,"Gulshan-e-Iqbal Town, Karachi, Sindh",3,3,240 Sq. Yd.,For Sale,7/1/2023,PKR2.7 Crore
4767,Flat,Sindh,Karachi,"Gulshan-e-Iqbal Town, Karachi, Sindh",3,3,161 Sq. Yd.,For Sale,7/1/2023,PKR2.35 Crore
4768,Lower Portion,Sindh,Karachi,"Gulshan-e-Iqbal Town, Karachi, Sindh",3,3,240 Sq. Yd.,For Sale,7/11/2023,PKR2.25 Crore
4769,Flat,Sindh,Karachi,"Gulshan-e-Iqbal Town, Karachi, Sindh",3,3,161 Sq. Yd.,For Sale,7/1/2023,PKR1.25 Crore
4770,Flat,Sindh,Karachi,"Bath Island, Karachi, Sindh",3,3,156 Sq. Yd.,For Sale,6/29/2023,PKR1.8 Crore
4771,House,Sindh,Karachi,"Clifton, Karachi, Sindh",4,4,250 Sq. Yd.,For Sale,7/25/2023,PKR7.5 Crore
4772,House,Sindh,Karachi,"Bath Island, Karachi, Sindh",4,4,250 Sq. Yd.,For Sale,7/25/2023,PKR7.5 Crore
4773,House,Sindh,Karachi,"Clifton, Karachi, Sindh",4,4,250 Sq. Yd.,For Sale,7/25/2023,PKR8.25 Crore
4774,Flat,Sindh,Karachi,"Gulshan-e-Iqbal Town, Karachi, Sindh",2,2,78 Sq. Yd.,For Sale,7/1/2023,PKR75 Lakh
4775,House,Sindh,Karachi,"Bahria Town Karachi, Karachi, Sindh",4,4,350 Sq. Yd.,For Sale,7/11/2023,PKR2.05 Crore
4776,Flat,Sindh,Karachi,"Bahria Town Karachi, Karachi, Sindh",2,2,106 Sq. Yd.,For Sale,6/30/2023,PKR79 Lakh
4777,Flat,Sindh,Karachi,"Bahria Town Karachi, Karachi, Sindh",2,2,122 Sq. Yd.,For Sale,6/29/2023,PKR60 Lakh
4778,Flat,Sindh,Karachi,"Bahria Town Karachi, Karachi, Sindh",5,4,322 Sq. Yd.,For Sale,6/29/2023,PKR2.75 Crore
4779,Flat,Sindh,Karachi,"Bahria Town Karachi, Karachi, Sindh",2,2,122 Sq. Yd.,For Sale,6/30/2023,PKR95 Lakh
4780,Flat,Sindh,Karachi,"Bahria Town Karachi, Karachi, Sindh",2,2,106 Sq. Yd.,For Sale,7/2/2023,PKR66 Lakh
4781,Flat,Sindh,Karachi,"Bahria Town Karachi, Karachi, Sindh",2,2,106 Sq. Yd.,For Sale,6/29/2023,PKR90 Lakh
4782,House,Sindh,Karachi,"DHA Defence, Karachi, Sindh",5,4,120 Sq. Yd.,For Sale,7/1/2023,PKR5.1 Crore
4783,Flat,Sindh,Karachi,"DHA Defence, Karachi, Sindh",1,1,115 Sq. Yd.,For Sale,7/11/2023,PKR4.23 Crore
4784,House,Sindh,Karachi,"DHA Defence, Karachi, Sindh",5,5,500 Sq. Yd.,For Sale,7/25/2023,PKR10 Crore
4785,Flat,Sindh,Karachi,"DHA Defence, Karachi, Sindh",4,4,516 Sq. Yd.,For Sale,7/25/2023,PKR13 Crore
4786,House,Sindh,Karachi,"Bahria Town Karachi, Karachi, Sindh",3,3,200 Sq. Yd.,For Sale,7/25/2023,PKR1.64 Crore
4787,House,Sindh,Karachi,"Bahria Town Karachi, Karachi, Sindh",3,3,200 Sq. Yd.,For Sale,7/11/2023,PKR2.18 Crore
4788,House,Sindh,Karachi,"Bahria Town Karachi, Karachi, Sindh",3,3,152 Sq. Yd.,For Sale,7/25/2023,PKR1.34 Crore
4789,House,Sindh,Karachi,"Gadap Town, Karachi, Sindh",4,4,84 Sq. Yd.,For Sale,7/11/2023,PKR68 Lakh
4790,House,Sindh,Karachi,"Scheme 33, Karachi, Sindh",6,6,120 Sq. Yd.,For Sale,7/25/2023,PKR1.98 Crore
4791,House,Sindh,Karachi,"Bahria Town Karachi, Karachi, Sindh",5,5,500 Sq. Yd.,For Sale,7/1/2023,PKR4.65 Crore
4792,Flat,Sindh,Karachi,"DHA Defence, Karachi, Sindh",4,3,194 Sq. Yd.,For Sale,7/25/2023,PKR2 Crore
4793,House,Sindh,Karachi,"DHA Defence, Karachi, Sindh",6,6,"1,000 Sq. Yd.",For Sale,7/25/2023,PKR27 Crore
4794,House,Sindh,Karachi,"Bahria Town Karachi, Karachi, Sindh",3,3,500 Sq. Yd.,For Sale,7/25/2023,PKR4.65 Crore
4795,Flat,Sindh,Karachi,"Bahria Town Karachi, Karachi, Sindh",2,2,106 Sq. Yd.,For Sale,7/25/2023,PKR82 Lakh
4796,Flat,Sindh,Karachi,"Scheme 33, Karachi, Sindh",3,3,156 Sq. Yd.,For Sale,7/25/2023,PKR1.45 Crore
4797,Flat,Sindh,Karachi,"Scheme 33, Karachi, Sindh",3,3,161 Sq. Yd.,For Sale,7/25/2023,PKR1.3 Crore
4798,Flat,Sindh,Karachi,"Bahria Town Karachi, Karachi, Sindh",3,2,122 Sq. Yd.,For Sale,6/29/2023,PKR1 Crore
4799,Flat,Sindh,Karachi,"Bahria Town Karachi, Karachi, Sindh",3,3,244 Sq. Yd.,For Sale,6/29/2023,PKR1.9 Crore
4800,House,Sindh,Karachi,"Bahria Town Karachi, Karachi, Sindh",6,5,500 Sq. Yd.,For Sale,7/11/2023,PKR4.5 Crore
4801,House,Sindh,Karachi,"Bahria Town Karachi, Karachi, Sindh",5,4,350 Sq. Yd.,For Sale,7/11/2023,PKR2 Crore
4802,House,Sindh,Karachi,"Bahria Town Karachi, Karachi, Sindh",3,3,235 Sq. Yd.,For Sale,7/11/2023,PKR1.55 Crore
4803,Flat,Sindh,Karachi,"Bahria Town Karachi, Karachi, Sindh",2,2,89 Sq. Yd.,For Sale,7/11/2023,PKR80 Lakh
4804,House,Sindh,Karachi,"Bahria Town Karachi, Karachi, Sindh",3,3,235 Sq. Yd.,For Sale,7/11/2023,PKR1.65 Crore
4805,House,Sindh,Karachi,"Bahria Town Karachi, Karachi, Sindh",5,4,125 Sq. Yd.,For Sale,7/11/2023,PKR1.45 Crore
4806,House,Sindh,Karachi,"North Nazimabad, Karachi, Sindh",6,8,425 Sq. Yd.,For Sale,7/25/2023,PKR5.3 Crore
4807,House,Sindh,Karachi,"North Nazimabad, Karachi, Sindh",6,8,425 Sq. Yd.,For Sale,7/25/2023,PKR5.4 Crore
4808,House,Sindh,Karachi,"Malir, Karachi, Sindh",5,5,500 Sq. Yd.,For Sale,7/4/2023,PKR8.95 Crore
4809,Flat,Sindh,Karachi,"DHA Defence, Karachi, Sindh",3,3,400 Sq. Yd.,For Sale,7/25/2023,PKR3.25 Crore
4810,House,Sindh,Karachi,"DHA Defence, Karachi, Sindh",5,4,300 Sq. Yd.,For Sale,7/25/2023,PKR7.5 Crore
4811,Flat,Sindh,Karachi,"Gadap Town, Karachi, Sindh",2,2,77 Sq. Yd.,For Sale,7/11/2023,PKR30 Lakh
4812,House,Sindh,Karachi,"Malir, Karachi, Sindh",5,4,350 Sq. Yd.,For Sale,7/4/2023,PKR9 Crore
4813,House,Sindh,Karachi,"Malir, Karachi, Sindh",5,4,350 Sq. Yd.,For Sale,7/11/2023,PKR9 Crore
4814,House,Sindh,Karachi,"Malir, Karachi, Sindh",5,5,500 Sq. Yd.,For Sale,7/25/2023,PKR8.5 Crore
4815,House,Sindh,Karachi,"DHA Defence, Karachi, Sindh",6,6,"1,000 Sq. Yd.",For Sale,7/25/2023,PKR20 Crore
4816,House,Sindh,Karachi,"Bahria Town Karachi, Karachi, Sindh",3,3,235 Sq. Yd.,For Sale,7/11/2023,PKR1.52 Crore
4817,Flat,Sindh,Karachi,"DHA Defence, Karachi, Sindh",3,3,144 Sq. Yd.,For Sale,7/25/2023,PKR1.35 Crore
4818,House,Sindh,Karachi,"Bahria Town Karachi, Karachi, Sindh",3,3,152 Sq. Yd.,For Sale,7/25/2023,PKR1.65 Crore
4819,House,Sindh,Karachi,"Scheme 33, Karachi, Sindh",6,6,240 Sq. Yd.,For Sale,7/25/2023,PKR4 Crore
4820,House,Sindh,Karachi,"DHA Defence, Karachi, Sindh",6,6,"1,000 Sq. Yd.",For Sale,7/4/2023,PKR18 Crore
4821,Flat,Sindh,Karachi,"Scheme 33, Karachi, Sindh",3,3,100 Sq. Yd.,For Sale,7/25/2023,PKR90 Lakh
4822,House,Sindh,Karachi,"DHA Defence, Karachi, Sindh",7,6,900 Sq. Yd.,For Sale,7/2/2023,PKR21 Crore
4823,House,Sindh,Karachi,"Bahria Town Karachi, Karachi, Sindh",3,3,152 Sq. Yd.,For Sale,7/11/2023,PKR1.45 Crore
4824,Flat,Sindh,Karachi,"Bahria Town Karachi, Karachi, Sindh",1,1,43 Sq. Yd.,For Sale,7/11/2023,PKR38.8 Lakh
4825,House,Sindh,Karachi,"Bahria Town Karachi, Karachi, Sindh",3,3,152 Sq. Yd.,For Sale,7/11/2023,PKR1.6 Crore
4826,Flat,Sindh,Karachi,"Bahria Town Karachi, Karachi, Sindh",1,-,31 Sq. Yd.,For Sale,7/11/2023,PKR27.6 Lakh
4827,Flat,Sindh,Karachi,"DHA Defence, Karachi, Sindh",2,2,56 Sq. Yd.,For Sale,7/4/2023,PKR70 Lakh
4828,Flat,Sindh,Karachi,"Bahria Town Karachi, Karachi, Sindh",1,-,31 Sq. Yd.,For Sale,7/11/2023,PKR27.6 Lakh
4829,House,Sindh,Karachi,"Bahria Town Karachi, Karachi, Sindh",4,4,125 Sq. Yd.,For Sale,7/11/2023,PKR1.38 Crore
4830,Flat,Sindh,Karachi,"Bahria Town Karachi, Karachi, Sindh",1,-,31 Sq. Yd.,For Sale,7/11/2023,PKR27.6 Lakh
4831,Flat,Sindh,Karachi,"DHA Defence, Karachi, Sindh",2,2,100 Sq. Yd.,For Sale,7/2/2023,PKR95 Lakh
4832,Flat,Sindh,Karachi,"DHA Defence, Karachi, Sindh",3,2,178 Sq. Yd.,For Sale,7/25/2023,PKR5.8 Crore
4833,Flat,Sindh,Karachi,"Gulistan-e-Jauhar, Karachi, Sindh",3,3,161 Sq. Yd.,For Sale,7/25/2023,PKR1.6 Crore
4834,House,Sindh,Karachi,"Scheme 33, Karachi, Sindh",2,2,120 Sq. Yd.,For Sale,7/25/2023,PKR1.45 Crore
4835,House,Sindh,Karachi,"Malir, Karachi, Sindh",5,5,500 Sq. Yd.,For Sale,7/25/2023,PKR9.5 Crore
4836,House,Sindh,Karachi,"DHA Defence, Karachi, Sindh",5,5,500 Sq. Yd.,For Sale,7/25/2023,PKR10 Crore
4837,House,Sindh,Karachi,"Cantt, Karachi, Sindh",5,5,500 Sq. Yd.,For Sale,7/25/2023,PKR8.45 Crore
4838,Flat,Sindh,Karachi,"Clifton, Karachi, Sindh",3,3,178 Sq. Yd.,For Sale,6/29/2023,PKR2.5 Crore
4839,Flat,Sindh,Karachi,"North Nazimabad, Karachi, Sindh",2,2,100 Sq. Yd.,For Sale,7/25/2023,PKR1 Crore
4840,Flat,Sindh,Karachi,"North Nazimabad, Karachi, Sindh",2,2,100 Sq. Yd.,For Sale,7/25/2023,PKR1 Crore
4841,House,Sindh,Karachi,"Cantt, Karachi, Sindh",6,8,800 Sq. Yd.,For Sale,7/25/2023,PKR16 Crore
4842,Flat,Sindh,Karachi,"Clifton, Karachi, Sindh",3,3,200 Sq. Yd.,For Sale,7/25/2023,PKR4 Crore
4843,Flat,Sindh,Karachi,"Clifton, Karachi, Sindh",3,3,189 Sq. Yd.,For Sale,7/25/2023,PKR2.8 Crore
4844,Flat,Sindh,Karachi,"Scheme 33, Karachi, Sindh",2,3,83 Sq. Yd.,For Sale,7/11/2023,PKR90 Lakh
4845,House,Sindh,Karachi,"DHA Defence, Karachi, Sindh",6,6,500 Sq. Yd.,For Sale,7/25/2023,PKR16 Crore
4846,House,Sindh,Karachi,"Cantt, Karachi, Sindh",4,4,178 Sq. Yd.,For Sale,7/25/2023,PKR2.4 Crore
4847,House,Sindh,Karachi,"Gulistan-e-Jauhar, Karachi, Sindh",3,3,161 Sq. Yd.,For Sale,7/25/2023,PKR1.58 Crore
4848,House,Sindh,Karachi,"Bahria Town Karachi, Karachi, Sindh",4,4,350 Sq. Yd.,For Sale,7/11/2023,PKR1.95 Crore
4849,House,Sindh,Karachi,"Bahria Town Karachi, Karachi, Sindh",3,3,200 Sq. Yd.,For Sale,7/11/2023,PKR1.8 Crore
4850,Flat,Sindh,Karachi,"Khalid Bin Walid Road, Karachi, Sindh",4,4,200 Sq. Yd.,For Sale,7/11/2023,PKR3.75 Crore
4851,Flat,Sindh,Karachi,"Bahria Town Karachi, Karachi, Sindh",3,2,106 Sq. Yd.,For Sale,6/29/2023,PKR70 Lakh
4852,Flat,Sindh,Karachi,"Bahria Town Karachi, Karachi, Sindh",3,2,106 Sq. Yd.,For Sale,6/29/2023,PKR92 Lakh
4853,House,Sindh,Karachi,"Bahria Town Karachi, Karachi, Sindh",3,3,200 Sq. Yd.,For Sale,7/11/2023,PKR1.8 Crore
4854,House,Sindh,Karachi,"Bahria Town Karachi, Karachi, Sindh",6,5,250 Sq. Yd.,For Sale,7/11/2023,PKR3.5 Crore
4855,House,Sindh,Karachi,"Bahria Town Karachi, Karachi, Sindh",4,3,152 Sq. Yd.,For Sale,7/1/2023,PKR1.8 Crore
4856,House,Sindh,Karachi,"Bahria Town Karachi, Karachi, Sindh",3,3,200 Sq. Yd.,For Sale,7/25/2023,PKR1.85 Crore
4857,House,Sindh,Karachi,"Bahria Town Karachi, Karachi, Sindh",3,3,200 Sq. Yd.,For Sale,7/25/2023,PKR2.3 Crore
4858,Flat,Sindh,Karachi,"Bahria Town Karachi, Karachi, Sindh",2,2,122 Sq. Yd.,For Sale,7/25/2023,PKR57 Lakh
4859,House,Sindh,Karachi,"Bahria Town Karachi, Karachi, Sindh",3,3,235 Sq. Yd.,For Sale,7/25/2023,PKR1.4 Crore
4860,House,Sindh,Karachi,"Bahria Town Karachi, Karachi, Sindh",3,3,200 Sq. Yd.,For Sale,7/25/2023,PKR1.85 Crore
4861,House,Sindh,Karachi,"Bahria Town Karachi, Karachi, Sindh",5,5,500 Sq. Yd.,For Sale,7/25/2023,PKR4.2 Crore
4862,Flat,Sindh,Karachi,"Bahria Town Karachi, Karachi, Sindh",3,3,250 Sq. Yd.,For Sale,7/4/2023,PKR1.7 Crore
4863,House,Sindh,Karachi,"DHA Defence, Karachi, Sindh",6,6,500 Sq. Yd.,For Sale,7/25/2023,PKR18 Crore
4864,House,Sindh,Karachi,"DHA Defence, Karachi, Sindh",6,5,400 Sq. Yd.,For Sale,6/27/2023,PKR8.5 Crore
4865,House,Sindh,Karachi,"DHA Defence, Karachi, Sindh",-,-,"1,500 Sq. Yd.",For Sale,6/27/2023,PKR34 Crore
4866,House,Sindh,Karachi,"Gulshan-e-Iqbal Town, Karachi, Sindh",6,9,240 Sq. Yd.,For Sale,6/27/2023,PKR6.9 Crore
4867,Flat,Sindh,Karachi,"Bahria Town Karachi, Karachi, Sindh",2,2,106 Sq. Yd.,For Sale,6/30/2023,PKR92 Lakh
4868,House,Sindh,Karachi,"Bahria Town Karachi, Karachi, Sindh",3,3,152 Sq. Yd.,For Sale,6/27/2023,PKR1.4 Crore
4869,House,Sindh,Karachi,"Bahria Town Karachi, Karachi, Sindh",3,3,235 Sq. Yd.,For Sale,6/30/2023,PKR1.52 Crore
4870,House,Sindh,Karachi,"Clifton, Karachi, Sindh",5,5,250 Sq. Yd.,For Sale,6/27/2023,PKR6.5 Crore
4871,House,Sindh,Karachi,"Bahria Town Karachi, Karachi, Sindh",3,3,200 Sq. Yd.,For Sale,7/11/2023,PKR2.45 Crore
4872,House,Sindh,Karachi,"Bahria Town Karachi, Karachi, Sindh",3,3,125 Sq. Yd.,For Sale,7/1/2023,PKR1.1 Crore
4873,House,Sindh,Karachi,"Bahria Town Karachi, Karachi, Sindh",3,3,200 Sq. Yd.,For Sale,7/11/2023,PKR2.35 Crore
4874,House,Sindh,Karachi,"Bahria Town Karachi, Karachi, Sindh",2,2,152 Sq. Yd.,For Sale,6/30/2023,PKR1.58 Crore
4875,House,Sindh,Karachi,"Bahria Town Karachi, Karachi, Sindh",3,3,200 Sq. Yd.,For Sale,6/30/2023,PKR2.35 Crore
4876,House,Sindh,Karachi,"Bahria Town Karachi, Karachi, Sindh",3,3,152 Sq. Yd.,For Sale,7/11/2023,PKR1.85 Crore
4877,House,Sindh,Karachi,"Bahria Town Karachi, Karachi, Sindh",6,5,250 Sq. Yd.,For Sale,7/11/2023,PKR3.7 Crore
4878,House,Sindh,Karachi,"Bahria Town Karachi, Karachi, Sindh",3,3,125 Sq. Yd.,For Sale,7/11/2023,PKR1.42 Crore
4879,Upper Portion,Sindh,Karachi,"Bath Island, Karachi, Sindh",4,3,200 Sq. Yd.,For Sale,6/27/2023,PKR3.7 Crore
4880,Flat,Sindh,Karachi,"Gulistan-e-Jauhar, Karachi, Sindh",2,2,117 Sq. Yd.,For Sale,6/27/2023,PKR1.45 Crore
4881,House,Sindh,Karachi,"Federal B Area, Karachi, Sindh",6,8,400 Sq. Yd.,For Sale,6/30/2023,PKR10.6 Crore
4882,House,Sindh,Karachi,"Gulistan-e-Jauhar, Karachi, Sindh",4,4,100 Sq. Yd.,For Sale,6/27/2023,PKR1.6 Crore
4883,Flat,Sindh,Karachi,"Gulistan-e-Jauhar, Karachi, Sindh",-,-,111 Sq. Yd.,For Sale,6/27/2023,PKR65 Lakh
4884,Flat,Sindh,Karachi,"Gulistan-e-Jauhar, Karachi, Sindh",-,-,72 Sq. Yd.,For Sale,7/4/2023,PKR50 Lakh
4885,Flat,Sindh,Karachi,"Khalid Bin Walid Road, Karachi, Sindh",4,4,222 Sq. Yd.,For Sale,6/27/2023,PKR3.75 Crore
4886,House,Sindh,Karachi,"Scheme 33, Karachi, Sindh",6,6,240 Sq. Yd.,For Sale,6/27/2023,PKR3.95 Crore
4887,House,Sindh,Karachi,"DHA Defence, Karachi, Sindh",5,5,500 Sq. Yd.,For Sale,6/27/2023,PKR16 Crore
4888,House,Sindh,Karachi,"Naya Nazimabad, Karachi, Sindh",3,3,120 Sq. Yd.,For Sale,7/1/2023,PKR2.75 Crore
4889,House,Sindh,Karachi,"DHA Defence, Karachi, Sindh",6,5,500 Sq. Yd.,For Sale,6/27/2023,PKR17 Crore
4890,House,Sindh,Karachi,"Bahria Town Karachi, Karachi, Sindh",5,5,500 Sq. Yd.,For Sale,6/27/2023,PKR4.3 Crore
4891,House,Sindh,Karachi,"Bahria Town Karachi, Karachi, Sindh",3,3,350 Sq. Yd.,For Sale,6/27/2023,PKR2 Crore
4892,House,Sindh,Karachi,"Bahria Town Karachi, Karachi, Sindh",3,3,200 Sq. Yd.,For Sale,6/27/2023,PKR1.8 Crore
4893,House,Sindh,Karachi,"Bahria Town Karachi, Karachi, Sindh",3,3,200 Sq. Yd.,For Sale,6/27/2023,PKR2.35 Crore
4894,Flat,Sindh,Karachi,"Clifton, Karachi, Sindh",3,3,200 Sq. Yd.,For Sale,6/27/2023,PKR2.8 Crore
4895,House,Sindh,Karachi,"Cantt, Karachi, Sindh",6,4,120 Sq. Yd.,For Sale,7/4/2023,PKR2.25 Crore
4896,House,Sindh,Karachi,"Gulistan-e-Jauhar, Karachi, Sindh",-,-,400 Sq. Yd.,For Sale,7/11/2023,PKR8.5 Crore
4897,House,Sindh,Karachi,"Gulistan-e-Jauhar, Karachi, Sindh",-,-,400 Sq. Yd.,For Sale,7/11/2023,PKR7 Crore
4898,House,Sindh,Karachi,"Gulistan-e-Jauhar, Karachi, Sindh",7,6,400 Sq. Yd.,For Sale,7/11/2023,PKR5.5 Crore
4899,House,Sindh,Karachi,"Scheme 33, Karachi, Sindh",5,4,120 Sq. Yd.,For Sale,7/4/2023,PKR2.35 Crore
4900,House,Sindh,Karachi,"DHA Defence, Karachi, Sindh",-,6,500 Sq. Yd.,For Sale,7/11/2023,PKR10.5 Crore
4901,House,Sindh,Karachi,"Gulistan-e-Jauhar, Karachi, Sindh",3,3,240 Sq. Yd.,For Sale,7/11/2023,PKR3.7 Crore
4902,House,Sindh,Karachi,"Bahria Town Karachi, Karachi, Sindh",6,5,500 Sq. Yd.,For Sale,7/11/2023,PKR4.1 Crore
4903,House,Sindh,Karachi,"Bahria Town Karachi, Karachi, Sindh",4,4,250 Sq. Yd.,For Sale,7/11/2023,PKR3.15 Crore
4904,House,Sindh,Karachi,"Cantt, Karachi, Sindh",6,4,120 Sq. Yd.,For Sale,7/4/2023,PKR2.25 Crore
4905,House,Sindh,Karachi,"Bahria Town Karachi, Karachi, Sindh",3,3,235 Sq. Yd.,For Sale,7/11/2023,PKR1.57 Crore
4906,House,Sindh,Karachi,"North Karachi, Karachi, Sindh",-,-,80 Sq. Yd.,For Sale,6/27/2023,PKR1.3 Crore
4907,House,Sindh,Karachi,"DHA Defence, Karachi, Sindh",5,4,500 Sq. Yd.,For Sale,6/30/2023,PKR10 Crore
4908,Flat,Sindh,Karachi,"DHA Defence, Karachi, Sindh",4,3,233 Sq. Yd.,For Sale,6/30/2023,PKR1.9 Crore
4909,Flat,Sindh,Karachi,"DHA Defence, Karachi, Sindh",2,2,100 Sq. Yd.,For Sale,7/2/2023,PKR70 Lakh
4910,House,Sindh,Karachi,"New Karachi, Karachi, Sindh",2,3,95 Sq. Yd.,For Sale,6/27/2023,PKR1.1 Crore
4911,House,Sindh,Karachi,"Bahria Town Karachi, Karachi, Sindh",3,4,235 Sq. Yd.,For Sale,6/30/2023,PKR1.52 Crore
4912,House,Sindh,Karachi,"Bahria Town Karachi, Karachi, Sindh",3,3,200 Sq. Yd.,For Sale,7/18/2023,PKR2.3 Crore
4913,House,Sindh,Karachi,"Bahria Town Karachi, Karachi, Sindh",3,3,152 Sq. Yd.,For Sale,7/18/2023,PKR1.75 Crore
4914,House,Sindh,Karachi,"Bahria Town Karachi, Karachi, Sindh",3,3,152 Sq. Yd.,For Sale,7/18/2023,PKR1.55 Crore
4915,House,Sindh,Karachi,"Bahria Town Karachi, Karachi, Sindh",3,3,235 Sq. Yd.,For Sale,7/18/2023,PKR1.75 Crore
4916,House,Sindh,Karachi,"Bahria Town Karachi, Karachi, Sindh",3,3,152 Sq. Yd.,For Sale,7/18/2023,PKR2 Crore
4917,House,Sindh,Karachi,"Bahria Town Karachi, Karachi, Sindh",3,3,200 Sq. Yd.,For Sale,7/18/2023,PKR2 Crore
4918,House,Sindh,Karachi,"Bahria Town Karachi, Karachi, Sindh",3,3,200 Sq. Yd.,For Sale,7/18/2023,PKR2 Crore
4919,House,Sindh,Karachi,"Bahria Town Karachi, Karachi, Sindh",3,3,235 Sq. Yd.,For Sale,7/18/2023,PKR1.85 Crore
4920,House,Sindh,Karachi,"Bahria Town Karachi, Karachi, Sindh",3,3,200 Sq. Yd.,For Sale,6/27/2023,PKR1.8 Crore
4921,Flat,Sindh,Karachi,"North Nazimabad, Karachi, Sindh",3,3,244 Sq. Yd.,For Sale,6/27/2023,PKR2.1 Crore
4922,House,Sindh,Karachi,"Gadap Town, Karachi, Sindh",3,3,240 Sq. Yd.,For Sale,6/27/2023,PKR2.3 Crore
4923,House,Sindh,Karachi,"North Karachi, Karachi, Sindh",4,4,80 Sq. Yd.,For Sale,6/27/2023,PKR1.28 Crore
4924,Flat,Sindh,Karachi,"Tariq Road, Karachi, Sindh",3,3,200 Sq. Yd.,For Sale,7/4/2023,PKR4.1 Crore
4925,House,Sindh,Karachi,"DHA Defence, Karachi, Sindh",7,6,"1,000 Sq. Yd.",For Sale,6/27/2023,PKR18.5 Crore
4926,Flat,Sindh,Karachi,"Bath Island, Karachi, Sindh",5,3,289 Sq. Yd.,For Sale,7/4/2023,PKR5.25 Crore
4927,House,Sindh,Karachi,"Gadap Town, Karachi, Sindh",8,7,386 Sq. Yd.,For Sale,6/27/2023,PKR4.5 Crore
4928,House,Sindh,Karachi,"DHA Defence, Karachi, Sindh",3,3,310 Sq. Yd.,For Sale,6/27/2023,PKR6.5 Crore
4929,Flat,Sindh,Karachi,"North Karachi, Karachi, Sindh",2,2,111 Sq. Yd.,For Sale,6/27/2023,PKR55 Lakh
4930,Flat,Sindh,Karachi,"DHA Defence, Karachi, Sindh",2,2,100 Sq. Yd.,For Sale,6/27/2023,PKR1.15 Crore
4931,Lower Portion,Sindh,Karachi,"North Karachi, Karachi, Sindh",-,-,120 Sq. Yd.,For Sale,6/27/2023,PKR1 Crore
4932,Upper Portion,Sindh,Karachi,"Jamshed Town, Karachi, Sindh",4,3,150 Sq. Yd.,For Sale,6/27/2023,PKR1.9 Crore
4933,House,Sindh,Karachi,"Gulistan-e-Jauhar, Karachi, Sindh",3,3,200 Sq. Yd.,For Sale,6/27/2023,PKR3.6 Crore
4934,House,Sindh,Karachi,"Gadap Town, Karachi, Sindh",6,6,200 Sq. Yd.,For Sale,6/27/2023,PKR3.5 Crore
4935,House,Sindh,Karachi,"Bahria Town Karachi, Karachi, Sindh",3,3,200 Sq. Yd.,For Sale,7/18/2023,PKR2.35 Crore
4936,House,Sindh,Karachi,"Bahria Town Karachi, Karachi, Sindh",4,4,350 Sq. Yd.,For Sale,7/18/2023,PKR2.2 Crore
4937,Lower Portion,Sindh,Karachi,"North Nazimabad, Karachi, Sindh",-,-,100 Sq. Yd.,For Sale,7/18/2023,PKR88 Lakh
4938,Lower Portion,Sindh,Karachi,"North Nazimabad, Karachi, Sindh",-,-,135 Sq. Yd.,For Sale,7/18/2023,PKR1.25 Crore
4939,Lower Portion,Sindh,Karachi,"North Nazimabad, Karachi, Sindh",-,-,100 Sq. Yd.,For Sale,7/18/2023,PKR88 Lakh
4940,Lower Portion,Sindh,Karachi,"North Nazimabad, Karachi, Sindh",-,-,135 Sq. Yd.,For Sale,7/18/2023,PKR1.25 Crore
4941,Flat,Sindh,Karachi,"North Karachi, Karachi, Sindh",-,-,94 Sq. Yd.,For Sale,7/18/2023,PKR50 Lakh
4942,Lower Portion,Sindh,Karachi,"North Nazimabad, Karachi, Sindh",-,-,100 Sq. Yd.,For Sale,7/18/2023,PKR88 Lakh
4943,House,Sindh,Karachi,"Bahria Town Karachi, Karachi, Sindh",3,3,152 Sq. Yd.,For Sale,6/27/2023,PKR1.45 Crore
4944,House,Sindh,Karachi,"Bahria Town Karachi, Karachi, Sindh",3,3,235 Sq. Yd.,For Sale,6/27/2023,PKR1.42 Crore
4945,Flat,Sindh,Karachi,"Gulshan-e-Iqbal Town, Karachi, Sindh",2,2,67 Sq. Yd.,For Sale,7/4/2023,PKR55 Lakh
4946,Flat,Sindh,Karachi,"Bahria Town Karachi, Karachi, Sindh",3,3,250 Sq. Yd.,For Sale,6/27/2023,PKR1.6 Crore
4947,House,Sindh,Karachi,"Bahria Town Karachi, Karachi, Sindh",3,3,125 Sq. Yd.,For Sale,6/27/2023,PKR1.4 Crore
4948,House,Sindh,Karachi,"Bahria Town Karachi, Karachi, Sindh",3,3,200 Sq. Yd.,For Sale,6/27/2023,PKR1.8 Crore
4949,House,Sindh,Karachi,"Bahria Town Karachi, Karachi, Sindh",3,3,200 Sq. Yd.,For Sale,6/27/2023,PKR2.35 Crore
4950,House,Sindh,Karachi,"Bahria Town Karachi, Karachi, Sindh",3,3,152 Sq. Yd.,For Sale,6/27/2023,PKR1.5 Crore
4951,Flat,Sindh,Karachi,"Bahria Town Karachi, Karachi, Sindh",2,2,106 Sq. Yd.,For Sale,6/27/2023,PKR75 Lakh
4952,House,Sindh,Karachi,"Bahria Town Karachi, Karachi, Sindh",3,3,125 Sq. Yd.,For Sale,6/27/2023,PKR1.45 Crore
4953,Flat,Sindh,Karachi,"Clifton, Karachi, Sindh",3,3,178 Sq. Yd.,For Sale,6/27/2023,PKR2 Crore
4954,Flat,Sindh,Karachi,"Clifton, Karachi, Sindh",3,2,111 Sq. Yd.,For Sale,7/11/2023,PKR1.75 Crore
4955,House,Sindh,Karachi,"Gulshan-e-Iqbal Town, Karachi, Sindh",6,6,240 Sq. Yd.,For Sale,6/27/2023,PKR7.5 Crore
4956,House,Sindh,Karachi,"Gulshan-e-Iqbal Town, Karachi, Sindh",6,6,400 Sq. Yd.,For Sale,6/27/2023,PKR9 Crore
4957,House,Sindh,Karachi,"Malir, Karachi, Sindh",2,2,120 Sq. Yd.,For Sale,6/27/2023,PKR70 Lakh
4958,House,Sindh,Karachi,"Malir, Karachi, Sindh",2,3,120 Sq. Yd.,For Sale,6/27/2023,PKR90 Lakh
4959,House,Sindh,Karachi,"Gulistan-e-Jauhar, Karachi, Sindh",6,6,240 Sq. Yd.,For Sale,6/27/2023,PKR5.4 Crore
4960,Lower Portion,Sindh,Karachi,"North Nazimabad, Karachi, Sindh",-,-,135 Sq. Yd.,For Sale,7/18/2023,PKR1.25 Crore
4961,Lower Portion,Sindh,Karachi,"North Nazimabad, Karachi, Sindh",-,-,100 Sq. Yd.,For Sale,7/18/2023,PKR88 Lakh
4962,Lower Portion,Sindh,Karachi,"North Nazimabad, Karachi, Sindh",-,-,135 Sq. Yd.,For Sale,7/18/2023,PKR1.25 Crore
4963,Lower Portion,Sindh,Karachi,"North Nazimabad, Karachi, Sindh",-,-,100 Sq. Yd.,For Sale,7/18/2023,PKR88 Lakh
4964,Lower Portion,Sindh,Karachi,"North Nazimabad, Karachi, Sindh",-,-,135 Sq. Yd.,For Sale,7/18/2023,PKR1.25 Crore
4965,Lower Portion,Sindh,Karachi,"North Nazimabad, Karachi, Sindh",-,-,100 Sq. Yd.,For Sale,7/18/2023,PKR88 Lakh
4966,Lower Portion,Sindh,Karachi,"North Nazimabad, Karachi, Sindh",-,-,135 Sq. Yd.,For Sale,7/18/2023,PKR1.25 Crore
4967,Lower Portion,Sindh,Karachi,"North Nazimabad, Karachi, Sindh",-,-,100 Sq. Yd.,For Sale,7/18/2023,PKR88 Lakh
4968,House,Sindh,Karachi,"New Karachi, Karachi, Sindh",2,3,80 Sq. Yd.,For Sale,6/27/2023,PKR1.05 Crore
4969,Flat,Sindh,Karachi,"DHA Defence, Karachi, Sindh",3,3,167 Sq. Yd.,For Sale,6/27/2023,PKR2.65 Crore
4970,Flat,Sindh,Karachi,"Cantt, Karachi, Sindh",3,3,300 Sq. Yd.,For Sale,6/27/2023,PKR3.7 Crore
4971,House,Sindh,Karachi,"Malir, Karachi, Sindh",5,5,500 Sq. Yd.,For Sale,6/27/2023,PKR8.25 Crore
4972,Flat,Sindh,Karachi,"DHA Defence, Karachi, Sindh",3,3,200 Sq. Yd.,For Sale,6/27/2023,PKR2.8 Crore
4973,Flat,Sindh,Karachi,"DHA Defence, Karachi, Sindh",2,2,113 Sq. Yd.,For Sale,6/27/2023,PKR1.15 Crore
4974,Flat,Sindh,Karachi,"DHA Defence, Karachi, Sindh",3,3,139 Sq. Yd.,For Sale,6/27/2023,PKR1.1 Crore
4975,Flat,Sindh,Karachi,"Gulshan-e-Iqbal Town, Karachi, Sindh",3,3,189 Sq. Yd.,For Sale,6/27/2023,PKR1.7 Crore
4976,Flat,Sindh,Karachi,"Gulshan-e-Iqbal Town, Karachi, Sindh",2,2,117 Sq. Yd.,For Sale,7/1/2023,PKR93 Lakh
4977,Flat,Sindh,Karachi,"Federal B Area, Karachi, Sindh",4,3,183 Sq. Yd.,For Sale,6/27/2023,PKR1.68 Crore
4978,Flat,Sindh,Karachi,"Gulshan-e-Iqbal Town, Karachi, Sindh",4,4,233 Sq. Yd.,For Sale,6/27/2023,PKR2.55 Crore
4979,House,Sindh,Karachi,"Zamzama, Karachi, Sindh",5,5,350 Sq. Yd.,For Sale,6/27/2023,PKR19 Crore
4980,House,Sindh,Karachi,"Zamzama, Karachi, Sindh",10,10,800 Sq. Yd.,For Sale,6/27/2023,PKR60 Crore
4981,House,Sindh,Karachi,"Gulistan-e-Jauhar, Karachi, Sindh",8,8,600 Sq. Yd.,For Sale,6/27/2023,PKR9.8 Crore
4982,House,Sindh,Karachi,"Scheme 33, Karachi, Sindh",4,4,120 Sq. Yd.,For Sale,6/27/2023,PKR2.7 Crore
4983,Lower Portion,Sindh,Karachi,"North Nazimabad, Karachi, Sindh",-,-,135 Sq. Yd.,For Sale,7/18/2023,PKR1.25 Crore
4984,Flat,Sindh,Karachi,"North Karachi, Karachi, Sindh",-,-,94 Sq. Yd.,For Sale,7/18/2023,PKR50 Lakh
4985,Lower Portion,Sindh,Karachi,"North Nazimabad, Karachi, Sindh",-,-,100 Sq. Yd.,For Sale,7/18/2023,PKR88 Lakh
4986,Lower Portion,Sindh,Karachi,"North Nazimabad, Karachi, Sindh",-,-,135 Sq. Yd.,For Sale,7/18/2023,PKR1.25 Crore
4987,Lower Portion,Sindh,Karachi,"North Nazimabad, Karachi, Sindh",-,-,100 Sq. Yd.,For Sale,7/18/2023,PKR88 Lakh
4988,Flat,Sindh,Karachi,"North Karachi, Karachi, Sindh",-,-,94 Sq. Yd.,For Sale,7/18/2023,PKR50 Lakh
4989,Upper Portion,Sindh,Karachi,"North Nazimabad, Karachi, Sindh",3,3,133 Sq. Yd.,For Sale,7/18/2023,PKR1.28 Crore
4990,Upper Portion,Sindh,Karachi,"North Nazimabad, Karachi, Sindh",2,2,100 Sq. Yd.,For Sale,7/18/2023,PKR1.05 Crore
4991,Flat,Sindh,Karachi,"Gulshan-e-Iqbal Town, Karachi, Sindh",3,3,144 Sq. Yd.,For Sale,6/27/2023,PKR1.25 Crore
4992,Flat,Sindh,Karachi,"Gulshan-e-Iqbal Town, Karachi, Sindh",2,2,111 Sq. Yd.,For Sale,6/27/2023,PKR70 Lakh
4993,Flat,Sindh,Karachi,"Gulshan-e-Iqbal Town, Karachi, Sindh",3,3,183 Sq. Yd.,For Sale,6/27/2023,PKR1.8 Crore
4994,Flat,Sindh,Karachi,"Clifton, Karachi, Sindh",5,3,261 Sq. Yd.,For Sale,6/27/2023,PKR4.2 Crore
4995,Flat,Sindh,Karachi,"Gulshan-e-Iqbal Town, Karachi, Sindh",3,3,150 Sq. Yd.,For Sale,6/27/2023,PKR1.2 Crore
4996,House,Sindh,Karachi,"Gadap Town, Karachi, Sindh",6,6,215 Sq. Yd.,For Sale,6/27/2023,PKR3.4 Crore
4997,House,Sindh,Karachi,"Scheme 33, Karachi, Sindh",6,6,240 Sq. Yd.,For Sale,6/27/2023,PKR4.3 Crore
4998,Flat,Sindh,Karachi,"Saadi Road, Karachi, Sindh",2,2,139 Sq. Yd.,For Sale,6/27/2023,PKR1.2 Crore
4999,House,Sindh,Karachi,"Scheme 33, Karachi, Sindh",4,3,120 Sq. Yd.,For Sale,6/27/2023,PKR1.8 Crore
5000,Flat,Sindh,Karachi,"Gulistan-e-Jauhar, Karachi, Sindh",3,3,139 Sq. Yd.,For Sale,6/27/2023,PKR95 Lakh
5001,House,Sindh,Karachi,"Gulshan-e-Iqbal Town, Karachi, Sindh",8,8,400 Sq. Yd.,For Sale,6/27/2023,PKR10.5 Crore
5002,Lower Portion,Sindh,Karachi,"Gulshan-e-Iqbal Town, Karachi, Sindh",5,5,450 Sq. Yd.,For Sale,6/27/2023,PKR4.25 Crore
5003,House,Sindh,Karachi,"North Nazimabad, Karachi, Sindh",9,9,517 Sq. Yd.,For Sale,6/27/2023,PKR6.5 Crore
5004,House,Sindh,Karachi,"Gulshan-e-Iqbal Town, Karachi, Sindh",6,8,600 Sq. Yd.,For Sale,6/27/2023,PKR9.5 Crore
5005,House,Sindh,Karachi,"Gulshan-e-Iqbal Town, Karachi, Sindh",4,4,120 Sq. Yd.,For Sale,6/27/2023,PKR3.85 Crore
5006,House,Sindh,Karachi,"Gulshan-e-Iqbal Town, Karachi, Sindh",5,5,120 Sq. Yd.,For Sale,6/27/2023,PKR3.4 Crore
5007,House,Sindh,Karachi,"Naya Nazimabad, Karachi, Sindh",-,-,120 Sq. Yd.,For Sale,7/18/2023,PKR2.15 Crore
5008,Flat,Sindh,Karachi,"Bahria Town Karachi, Karachi, Sindh",2,2,122 Sq. Yd.,For Sale,7/18/2023,PKR60 Lakh
5009,Flat,Sindh,Karachi,"Bahria Town Karachi, Karachi, Sindh",2,2,122 Sq. Yd.,For Sale,7/18/2023,PKR55 Lakh
5010,Flat,Sindh,Karachi,"Bahria Town Karachi, Karachi, Sindh",3,3,233 Sq. Yd.,For Sale,7/18/2023,PKR1.6 Crore
5011,Flat,Sindh,Karachi,"Bahria Town Karachi, Karachi, Sindh",4,4,317 Sq. Yd.,For Sale,7/18/2023,PKR1.9 Crore
5012,House,Sindh,Karachi,"North Nazimabad, Karachi, Sindh",6,6,200 Sq. Yd.,For Sale,7/2/2023,PKR4.15 Crore
5013,House,Sindh,Karachi,"North Nazimabad, Karachi, Sindh",6,6,200 Sq. Yd.,For Sale,7/2/2023,PKR4.5 Crore
5014,Flat,Sindh,Karachi,"North Nazimabad, Karachi, Sindh",2,2,133 Sq. Yd.,For Sale,7/2/2023,PKR1.15 Crore
5015,Flat,Sindh,Karachi,"DHA Defence, Karachi, Sindh",2,2,50 Sq. Yd.,For Sale,6/27/2023,PKR54 Lakh
5016,Flat,Sindh,Karachi,"Korangi, Karachi, Sindh",1,2,50 Sq. Yd.,For Sale,7/11/2023,PKR18.5 Lakh
5017,Flat,Sindh,Karachi,"Korangi, Karachi, Sindh",2,2,56 Sq. Yd.,For Sale,7/11/2023,PKR22 Lakh
5018,Flat,Sindh,Karachi,"Korangi, Karachi, Sindh",1,2,50 Sq. Yd.,For Sale,7/11/2023,PKR16.5 Lakh
5019,Flat,Sindh,Karachi,"Korangi, Karachi, Sindh",1,2,50 Sq. Yd.,For Sale,7/11/2023,PKR16.5 Lakh
5020,Flat,Sindh,Karachi,"Korangi, Karachi, Sindh",2,2,50 Sq. Yd.,For Sale,7/11/2023,PKR18.5 Lakh
5021,Flat,Sindh,Karachi,"Korangi, Karachi, Sindh",2,2,50 Sq. Yd.,For Sale,7/11/2023,PKR18 Lakh
5022,Flat,Sindh,Karachi,"Korangi, Karachi, Sindh",2,2,50 Sq. Yd.,For Sale,7/11/2023,PKR19 Lakh
5023,Flat,Sindh,Karachi,"Korangi, Karachi, Sindh",1,2,50 Sq. Yd.,For Sale,7/11/2023,PKR19.5 Lakh
5024,Flat,Sindh,Karachi,"Korangi, Karachi, Sindh",1,2,50 Sq. Yd.,For Sale,7/11/2023,PKR18.25 Lakh
5025,Flat,Sindh,Karachi,"Korangi, Karachi, Sindh",2,2,50 Sq. Yd.,For Sale,7/11/2023,PKR18.5 Lakh
5026,Flat,Sindh,Karachi,"Korangi, Karachi, Sindh",2,2,106 Sq. Yd.,For Sale,7/11/2023,PKR42 Lakh
5027,Flat,Sindh,Karachi,"Korangi, Karachi, Sindh",2,2,56 Sq. Yd.,For Sale,7/11/2023,PKR23 Lakh
5028,Flat,Sindh,Karachi,"Korangi, Karachi, Sindh",2,2,50 Sq. Yd.,For Sale,7/11/2023,PKR22 Lakh
5029,Flat,Sindh,Karachi,"Cantt, Karachi, Sindh",4,4,333 Sq. Yd.,For Sale,6/27/2023,PKR4.85 Crore
5030,Flat,Sindh,Karachi,"Cantt, Karachi, Sindh",3,3,286 Sq. Yd.,For Sale,6/27/2023,PKR3.8 Crore
5031,Flat,Sindh,Karachi,"Cantt, Karachi, Sindh",3,3,286 Sq. Yd.,For Sale,6/27/2023,PKR3.65 Crore
5032,Flat,Sindh,Karachi,"Bahria Town Karachi, Karachi, Sindh",3,3,233 Sq. Yd.,For Sale,7/18/2023,PKR1.55 Crore
5033,Flat,Sindh,Karachi,"North Nazimabad, Karachi, Sindh",3,3,167 Sq. Yd.,For Sale,7/2/2023,PKR1.75 Crore
5034,Flat,Sindh,Karachi,"Navy Housing Scheme Karsaz, Karachi, Sindh",5,5,511 Sq. Yd.,For Sale,7/18/2023,PKR7.9 Crore
5035,Flat,Sindh,Karachi,"North Nazimabad, Karachi, Sindh",2,2,111 Sq. Yd.,For Sale,6/29/2023,PKR85 Lakh
5036,Flat,Sindh,Karachi,"DHA Defence, Karachi, Sindh",3,2,167 Sq. Yd.,For Sale,6/29/2023,PKR5.5 Crore
5037,Flat,Sindh,Karachi,"DHA Defence, Karachi, Sindh",3,3,128 Sq. Yd.,For Sale,7/2/2023,PKR1.35 Crore
5038,Flat,Sindh,Karachi,"Cantt, Karachi, Sindh",3,3,286 Sq. Yd.,For Sale,6/27/2023,PKR3.75 Crore
5039,Flat,Sindh,Karachi,"DHA Defence, Karachi, Sindh",3,3,156 Sq. Yd.,For Sale,6/30/2023,PKR3.2 Crore
5040,House,Sindh,Karachi,"Scheme 33, Karachi, Sindh",6,8,400 Sq. Yd.,For Sale,6/27/2023,PKR6.9 Crore
5041,House,Sindh,Karachi,"Malir, Karachi, Sindh",5,4,350 Sq. Yd.,For Sale,6/27/2023,PKR7.4 Crore
5042,House,Sindh,Karachi,"Malir, Karachi, Sindh",5,5,500 Sq. Yd.,For Sale,6/27/2023,PKR8.5 Crore
5043,House,Sindh,Karachi,"Malir, Karachi, Sindh",5,5,500 Sq. Yd.,For Sale,7/11/2023,PKR8.5 Crore
5044,Flat,Sindh,Karachi,"Cantt, Karachi, Sindh",3,3,300 Sq. Yd.,For Sale,7/11/2023,PKR3.75 Crore
5045,Flat,Sindh,Karachi,"Korangi, Karachi, Sindh",2,2,83 Sq. Yd.,For Sale,6/27/2023,PKR38 Lakh
5046,Flat,Sindh,Karachi,"Jinnah Avenue, Karachi, Sindh",4,4,489 Sq. Yd.,For Sale,6/27/2023,PKR3.5 Crore
5047,Flat,Sindh,Karachi,"Cantt, Karachi, Sindh",3,3,286 Sq. Yd.,For Sale,6/27/2023,PKR3.4 Crore
5048,House,Sindh,Karachi,"Cantt, Karachi, Sindh",5,5,500 Sq. Yd.,For Sale,6/27/2023,PKR8.8 Crore
5049,House,Sindh,Karachi,"Malir, Karachi, Sindh",4,4,350 Sq. Yd.,For Sale,6/27/2023,PKR7.7 Crore
5050,House,Sindh,Karachi,"Cantt, Karachi, Sindh",5,5,375 Sq. Yd.,For Sale,6/27/2023,PKR6.95 Crore
5051,House,Sindh,Karachi,"Cantt, Karachi, Sindh",5,5,375 Sq. Yd.,For Sale,7/1/2023,PKR6.95 Crore
5052,Flat,Sindh,Karachi,"DHA Defence, Karachi, Sindh",4,4,391 Sq. Yd.,For Sale,6/27/2023,PKR12.73 Crore
5053,Flat,Sindh,Karachi,"DHA Defence, Karachi, Sindh",2,1,136 Sq. Yd.,For Sale,6/27/2023,PKR4 Crore
5054,House,Sindh,Karachi,"Bahria Town Karachi, Karachi, Sindh",4,4,500 Sq. Yd.,For Sale,7/18/2023,PKR4.5 Crore
5055,House,Sindh,Karachi,"Bahria Town Karachi, Karachi, Sindh",6,5,350 Sq. Yd.,For Sale,6/30/2023,PKR2.05 Crore
5056,Flat,Sindh,Karachi,"Bahria Town Karachi, Karachi, Sindh",3,2,106 Sq. Yd.,For Sale,6/30/2023,PKR90 Lakh
5057,Flat,Sindh,Karachi,"Bahria Town Karachi, Karachi, Sindh",5,4,189 Sq. Yd.,For Sale,6/30/2023,PKR1.6 Crore
5058,Flat,Sindh,Karachi,"Bahria Town Karachi, Karachi, Sindh",4,3,135 Sq. Yd.,For Sale,6/30/2023,PKR1.2 Crore
5059,Flat,Sindh,Karachi,"Cantt, Karachi, Sindh",4,4,367 Sq. Yd.,For Sale,7/18/2023,PKR4.75 Crore
5060,House,Sindh,Karachi,"Gulshan-e-Iqbal Town, Karachi, Sindh",-,-,120 Sq. Yd.,For Sale,7/18/2023,PKR2.1 Crore
5061,House,Sindh,Karachi,"Gulshan-e-Iqbal Town, Karachi, Sindh",-,-,120 Sq. Yd.,For Sale,7/18/2023,PKR2.1 Crore
5062,House,Sindh,Karachi,"Gulistan-e-Jauhar, Karachi, Sindh",3,3,400 Sq. Yd.,For Sale,7/11/2023,PKR6.4 Crore
5063,Lower Portion,Sindh,Karachi,"Gulistan-e-Jauhar, Karachi, Sindh",4,3,300 Sq. Yd.,For Sale,7/11/2023,PKR2.6 Crore
5064,House,Sindh,Karachi,"Malir, Karachi, Sindh",4,4,122 Sq. Yd.,For Sale,7/4/2023,PKR2.45 Crore
5065,Flat,Sindh,Karachi,"Bahria Town Karachi, Karachi, Sindh",1,2,58 Sq. Yd.,For Sale,6/30/2023,PKR42 Lakh
5066,House,Sindh,Karachi,"DHA Defence, Karachi, Sindh",5,5,"1,085 Sq. Yd.",For Sale,7/11/2023,PKR13.75 Crore
5067,House,Sindh,Karachi,"DHA Defence, Karachi, Sindh",5,5,500 Sq. Yd.,For Sale,7/4/2023,PKR11 Crore
5068,House,Sindh,Karachi,"DHA Defence, Karachi, Sindh",6,6,500 Sq. Yd.,For Sale,6/29/2023,PKR16 Crore
5069,House,Sindh,Karachi,"Navy Housing Scheme Karsaz, Karachi, Sindh",6,5,350 Sq. Yd.,For Sale,7/11/2023,PKR14 Crore
5070,Flat,Sindh,Karachi,"North Nazimabad, Karachi, Sindh",4,3,222 Sq. Yd.,For Sale,7/11/2023,PKR4.5 Crore
5071,Flat,Sindh,Karachi,"Scheme 33, Karachi, Sindh",1,-,50 Sq. Yd.,For Sale,7/4/2023,PKR40 Lakh
5072,Flat,Sindh,Karachi,"Scheme 33, Karachi, Sindh",1,-,50 Sq. Yd.,For Sale,6/28/2023,PKR40 Lakh
5073,Upper Portion,Sindh,Karachi,"Gulberg Town, Karachi, Sindh",2,2,60 Sq. Yd.,For Sale,7/4/2023,PKR52 Lakh
5074,House,Sindh,Karachi,"Gulistan-e-Jauhar, Karachi, Sindh",5,5,200 Sq. Yd.,For Sale,7/11/2023,PKR4.75 Crore
5075,Flat,Sindh,Karachi,"Gulistan-e-Jauhar, Karachi, Sindh",1,1,39 Sq. Yd.,For Sale,7/4/2023,PKR27 Lakh
5076,House,Sindh,Karachi,"DHA Defence, Karachi, Sindh",5,5,500 Sq. Yd.,For Sale,7/11/2023,PKR12 Crore
5077,House,Sindh,Karachi,"Scheme 33, Karachi, Sindh",6,8,400 Sq. Yd.,For Sale,7/4/2023,PKR6.6 Crore
5078,House,Sindh,Karachi,"Gadap Town, Karachi, Sindh",3,3,120 Sq. Yd.,For Sale,6/30/2023,PKR70 Lakh
5079,House,Sindh,Karachi,"Malir, Karachi, Sindh",5,6,80 Sq. Yd.,For Sale,7/18/2023,PKR1.05 Crore
5080,Flat,Sindh,Karachi,"Nazimabad, Karachi, Sindh",2,2,78 Sq. Yd.,For Sale,7/18/2023,PKR70 Lakh
5081,Flat,Sindh,Karachi,"Nazimabad, Karachi, Sindh",3,3,89 Sq. Yd.,For Sale,7/18/2023,PKR73 Lakh
5082,Flat,Sindh,Karachi,"Nazimabad, Karachi, Sindh",4,4,133 Sq. Yd.,For Sale,7/18/2023,PKR1.2 Crore
5083,Flat,Sindh,Karachi,"Nazimabad, Karachi, Sindh",2,2,78 Sq. Yd.,For Sale,7/18/2023,PKR73 Lakh
5084,Flat,Sindh,Karachi,"Gulshan-e-Iqbal Town, Karachi, Sindh",4,3,267 Sq. Yd.,For Sale,7/4/2023,PKR3.25 Crore
5085,Flat,Sindh,Karachi,"Gulshan-e-Iqbal Town, Karachi, Sindh",3,3,120 Sq. Yd.,For Sale,7/18/2023,PKR1.35 Crore
5086,Flat,Sindh,Karachi,"Rashid Minhas Road, Karachi, Sindh",2,2,133 Sq. Yd.,For Sale,7/4/2023,PKR1.78 Crore
5087,Flat,Sindh,Karachi,"DHA Defence, Karachi, Sindh",3,3,100 Sq. Yd.,For Sale,7/2/2023,PKR1.15 Crore
5088,House,Sindh,Karachi,"Scheme 33, Karachi, Sindh",6,4,130 Sq. Yd.,For Sale,6/27/2023,PKR2.65 Crore
5089,Flat,Sindh,Karachi,"DHA Defence, Karachi, Sindh",3,3,189 Sq. Yd.,For Sale,6/27/2023,PKR3.2 Crore
5090,Flat,Sindh,Karachi,"Gulistan-e-Jauhar, Karachi, Sindh",3,3,117 Sq. Yd.,For Sale,6/27/2023,PKR90 Lakh
5091,Flat,Sindh,Karachi,"Cantt, Karachi, Sindh",3,3,300 Sq. Yd.,For Sale,6/27/2023,PKR3.75 Crore
5092,Flat,Sindh,Karachi,"North Nazimabad, Karachi, Sindh",3,3,150 Sq. Yd.,For Sale,6/27/2023,PKR1.82 Crore
5093,House,Sindh,Karachi,"DHA Defence, Karachi, Sindh",6,8,600 Sq. Yd.,For Sale,6/27/2023,PKR13.95 Crore
5094,House,Sindh,Karachi,"Gulshan-e-Iqbal Town, Karachi, Sindh",4,4,120 Sq. Yd.,For Sale,7/3/2023,PKR2.3 Crore
5095,Flat,Sindh,Karachi,"Scheme 33, Karachi, Sindh",4,4,267 Sq. Yd.,For Sale,6/27/2023,PKR2.5 Crore
5096,Flat,Sindh,Karachi,"Clifton, Karachi, Sindh",6,4,467 Sq. Yd.,For Sale,6/27/2023,PKR5.9 Crore
5097,Flat,Sindh,Karachi,"Clifton, Karachi, Sindh",5,4,244 Sq. Yd.,For Sale,6/27/2023,PKR4.5 Crore
5098,Flat,Sindh,Karachi,"Clifton, Karachi, Sindh",4,3,189 Sq. Yd.,For Sale,6/27/2023,PKR4.25 Crore
5099,Flat,Sindh,Karachi,"Civil Lines, Karachi, Sindh",5,3,294 Sq. Yd.,For Sale,6/27/2023,PKR9.28 Crore
5100,Flat,Sindh,Karachi,"Clifton, Karachi, Sindh",6,4,667 Sq. Yd.,For Sale,6/27/2023,PKR8.93 Crore
5101,Flat,Sindh,Karachi,"Clifton, Karachi, Sindh",6,4,383 Sq. Yd.,For Sale,6/27/2023,PKR8.5 Crore
5102,House,Sindh,Karachi,"Naya Nazimabad, Karachi, Sindh",3,3,240 Sq. Yd.,For Sale,7/4/2023,PKR3.55 Crore
5103,House,Sindh,Karachi,"North Nazimabad, Karachi, Sindh",6,6,240 Sq. Yd.,For Sale,6/27/2023,PKR6.49 Crore
5104,House,Sindh,Karachi,"Gulshan-e-Iqbal Town, Karachi, Sindh",-,-,120 Sq. Yd.,For Sale,7/18/2023,PKR2.1 Crore
5105,House,Sindh,Karachi,"Gulshan-e-Iqbal Town, Karachi, Sindh",-,-,120 Sq. Yd.,For Sale,7/18/2023,PKR2.1 Crore
5106,House,Sindh,Karachi,"Gulshan-e-Iqbal Town, Karachi, Sindh",-,-,120 Sq. Yd.,For Sale,7/18/2023,PKR2.1 Crore
5107,House,Sindh,Karachi,"Gulshan-e-Iqbal Town, Karachi, Sindh",-,-,120 Sq. Yd.,For Sale,7/18/2023,PKR2.1 Crore
5108,House,Sindh,Karachi,"Gulshan-e-Iqbal Town, Karachi, Sindh",-,-,120 Sq. Yd.,For Sale,7/18/2023,PKR2.1 Crore
5109,House,Sindh,Karachi,"Gulshan-e-Iqbal Town, Karachi, Sindh",-,-,120 Sq. Yd.,For Sale,7/18/2023,PKR2.1 Crore
5110,House,Sindh,Karachi,"Gulshan-e-Iqbal Town, Karachi, Sindh",-,-,120 Sq. Yd.,For Sale,7/18/2023,PKR2.1 Crore
5111,House,Sindh,Karachi,"Gulshan-e-Iqbal Town, Karachi, Sindh",-,-,120 Sq. Yd.,For Sale,7/18/2023,PKR2.1 Crore
5112,Flat,Sindh,Karachi,"Gulistan-e-Jauhar, Karachi, Sindh",3,3,183 Sq. Yd.,For Sale,6/27/2023,PKR2.75 Crore
5113,House,Sindh,Karachi,"Cantt, Karachi, Sindh",5,5,375 Sq. Yd.,For Sale,7/4/2023,PKR6.74 Crore
5114,House,Sindh,Karachi,"Cantt, Karachi, Sindh",5,5,375 Sq. Yd.,For Sale,7/4/2023,PKR7.1 Crore
5115,House,Sindh,Karachi,"Scheme 33, Karachi, Sindh",3,3,120 Sq. Yd.,For Sale,6/27/2023,PKR2.25 Crore
5116,House,Sindh,Karachi,"Cantt, Karachi, Sindh",5,5,427 Sq. Yd.,For Sale,6/27/2023,PKR8.5 Crore
5117,House,Sindh,Karachi,"Cantt, Karachi, Sindh",5,5,500 Sq. Yd.,For Sale,6/27/2023,PKR8.25 Crore
5118,House,Sindh,Karachi,"Cantt, Karachi, Sindh",5,5,500 Sq. Yd.,For Sale,6/27/2023,PKR8.1 Crore
5119,Flat,Sindh,Karachi,"Cantt, Karachi, Sindh",3,3,286 Sq. Yd.,For Sale,6/27/2023,PKR3.75 Crore
5120,Flat,Sindh,Karachi,"Cantt, Karachi, Sindh",3,3,286 Sq. Yd.,For Sale,6/27/2023,PKR3.6 Crore
5121,Flat,Sindh,Karachi,"Cantt, Karachi, Sindh",3,3,286 Sq. Yd.,For Sale,6/27/2023,PKR3.7 Crore
5122,Flat,Sindh,Karachi,"Cantt, Karachi, Sindh",3,3,286 Sq. Yd.,For Sale,6/27/2023,PKR3.75 Crore
5123,Flat,Sindh,Karachi,"Cantt, Karachi, Sindh",3,3,286 Sq. Yd.,For Sale,7/4/2023,PKR3.55 Crore
5124,House,Sindh,Karachi,"Cantt, Karachi, Sindh",5,5,375 Sq. Yd.,For Sale,7/4/2023,PKR7 Crore
5125,Flat,Sindh,Karachi,"Cantt, Karachi, Sindh",4,4,367 Sq. Yd.,For Sale,7/4/2023,PKR4.65 Crore
5126,Flat,Sindh,Karachi,"North Nazimabad, Karachi, Sindh",2,2,133 Sq. Yd.,For Sale,7/4/2023,PKR1.2 Crore
5127,Flat,Sindh,Karachi,"North Nazimabad, Karachi, Sindh",2,2,133 Sq. Yd.,For Sale,6/27/2023,PKR1.2 Crore
5128,House,Sindh,Karachi,"Gulshan-e-Iqbal Town, Karachi, Sindh",-,-,120 Sq. Yd.,For Sale,7/18/2023,PKR2.1 Crore
5129,House,Sindh,Karachi,"Gulshan-e-Iqbal Town, Karachi, Sindh",-,-,120 Sq. Yd.,For Sale,7/18/2023,PKR2.1 Crore
5130,House,Sindh,Karachi,"Gulshan-e-Iqbal Town, Karachi, Sindh",-,-,120 Sq. Yd.,For Sale,7/18/2023,PKR2.1 Crore
5131,House,Sindh,Karachi,"Gulshan-e-Iqbal Town, Karachi, Sindh",-,-,120 Sq. Yd.,For Sale,7/18/2023,PKR2.1 Crore
5132,House,Sindh,Karachi,"Gulshan-e-Iqbal Town, Karachi, Sindh",-,-,120 Sq. Yd.,For Sale,7/18/2023,PKR2.1 Crore
5133,House,Sindh,Karachi,"Gulshan-e-Iqbal Town, Karachi, Sindh",-,-,120 Sq. Yd.,For Sale,7/18/2023,PKR2.1 Crore
5134,House,Sindh,Karachi,"Gulshan-e-Iqbal Town, Karachi, Sindh",-,-,120 Sq. Yd.,For Sale,7/18/2023,PKR2.1 Crore
5135,House,Sindh,Karachi,"Gulshan-e-Iqbal Town, Karachi, Sindh",-,-,120 Sq. Yd.,For Sale,7/18/2023,PKR2.1 Crore
5136,Lower Portion,Sindh,Karachi,"Jamshed Town, Karachi, Sindh",3,3,172 Sq. Yd.,For Sale,7/4/2023,PKR2.55 Crore
5137,Flat,Sindh,Karachi,"Korangi, Karachi, Sindh",3,3,84 Sq. Yd.,For Sale,7/11/2023,PKR48 Lakh
5138,Flat,Sindh,Karachi,"Korangi, Karachi, Sindh",2,2,60 Sq. Yd.,For Sale,7/11/2023,PKR29 Lakh
5139,House,Sindh,Karachi,"Scheme 33, Karachi, Sindh",6,4,120 Sq. Yd.,For Sale,7/11/2023,PKR2.15 Crore
5140,House,Sindh,Karachi,"Gulshan-e-Iqbal Town, Karachi, Sindh",6,7,120 Sq. Yd.,For Sale,7/11/2023,PKR3.25 Crore
5141,House,Sindh,Karachi,"Gulshan-e-Iqbal Town, Karachi, Sindh",6,10,750 Sq. Yd.,For Sale,7/11/2023,PKR12 Crore
5142,Upper Portion,Sindh,Karachi,"Gulistan-e-Jauhar, Karachi, Sindh",3,3,200 Sq. Yd.,For Sale,7/11/2023,PKR2 Crore
5143,Penthouse,Sindh,Karachi,"Gulistan-e-Jauhar, Karachi, Sindh",-,-,300 Sq. Yd.,For Sale,7/11/2023,PKR1.15 Crore
5144,Upper Portion,Sindh,Karachi,"Gulistan-e-Jauhar, Karachi, Sindh",3,3,200 Sq. Yd.,For Sale,7/11/2023,PKR1.75 Crore
5145,Flat,Sindh,Karachi,"Scheme 33, Karachi, Sindh",3,3,100 Sq. Yd.,For Sale,7/18/2023,PKR83 Lakh
5146,Upper Portion,Sindh,Karachi,"Federal B Area, Karachi, Sindh",2,2,83 Sq. Yd.,For Sale,7/18/2023,PKR64.5 Lakh
5147,Upper Portion,Sindh,Karachi,"Federal B Area, Karachi, Sindh",2,2,83 Sq. Yd.,For Sale,7/11/2023,PKR65 Lakh
5148,Upper Portion,Sindh,Karachi,"Federal B Area, Karachi, Sindh",-,-,83 Sq. Yd.,For Sale,7/18/2023,PKR65 Lakh
5149,Upper Portion,Sindh,Karachi,"Federal B Area, Karachi, Sindh",-,-,83 Sq. Yd.,For Sale,7/18/2023,PKR65 Lakh
5150,Upper Portion,Sindh,Karachi,"Federal B Area, Karachi, Sindh",-,-,60 Sq. Yd.,For Sale,7/11/2023,PKR42 Lakh
5151,Upper Portion,Sindh,Karachi,"Jamshed Town, Karachi, Sindh",3,3,156 Sq. Yd.,For Sale,7/11/2023,PKR2.75 Crore
5152,Flat,Sindh,Karachi,"Scheme 33, Karachi, Sindh",3,3,167 Sq. Yd.,For Sale,7/18/2023,PKR1.3 Crore
5153,Flat,Sindh,Karachi,"DHA Defence, Karachi, Sindh",5,3,272 Sq. Yd.,For Sale,7/18/2023,PKR6.8 Crore
5154,Flat,Sindh,Karachi,"DHA Defence, Karachi, Sindh",-,-,245 Sq. Yd.,For Sale,7/18/2023,PKR4.8 Crore
5155,Flat,Sindh,Karachi,"DHA Defence, Karachi, Sindh",4,2,200 Sq. Yd.,For Sale,7/18/2023,PKR5.75 Crore
5156,Flat,Sindh,Karachi,"DHA Defence, Karachi, Sindh",5,3,272 Sq. Yd.,For Sale,7/18/2023,PKR7.1 Crore
5157,Upper Portion,Sindh,Karachi,"Federal B Area, Karachi, Sindh",2,2,83 Sq. Yd.,For Sale,7/18/2023,PKR55 Lakh
5158,House,Sindh,Karachi,"Gulshan-e-Iqbal Town, Karachi, Sindh",3,3,450 Sq. Yd.,For Sale,7/18/2023,PKR8 Crore
5159,Flat,Sindh,Karachi,"DHA Defence, Karachi, Sindh",2,1,167 Sq. Yd.,For Sale,7/11/2023,PKR4.95 Crore
5160,Flat,Sindh,Karachi,"DHA Defence, Karachi, Sindh",4,3,278 Sq. Yd.,For Sale,7/11/2023,PKR8.5 Crore
5161,Flat,Sindh,Karachi,"DHA Defence, Karachi, Sindh",2,2,100 Sq. Yd.,For Sale,7/11/2023,PKR1.5 Crore
5162,Flat,Sindh,Karachi,"Gulshan-e-Iqbal Town, Karachi, Sindh",2,2,122 Sq. Yd.,For Sale,6/27/2023,PKR1.45 Crore
5163,House,Sindh,Karachi,"North Karachi, Karachi, Sindh",5,4,120 Sq. Yd.,For Sale,6/27/2023,PKR2 Crore
5164,House,Sindh,Karachi,"North Karachi, Karachi, Sindh",4,3,240 Sq. Yd.,For Sale,6/27/2023,PKR3.5 Crore
5165,House,Sindh,Karachi,"Bahria Town Karachi, Karachi, Sindh",3,3,200 Sq. Yd.,For Sale,6/27/2023,PKR1.7 Crore
5166,House,Sindh,Karachi,"Malir, Karachi, Sindh",5,4,350 Sq. Yd.,For Sale,7/11/2023,PKR7.65 Crore
5167,Flat,Sindh,Karachi,"Bath Island, Karachi, Sindh",4,3,222 Sq. Yd.,For Sale,7/2/2023,PKR6.2 Crore
5168,Flat,Sindh,Karachi,"Cantt, Karachi, Sindh",3,3,300 Sq. Yd.,For Sale,7/4/2023,PKR3.8 Crore
5169,Flat,Sindh,Karachi,"DHA Defence, Karachi, Sindh",3,2,100 Sq. Yd.,For Sale,7/4/2023,PKR70 Lakh
5170,Flat,Sindh,Karachi,"Gizri, Karachi, Sindh",2,2,122 Sq. Yd.,For Sale,7/4/2023,PKR91 Lakh
5171,Flat,Sindh,Karachi,"Malir, Karachi, Sindh",4,4,133 Sq. Yd.,For Sale,6/27/2023,PKR2.6 Crore
5172,House,Sindh,Karachi,"DHA Defence, Karachi, Sindh",6,4,400 Sq. Yd.,For Sale,6/27/2023,PKR7.85 Crore
5173,House,Sindh,Karachi,"Gulshan-e-Iqbal Town, Karachi, Sindh",6,6,500 Sq. Yd.,For Sale,6/27/2023,PKR18 Crore
5174,Flat,Sindh,Karachi,"Cantt, Karachi, Sindh",3,3,286 Sq. Yd.,For Sale,6/27/2023,PKR3.6 Crore
5175,Flat,Sindh,Karachi,"Chapal Courtyard, Karachi, Sindh",2,2,83 Sq. Yd.,For Sale,6/27/2023,PKR90 Lakh
5176,House,Sindh,Karachi,"Malir, Karachi, Sindh",5,4,133 Sq. Yd.,For Sale,7/4/2023,PKR2.6 Crore
5177,Flat,Sindh,Karachi,"Gulistan-e-Jauhar, Karachi, Sindh",3,3,139 Sq. Yd.,For Sale,6/27/2023,PKR1.1 Crore
5178,Flat,Sindh,Karachi,"Gulshan-e-Iqbal Town, Karachi, Sindh",3,3,189 Sq. Yd.,For Sale,7/18/2023,PKR3.1 Crore
5179,Flat,Sindh,Karachi,"Gulshan-e-Iqbal Town, Karachi, Sindh",3,3,189 Sq. Yd.,For Sale,7/18/2023,PKR3.1 Crore
5180,Flat,Sindh,Karachi,"Gulshan-e-Iqbal Town, Karachi, Sindh",3,3,189 Sq. Yd.,For Sale,7/18/2023,PKR3.1 Crore
5181,Flat,Sindh,Karachi,"Gulshan-e-Iqbal Town, Karachi, Sindh",3,3,189 Sq. Yd.,For Sale,7/18/2023,PKR3.1 Crore
5182,Flat,Sindh,Karachi,"Gulshan-e-Iqbal Town, Karachi, Sindh",3,3,189 Sq. Yd.,For Sale,7/18/2023,PKR3.1 Crore
5183,Flat,Sindh,Karachi,"Gulshan-e-Iqbal Town, Karachi, Sindh",3,3,189 Sq. Yd.,For Sale,7/18/2023,PKR3.1 Crore
5184,Flat,Sindh,Karachi,"Gulshan-e-Iqbal Town, Karachi, Sindh",3,3,189 Sq. Yd.,For Sale,7/18/2023,PKR3.1 Crore
5185,Flat,Sindh,Karachi,"Gulshan-e-Iqbal Town, Karachi, Sindh",3,3,189 Sq. Yd.,For Sale,7/18/2023,PKR3.1 Crore
5186,House,Sindh,Karachi,"Bahria Town Karachi, Karachi, Sindh",4,4,132 Sq. Yd.,For Sale,6/27/2023,PKR1.55 Crore
5187,House,Sindh,Karachi,"DHA Defence, Karachi, Sindh",5,5,500 Sq. Yd.,For Sale,6/29/2023,PKR11 Crore
5188,House,Sindh,Karachi,"DHA Defence, Karachi, Sindh",-,-,500 Sq. Yd.,For Sale,6/29/2023,PKR10.5 Crore
5189,House,Sindh,Karachi,"DHA Defence, Karachi, Sindh",5,5,600 Sq. Yd.,For Sale,6/29/2023,PKR11 Crore
5190,House,Sindh,Karachi,"DHA Defence, Karachi, Sindh",5,5,500 Sq. Yd.,For Sale,6/29/2023,PKR10 Crore
5191,House,Sindh,Karachi,"DHA Defence, Karachi, Sindh",6,6,500 Sq. Yd.,For Sale,6/29/2023,PKR12.5 Crore
5192,Flat,Sindh,Karachi,"Jamshed Town, Karachi, Sindh",3,3,178 Sq. Yd.,For Sale,6/27/2023,PKR4.25 Crore
5193,Flat,Sindh,Karachi,"DHA Defence, Karachi, Sindh",2,2,186 Sq. Yd.,For Sale,6/27/2023,PKR5.97 Crore
5194,Flat,Sindh,Karachi,"DHA Defence, Karachi, Sindh",2,2,186 Sq. Yd.,For Sale,7/11/2023,PKR4.85 Crore
5195,Flat,Sindh,Karachi,"DHA Defence, Karachi, Sindh",3,3,167 Sq. Yd.,For Sale,6/30/2023,PKR1.45 Crore
5196,House,Sindh,Karachi,"Gulistan-e-Jauhar, Karachi, Sindh",5,5,400 Sq. Yd.,For Sale,7/11/2023,PKR9 Crore
5197,House,Sindh,Karachi,"DHA Defence, Karachi, Sindh",5,3,406 Sq. Yd.,For Sale,6/27/2023,PKR9.25 Crore
5198,Flat,Sindh,Karachi,"Clifton, Karachi, Sindh",4,3,200 Sq. Yd.,For Sale,6/27/2023,PKR3.7 Crore
5199,Flat,Sindh,Karachi,"DHA Defence, Karachi, Sindh",5,3,333 Sq. Yd.,For Sale,6/27/2023,PKR2.5 Crore
5200,Flat,Sindh,Karachi,"Clifton, Karachi, Sindh",6,4,389 Sq. Yd.,For Sale,6/27/2023,PKR8 Crore
5201,Flat,Sindh,Karachi,"DHA Defence, Karachi, Sindh",4,3,264 Sq. Yd.,For Sale,6/27/2023,PKR8.45 Crore
5202,Flat,Sindh,Karachi,"Clifton, Karachi, Sindh",6,4,467 Sq. Yd.,For Sale,6/27/2023,PKR7.5 Crore
5203,Flat,Sindh,Karachi,"Gulshan-e-Iqbal Town, Karachi, Sindh",3,3,189 Sq. Yd.,For Sale,7/18/2023,PKR3.1 Crore
5204,Flat,Sindh,Karachi,"Gulshan-e-Iqbal Town, Karachi, Sindh",3,3,189 Sq. Yd.,For Sale,7/18/2023,PKR3.1 Crore
5205,Flat,Sindh,Karachi,"Gulshan-e-Iqbal Town, Karachi, Sindh",3,3,189 Sq. Yd.,For Sale,7/18/2023,PKR3.1 Crore
5206,Flat,Sindh,Karachi,"Gulshan-e-Iqbal Town, Karachi, Sindh",3,3,189 Sq. Yd.,For Sale,7/18/2023,PKR3.1 Crore
5207,Flat,Sindh,Karachi,"Gulshan-e-Iqbal Town, Karachi, Sindh",3,3,189 Sq. Yd.,For Sale,7/18/2023,PKR3.1 Crore
5208,Flat,Sindh,Karachi,"Gulshan-e-Iqbal Town, Karachi, Sindh",3,3,189 Sq. Yd.,For Sale,7/18/2023,PKR3.1 Crore
5209,Flat,Sindh,Karachi,"Gulshan-e-Iqbal Town, Karachi, Sindh",3,3,189 Sq. Yd.,For Sale,7/18/2023,PKR3.1 Crore
5210,Flat,Sindh,Karachi,"Malir, Karachi, Sindh",2,2,67 Sq. Yd.,For Sale,7/18/2023,PKR55 Lakh
5211,Flat,Sindh,Karachi,"Bath Island, Karachi, Sindh",4,3,244 Sq. Yd.,For Sale,6/27/2023,PKR5.3 Crore
5212,Flat,Sindh,Karachi,"Clifton, Karachi, Sindh",4,3,244 Sq. Yd.,For Sale,6/27/2023,PKR5.25 Crore
5213,Flat,Sindh,Karachi,"Clifton, Karachi, Sindh",6,4,311 Sq. Yd.,For Sale,6/27/2023,PKR7.25 Crore
5214,Flat,Sindh,Karachi,"Bath Island, Karachi, Sindh",4,3,244 Sq. Yd.,For Sale,6/27/2023,PKR5.5 Crore
5215,Flat,Sindh,Karachi,"Clifton, Karachi, Sindh",5,3,268 Sq. Yd.,For Sale,6/27/2023,PKR7.25 Crore
5216,Flat,Sindh,Karachi,"Clifton, Karachi, Sindh",4,3,333 Sq. Yd.,For Sale,6/27/2023,PKR7 Crore
5217,Flat,Sindh,Karachi,"Clifton, Karachi, Sindh",4,3,244 Sq. Yd.,For Sale,6/27/2023,PKR4.2 Crore
5218,House,Sindh,Karachi,"DHA Defence, Karachi, Sindh",6,5,500 Sq. Yd.,For Sale,6/27/2023,PKR15 Crore
5219,Flat,Sindh,Karachi,"Clifton, Karachi, Sindh",6,4,333 Sq. Yd.,For Sale,6/27/2023,PKR8.3 Crore
5220,Flat,Sindh,Karachi,"Clifton, Karachi, Sindh",4,3,189 Sq. Yd.,For Sale,6/27/2023,PKR2.45 Crore
5221,Flat,Sindh,Karachi,"Gulistan-e-Jauhar, Karachi, Sindh",5,4,222 Sq. Yd.,For Sale,7/11/2023,PKR3 Crore
5222,House,Sindh,Karachi,"Gulistan-e-Jauhar, Karachi, Sindh",6,6,240 Sq. Yd.,For Sale,6/30/2023,PKR5.5 Crore
5223,Flat,Sindh,Karachi,"Gulistan-e-Jauhar, Karachi, Sindh",3,3,183 Sq. Yd.,For Sale,7/4/2023,PKR2.75 Crore
5224,Flat,Sindh,Karachi,"Gulistan-e-Jauhar, Karachi, Sindh",2,2,122 Sq. Yd.,For Sale,6/30/2023,PKR1.25 Crore
5225,Flat,Sindh,Karachi,"Malir, Karachi, Sindh",4,3,244 Sq. Yd.,For Sale,6/27/2023,PKR3.4 Crore
5226,House,Sindh,Karachi,"Malir, Karachi, Sindh",3,3,120 Sq. Yd.,For Sale,6/27/2023,PKR2.15 Crore
5227,House,Sindh,Karachi,"Gadap Town, Karachi, Sindh",5,4,120 Sq. Yd.,For Sale,6/27/2023,PKR1.7 Crore
5228,Flat,Sindh,Karachi,"Malir, Karachi, Sindh",2,2,67 Sq. Yd.,For Sale,7/18/2023,PKR55 Lakh
5229,Flat,Sindh,Karachi,"Malir, Karachi, Sindh",2,2,67 Sq. Yd.,For Sale,7/18/2023,PKR55 Lakh
5230,Flat,Sindh,Karachi,"Malir, Karachi, Sindh",2,2,67 Sq. Yd.,For Sale,7/18/2023,PKR55 Lakh
5231,House,Sindh,Karachi,"Korangi, Karachi, Sindh",1,1,40 Sq. Yd.,For Sale,7/18/2023,PKR14 Lakh
5232,Flat,Sindh,Karachi,"DHA Defence, Karachi, Sindh",3,3,189 Sq. Yd.,For Sale,7/18/2023,PKR2.5 Crore
5233,Flat,Sindh,Karachi,"Clifton, Karachi, Sindh",-,3,128 Sq. Yd.,For Sale,7/18/2023,PKR1.6 Crore
5234,Flat,Sindh,Karachi,"DHA Defence, Karachi, Sindh",2,2,111 Sq. Yd.,For Sale,7/18/2023,PKR1.1 Crore
5235,Flat,Sindh,Karachi,"Garden West, Karachi, Sindh",2,2,72 Sq. Yd.,For Sale,7/18/2023,PKR65 Lakh
5236,Flat,Sindh,Karachi,"DHA Defence, Karachi, Sindh",2,2,106 Sq. Yd.,For Sale,6/27/2023,PKR57 Lakh
5237,Flat,Sindh,Karachi,"Khalid Bin Walid Road, Karachi, Sindh",4,4,289 Sq. Yd.,For Sale,6/27/2023,PKR7 Crore
5238,Flat,Sindh,Karachi,"Rashid Minhas Road, Karachi, Sindh",4,4,370 Sq. Yd.,For Sale,6/27/2023,PKR4.25 Crore
5239,Flat,Sindh,Karachi,"North Nazimabad, Karachi, Sindh",4,4,299 Sq. Yd.,For Sale,6/27/2023,PKR3.1 Crore
5240,Flat,Sindh,Karachi,"North Nazimabad, Karachi, Sindh",3,3,273 Sq. Yd.,For Sale,6/27/2023,PKR2.83 Crore
5241,House,Sindh,Karachi,"KDA Scheme 1, Karachi, Sindh",10,11,"1,000 Sq. Yd.",For Sale,7/11/2023,PKR33 Crore
5242,House,Sindh,Karachi,"Gadap Town, Karachi, Sindh",2,2,120 Sq. Yd.,For Sale,7/11/2023,PKR1.25 Crore
5243,Flat,Sindh,Karachi,"Bahria Town Karachi, Karachi, Sindh",2,2,97 Sq. Yd.,For Sale,6/27/2023,PKR70 Lakh
5244,Lower Portion,Sindh,Karachi,"Gulistan-e-Jauhar, Karachi, Sindh",3,3,400 Sq. Yd.,For Sale,6/27/2023,PKR3.5 Crore
5245,House,Sindh,Karachi,"DHA Defence, Karachi, Sindh",6,5,500 Sq. Yd.,For Sale,6/27/2023,PKR21 Crore
5246,House,Sindh,Karachi,"DHA Defence, Karachi, Sindh",4,3,100 Sq. Yd.,For Sale,6/27/2023,PKR4.3 Crore
5247,House,Sindh,Karachi,"DHA Defence, Karachi, Sindh",5,5,300 Sq. Yd.,For Sale,6/27/2023,PKR6.65 Crore
5248,House,Sindh,Karachi,"DHA Defence, Karachi, Sindh",6,6,300 Sq. Yd.,For Sale,6/27/2023,PKR6.7 Crore
5249,House,Sindh,Karachi,"DHA Defence, Karachi, Sindh",5,5,500 Sq. Yd.,For Sale,6/27/2023,PKR13 Crore
5250,Upper Portion,Sindh,Karachi,"North Nazimabad, Karachi, Sindh",2,2,100 Sq. Yd.,For Sale,6/27/2023,PKR85 Lakh
5251,Flat,Sindh,Karachi,"Cantt, Karachi, Sindh",3,3,300 Sq. Yd.,For Sale,6/27/2023,PKR4.2 Crore
5252,House,Sindh,Karachi,"DHA Defence, Karachi, Sindh",6,6,500 Sq. Yd.,For Sale,6/27/2023,PKR12 Crore
5253,House,Sindh,Karachi,"DHA Defence, Karachi, Sindh",4,4,500 Sq. Yd.,For Sale,7/18/2023,PKR7.8 Crore
5254,House,Sindh,Karachi,"Korangi, Karachi, Sindh",2,3,80 Sq. Yd.,For Sale,7/18/2023,PKR30 Lakh
5255,House,Sindh,Karachi,"Korangi, Karachi, Sindh",2,3,80 Sq. Yd.,For Sale,7/18/2023,PKR35 Lakh
5256,House,Sindh,Karachi,"Gulshan-e-Iqbal Town, Karachi, Sindh",5,5,350 Sq. Yd.,For Sale,7/18/2023,PKR5.5 Crore
5257,Flat,Sindh,Karachi,"Gulberg Town, Karachi, Sindh",3,3,167 Sq. Yd.,For Sale,7/18/2023,PKR1.9 Crore
5258,Upper Portion,Sindh,Karachi,"Gulshan-e-Iqbal Town, Karachi, Sindh",3,3,240 Sq. Yd.,For Sale,7/18/2023,PKR2.85 Crore
5259,Flat,Sindh,Karachi,"Gulshan-e-Iqbal Town, Karachi, Sindh",4,4,267 Sq. Yd.,For Sale,7/18/2023,PKR2.6 Crore
5260,Flat,Sindh,Karachi,"Gulshan-e-Iqbal Town, Karachi, Sindh",-,-,167 Sq. Yd.,For Sale,7/18/2023,PKR1.35 Crore
5261,Flat,Sindh,Karachi,"Clifton, Karachi, Sindh",2,3,350 Sq. Yd.,For Sale,6/27/2023,PKR4.25 Crore
5262,Flat,Sindh,Karachi,"Clifton, Karachi, Sindh",3,3,233 Sq. Yd.,For Sale,6/27/2023,PKR5.4 Crore
5263,House,Sindh,Karachi,"Orangi Town, Karachi, Sindh",4,6,101 Sq. Yd.,For Sale,6/27/2023,PKR1.85 Crore
5264,House,Sindh,Karachi,"Gulshan-e-Iqbal Town, Karachi, Sindh",5,4,120 Sq. Yd.,For Sale,7/3/2023,PKR2.25 Crore
5265,House,Sindh,Karachi,"Gulshan-e-Iqbal Town, Karachi, Sindh",3,3,240 Sq. Yd.,For Sale,7/3/2023,PKR3.6 Crore
5266,Upper Portion,Sindh,Karachi,"Gulberg Town, Karachi, Sindh",2,2,60 Sq. Yd.,For Sale,7/4/2023,PKR52 Lakh
5267,House,Sindh,Karachi,"Gulistan-e-Jauhar, Karachi, Sindh",5,5,200 Sq. Yd.,For Sale,7/11/2023,PKR4.75 Crore
5268,Flat,Sindh,Karachi,"Gulistan-e-Jauhar, Karachi, Sindh",1,1,39 Sq. Yd.,For Sale,7/4/2023,PKR27 Lakh
5269,House,Sindh,Karachi,"DHA Defence, Karachi, Sindh",5,5,500 Sq. Yd.,For Sale,7/11/2023,PKR12 Crore
5270,House,Sindh,Karachi,"Scheme 33, Karachi, Sindh",6,8,400 Sq. Yd.,For Sale,7/4/2023,PKR6.6 Crore
5271,House,Sindh,Karachi,"Gadap Town, Karachi, Sindh",3,3,120 Sq. Yd.,For Sale,6/30/2023,PKR70 Lakh
5272,Flat,Sindh,Karachi,"Cosmopolitan Society, Karachi, Sindh",4,4,278 Sq. Yd.,For Sale,7/11/2023,PKR3.5 Crore
5273,House,Sindh,Karachi,"Federal B Area, Karachi, Sindh",-,-,400 Sq. Yd.,For Sale,7/11/2023,PKR6.75 Crore
5274,Flat,Sindh,Karachi,"Gadap Town, Karachi, Sindh",2,2,83 Sq. Yd.,For Sale,7/4/2023,PKR38 Lakh
5275,House,Sindh,Karachi,"Gadap Town, Karachi, Sindh",5,4,120 Sq. Yd.,For Sale,7/11/2023,PKR2.1 Crore
5276,House,Sindh,Karachi,"Federal B Area, Karachi, Sindh",6,10,600 Sq. Yd.,For Sale,7/11/2023,PKR12.5 Crore
5277,House,Sindh,Karachi,"Federal B Area, Karachi, Sindh",-,-,200 Sq. Yd.,For Sale,7/11/2023,PKR4 Crore
5278,Flat,Sindh,Karachi,"Gulshan-e-Iqbal Town, Karachi, Sindh",5,4,200 Sq. Yd.,For Sale,7/18/2023,PKR2.6 Crore
5279,Flat,Sindh,Karachi,"Gulshan-e-Iqbal Town, Karachi, Sindh",2,2,111 Sq. Yd.,For Sale,7/18/2023,PKR1 Crore
5280,Flat,Sindh,Karachi,"Gulshan-e-Iqbal Town, Karachi, Sindh",2,2,111 Sq. Yd.,For Sale,7/18/2023,PKR92 Lakh
5281,House,Sindh,Karachi,"Gulshan-e-Iqbal Town, Karachi, Sindh",6,6,120 Sq. Yd.,For Sale,7/18/2023,PKR3.25 Crore
5282,House,Sindh,Karachi,"Gulshan-e-Iqbal Town, Karachi, Sindh",7,6,350 Sq. Yd.,For Sale,7/18/2023,PKR5.5 Crore
5283,Flat,Sindh,Karachi,"Bahria Town Karachi, Karachi, Sindh",3,3,45 Sq. Yd.,For Sale,7/11/2023,PKR35.74 Lakh
5284,Flat,Sindh,Karachi,"Bahria Town Karachi, Karachi, Sindh",3,3,45 Sq. Yd.,For Sale,7/18/2023,PKR35.74 Lakh
5285,Flat,Sindh,Karachi,"Bahria Town Karachi, Karachi, Sindh",2,2,35 Sq. Yd.,For Sale,7/11/2023,PKR27.84 Lakh
5286,House,Sindh,Karachi,"Federal B Area, Karachi, Sindh",-,-,400 Sq. Yd.,For Sale,7/11/2023,PKR7.15 Crore
5287,House,Sindh,Karachi,"Federal B Area, Karachi, Sindh",-,-,400 Sq. Yd.,For Sale,7/11/2023,PKR6.75 Crore
5288,House,Sindh,Karachi,"Federal B Area, Karachi, Sindh",-,-,400 Sq. Yd.,For Sale,7/11/2023,PKR7.5 Crore
5289,House,Sindh,Karachi,"Federal B Area, Karachi, Sindh",-,-,400 Sq. Yd.,For Sale,7/11/2023,PKR6.5 Crore
5290,House,Sindh,Karachi,"Federal B Area, Karachi, Sindh",-,-,400 Sq. Yd.,For Sale,7/11/2023,PKR6.45 Crore
5291,Flat,Sindh,Karachi,"Federal B Area, Karachi, Sindh",-,-,150 Sq. Yd.,For Sale,7/11/2023,PKR1.55 Crore
5292,Flat,Sindh,Karachi,"Federal B Area, Karachi, Sindh",-,-,150 Sq. Yd.,For Sale,7/11/2023,PKR2.1 Crore
5293,House,Sindh,Karachi,"Federal B Area, Karachi, Sindh",-,-,144 Sq. Yd.,For Sale,7/11/2023,PKR4 Crore
5294,House,Sindh,Karachi,"Federal B Area, Karachi, Sindh",-,-,400 Sq. Yd.,For Sale,7/11/2023,PKR8.6 Crore
5295,House,Sindh,Karachi,"Federal B Area, Karachi, Sindh",-,-,200 Sq. Yd.,For Sale,7/11/2023,PKR4.15 Crore
5296,House,Sindh,Karachi,"Federal B Area, Karachi, Sindh",-,-,200 Sq. Yd.,For Sale,7/11/2023,PKR3.5 Crore
5297,House,Sindh,Karachi,"Federal B Area, Karachi, Sindh",-,-,400 Sq. Yd.,For Sale,7/11/2023,PKR6.9 Crore
5298,House,Sindh,Karachi,"Federal B Area, Karachi, Sindh",-,-,400 Sq. Yd.,For Sale,7/11/2023,PKR6 Crore
5299,House,Sindh,Karachi,"Federal B Area, Karachi, Sindh",-,-,400 Sq. Yd.,For Sale,7/11/2023,PKR7.15 Crore
5300,House,Sindh,Karachi,"Scheme 33, Karachi, Sindh",4,4,120 Sq. Yd.,For Sale,7/11/2023,PKR2.7 Crore
5301,Flat,Sindh,Karachi,"DHA Defence, Karachi, Sindh",3,3,222 Sq. Yd.,For Sale,7/11/2023,PKR6.7 Crore
5302,Penthouse,Sindh,Karachi,"Clifton, Karachi, Sindh",-,-,722 Sq. Yd.,For Sale,7/11/2023,PKR6.5 Crore
5303,Flat,Sindh,Karachi,"Bahria Town Karachi, Karachi, Sindh",2,2,35 Sq. Yd.,For Sale,7/11/2023,PKR27.84 Lakh
5304,Flat,Sindh,Karachi,"Bahria Town Karachi, Karachi, Sindh",2,2,35 Sq. Yd.,For Sale,7/18/2023,PKR27.84 Lakh
5305,House,Sindh,Karachi,"DHA Defence, Karachi, Sindh",5,5,500 Sq. Yd.,For Sale,7/18/2023,PKR16 Crore
5306,House,Sindh,Karachi,"Bahria Town Karachi, Karachi, Sindh",3,3,235 Sq. Yd.,For Sale,7/18/2023,PKR1.45 Crore
5307,House,Sindh,Karachi,"Bahria Town Karachi, Karachi, Sindh",5,5,500 Sq. Yd.,For Sale,7/11/2023,PKR4.2 Crore
5308,House,Sindh,Karachi,"Bahria Town Karachi, Karachi, Sindh",5,5,250 Sq. Yd.,For Sale,7/18/2023,PKR2.99 Crore
5309,House,Sindh,Karachi,"Bahria Town Karachi, Karachi, Sindh",5,5,250 Sq. Yd.,For Sale,7/18/2023,PKR3.2 Crore
5310,House,Sindh,Karachi,"Gulshan-e-Iqbal Town, Karachi, Sindh",3,3,240 Sq. Yd.,For Sale,7/11/2023,PKR5 Crore
5311,Flat,Sindh,Karachi,"Bahria Town Karachi, Karachi, Sindh",5,4,202 Sq. Yd.,For Sale,7/11/2023,PKR1.5 Crore
5312,House,Sindh,Karachi,"Karachi Motorway, Karachi, Sindh",2,2,120 Sq. Yd.,For Sale,6/30/2023,PKR86 Lakh
5313,House,Sindh,Karachi,"Karachi Motorway, Karachi, Sindh",2,2,120 Sq. Yd.,For Sale,6/30/2023,PKR84 Lakh
5314,Flat,Sindh,Karachi,"Rashid Minhas Road, Karachi, Sindh",4,4,321 Sq. Yd.,For Sale,7/11/2023,PKR4.35 Crore
5315,House,Sindh,Karachi,"Malir, Karachi, Sindh",3,3,120 Sq. Yd.,For Sale,7/1/2023,PKR2.25 Crore
5316,House,Sindh,Karachi,"Malir, Karachi, Sindh",2,2,120 Sq. Yd.,For Sale,7/1/2023,PKR1.9 Crore
5317,House,Sindh,Karachi,"Scheme 33, Karachi, Sindh",-,-,120 Sq. Yd.,For Sale,6/30/2023,PKR1.9 Crore
5318,House,Sindh,Karachi,"Defence View Society, Karachi, Sindh",6,7,120 Sq. Yd.,For Sale,6/29/2023,PKR3.25 Crore
5319,Flat,Sindh,Karachi,"Gadap Town, Karachi, Sindh",2,2,122 Sq. Yd.,For Sale,7/11/2023,PKR60 Lakh
5320,Lower Portion,Sindh,Karachi,"Jamshed Town, Karachi, Sindh",3,3,172 Sq. Yd.,For Sale,7/4/2023,PKR2.55 Crore
5321,Flat,Sindh,Karachi,"Korangi, Karachi, Sindh",3,3,84 Sq. Yd.,For Sale,7/11/2023,PKR48 Lakh
5322,Flat,Sindh,Karachi,"Korangi, Karachi, Sindh",2,2,60 Sq. Yd.,For Sale,7/11/2023,PKR29 Lakh
5323,House,Sindh,Karachi,"Scheme 33, Karachi, Sindh",6,4,120 Sq. Yd.,For Sale,7/11/2023,PKR2.15 Crore
5324,House,Sindh,Karachi,"Gulshan-e-Iqbal Town, Karachi, Sindh",6,7,120 Sq. Yd.,For Sale,7/11/2023,PKR3.25 Crore
5325,House,Sindh,Karachi,"Gulshan-e-Iqbal Town, Karachi, Sindh",6,10,750 Sq. Yd.,For Sale,7/11/2023,PKR12 Crore
5326,Upper Portion,Sindh,Karachi,"Gulistan-e-Jauhar, Karachi, Sindh",3,3,200 Sq. Yd.,For Sale,7/11/2023,PKR2 Crore
5327,House,Sindh,Karachi,"Bahria Town Karachi, Karachi, Sindh",5,5,250 Sq. Yd.,For Sale,7/18/2023,PKR3.2 Crore
5328,House,Sindh,Karachi,"Bahria Town Karachi, Karachi, Sindh",5,5,250 Sq. Yd.,For Sale,7/18/2023,PKR2.5 Crore
5329,House,Sindh,Karachi,"Bahria Town Karachi, Karachi, Sindh",5,5,250 Sq. Yd.,For Sale,7/18/2023,PKR2.7 Crore
5330,House,Sindh,Karachi,"Bahria Town Karachi, Karachi, Sindh",6,6,500 Sq. Yd.,For Sale,7/18/2023,PKR4.8 Crore
5331,House,Sindh,Karachi,"Bahria Town Karachi, Karachi, Sindh",6,6,500 Sq. Yd.,For Sale,7/18/2023,PKR4.7 Crore
5332,House,Sindh,Karachi,"Bahria Town Karachi, Karachi, Sindh",3,3,125 Sq. Yd.,For Sale,7/18/2023,PKR1.38 Crore
5333,House,Sindh,Karachi,"Bahria Town Karachi, Karachi, Sindh",3,3,125 Sq. Yd.,For Sale,7/18/2023,PKR1.28 Crore
5334,House,Sindh,Karachi,"Bahria Town Karachi, Karachi, Sindh",3,3,125 Sq. Yd.,For Sale,7/18/2023,PKR1.3 Crore
5335,Penthouse,Sindh,Karachi,"Gulistan-e-Jauhar, Karachi, Sindh",-,-,300 Sq. Yd.,For Sale,7/11/2023,PKR1.15 Crore
5336,Upper Portion,Sindh,Karachi,"Gulistan-e-Jauhar, Karachi, Sindh",3,3,200 Sq. Yd.,For Sale,7/11/2023,PKR1.75 Crore
5337,Flat,Sindh,Karachi,"Scheme 33, Karachi, Sindh",3,3,100 Sq. Yd.,For Sale,7/18/2023,PKR83 Lakh
5338,Upper Portion,Sindh,Karachi,"Federal B Area, Karachi, Sindh",2,2,83 Sq. Yd.,For Sale,7/18/2023,PKR64.5 Lakh
5339,Upper Portion,Sindh,Karachi,"Federal B Area, Karachi, Sindh",2,2,83 Sq. Yd.,For Sale,7/11/2023,PKR65 Lakh
5340,Upper Portion,Sindh,Karachi,"Federal B Area, Karachi, Sindh",-,-,83 Sq. Yd.,For Sale,7/18/2023,PKR65 Lakh
5341,Upper Portion,Sindh,Karachi,"Federal B Area, Karachi, Sindh",-,-,83 Sq. Yd.,For Sale,7/18/2023,PKR65 Lakh
5342,Upper Portion,Sindh,Karachi,"Federal B Area, Karachi, Sindh",-,-,60 Sq. Yd.,For Sale,7/11/2023,PKR42 Lakh
5343,Upper Portion,Sindh,Karachi,"Jamshed Town, Karachi, Sindh",3,3,156 Sq. Yd.,For Sale,7/11/2023,PKR2.75 Crore
5344,Flat,Sindh,Karachi,"Scheme 33, Karachi, Sindh",3,3,167 Sq. Yd.,For Sale,7/18/2023,PKR1.3 Crore
5345,House,Sindh,Karachi,"Shah Faisal Town, Karachi, Sindh",3,8,116 Sq. Yd.,For Sale,7/18/2023,PKR1.17 Crore
5346,Flat,Sindh,Karachi,"DHA Defence, Karachi, Sindh",2,1,149 Sq. Yd.,For Sale,7/18/2023,PKR3.9 Crore
5347,Flat,Sindh,Karachi,"DHA Defence, Karachi, Sindh",3,2,178 Sq. Yd.,For Sale,7/3/2023,PKR6.5 Crore
5348,House,Sindh,Karachi,"Bahria Town Karachi, Karachi, Sindh",4,4,350 Sq. Yd.,For Sale,7/11/2023,PKR2.17 Crore
5349,House,Sindh,Karachi,"DHA City Karachi, Karachi, Sindh",4,4,125 Sq. Yd.,For Sale,6/27/2023,PKR1.95 Crore
5350,House,Sindh,Karachi,"Gulshan-e-Iqbal Town, Karachi, Sindh",5,4,250 Sq. Yd.,For Sale,6/27/2023,PKR6.25 Crore
5351,Flat,Sindh,Karachi,"Mehmoodabad, Karachi, Sindh",2,2,90 Sq. Yd.,For Sale,7/18/2023,PKR55 Lakh
5352,Flat,Sindh,Karachi,"Shaheed Millat Road, Karachi, Sindh",2,2,117 Sq. Yd.,For Sale,7/18/2023,PKR2.65 Crore
5353,House,Sindh,Karachi,"Bahria Town Karachi, Karachi, Sindh",3,3,125 Sq. Yd.,For Sale,7/18/2023,PKR95 Lakh
5354,House,Sindh,Karachi,"Bahria Town Karachi, Karachi, Sindh",3,3,125 Sq. Yd.,For Sale,7/18/2023,PKR76 Lakh
5355,House,Sindh,Karachi,"Bahria Town Karachi, Karachi, Sindh",3,3,125 Sq. Yd.,For Sale,7/18/2023,PKR1.05 Crore
5356,House,Sindh,Karachi,"Gadap Town, Karachi, Sindh",3,3,200 Sq. Yd.,For Sale,7/18/2023,PKR1.95 Crore
5357,Flat,Sindh,Karachi,"Bahria Town Karachi, Karachi, Sindh",2,2,106 Sq. Yd.,For Sale,7/18/2023,PKR72 Lakh
5358,Flat,Sindh,Karachi,"Bahria Town Karachi, Karachi, Sindh",2,2,106 Sq. Yd.,For Sale,7/18/2023,PKR72 Lakh
5359,Flat,Sindh,Karachi,"Bahria Town Karachi, Karachi, Sindh",3,3,250 Sq. Yd.,For Sale,7/18/2023,PKR1.8 Crore
5360,Flat,Sindh,Karachi,"Gulistan-e-Jauhar, Karachi, Sindh",2,2,72 Sq. Yd.,For Sale,7/2/2023,PKR60 Lakh
5361,Flat,Sindh,Karachi,"North Nazimabad, Karachi, Sindh",2,2,81 Sq. Yd.,For Sale,6/29/2023,PKR52 Lakh
5362,House,Sindh,Karachi,"Scheme 33, Karachi, Sindh",6,4,120 Sq. Yd.,For Sale,7/18/2023,PKR2.4 Crore
5363,Flat,Sindh,Karachi,"North Nazimabad, Karachi, Sindh",2,2,81 Sq. Yd.,For Sale,6/29/2023,PKR52 Lakh
5364,Flat,Sindh,Karachi,"North Nazimabad, Karachi, Sindh",3,3,122 Sq. Yd.,For Sale,6/29/2023,PKR1 Crore
5365,Lower Portion,Sindh,Karachi,"North Nazimabad, Karachi, Sindh",2,2,120 Sq. Yd.,For Sale,6/29/2023,PKR1.05 Crore
5366,Flat,Sindh,Karachi,"North Nazimabad, Karachi, Sindh",2,2,89 Sq. Yd.,For Sale,6/29/2023,PKR47 Lakh
5367,House,Sindh,Karachi,"Gulistan-e-Jauhar, Karachi, Sindh",6,6,300 Sq. Yd.,For Sale,7/11/2023,PKR5.85 Crore
5368,Lower Portion,Sindh,Karachi,"Gulistan-e-Jauhar, Karachi, Sindh",3,3,375 Sq. Yd.,For Sale,7/11/2023,PKR3.5 Crore
5369,Flat,Sindh,Karachi,"Scheme 33, Karachi, Sindh",3,3,150 Sq. Yd.,For Sale,7/4/2023,PKR1 Crore
5370,House,Sindh,Karachi,"Gulistan-e-Jauhar, Karachi, Sindh",6,6,400 Sq. Yd.,For Sale,7/11/2023,PKR7.25 Crore
5371,House,Sindh,Karachi,"Bahria Town Karachi, Karachi, Sindh",-,-,125 Sq. Yd.,For Sale,7/18/2023,PKR1 Crore
5372,House,Sindh,Karachi,"Bahria Town Karachi, Karachi, Sindh",-,-,125 Sq. Yd.,For Sale,7/18/2023,PKR1 Crore
5373,Flat,Sindh,Karachi,"Jamshed Town, Karachi, Sindh",3,3,89 Sq. Yd.,For Sale,7/18/2023,PKR60 Lakh
5374,House,Sindh,Karachi,"Gadap Town, Karachi, Sindh",-,-,240 Sq. Yd.,For Sale,7/18/2023,PKR2.25 Crore
5375,Lower Portion,Sindh,Karachi,"Gulistan-e-Jauhar, Karachi, Sindh",2,2,170 Sq. Yd.,For Sale,7/18/2023,PKR1.48 Crore
5376,House,Sindh,Karachi,"Gulistan-e-Jauhar, Karachi, Sindh",6,6,120 Sq. Yd.,For Sale,7/18/2023,PKR3.7 Crore
5377,Flat,Sindh,Karachi,"University Road, Karachi, Sindh",-,-,143 Sq. Yd.,For Sale,7/18/2023,PKR1.49 Crore
5378,Flat,Sindh,Karachi,"University Road, Karachi, Sindh",-,-,143 Sq. Yd.,For Sale,7/18/2023,PKR1.49 Crore
5379,Flat,Sindh,Karachi,"University Road, Karachi, Sindh",-,-,143 Sq. Yd.,For Sale,7/18/2023,PKR1.49 Crore
5380,Flat,Sindh,Karachi,"University Road, Karachi, Sindh",-,-,143 Sq. Yd.,For Sale,7/18/2023,PKR1.49 Crore
5381,Flat,Sindh,Karachi,"University Road, Karachi, Sindh",-,-,143 Sq. Yd.,For Sale,7/18/2023,PKR1.49 Crore
5382,Flat,Sindh,Karachi,"University Road, Karachi, Sindh",-,-,143 Sq. Yd.,For Sale,7/18/2023,PKR1.49 Crore
5383,Flat,Sindh,Karachi,"DHA Defence, Karachi, Sindh",-,-,61 Sq. Yd.,For Sale,7/18/2023,PKR65 Lakh
5384,Flat,Sindh,Karachi,"DHA Defence, Karachi, Sindh",-,-,61 Sq. Yd.,For Sale,7/18/2023,PKR65 Lakh
5385,House,Sindh,Karachi,"Malir, Karachi, Sindh",6,8,200 Sq. Yd.,For Sale,7/18/2023,PKR4.5 Crore
5386,Flat,Sindh,Karachi,"Gulshan-e-Iqbal Town, Karachi, Sindh",3,3,128 Sq. Yd.,For Sale,7/4/2023,PKR1.1 Crore
5387,Flat,Sindh,Karachi,"Saadi Road, Karachi, Sindh",3,3,217 Sq. Yd.,For Sale,7/4/2023,PKR1.9 Crore
5388,Upper Portion,Sindh,Karachi,"North Nazimabad, Karachi, Sindh",3,3,165 Sq. Yd.,For Sale,6/29/2023,PKR1.3 Crore
5389,Flat,Sindh,Karachi,"Scheme 33, Karachi, Sindh",3,3,161 Sq. Yd.,For Sale,7/4/2023,PKR1.5 Crore
5390,Flat,Sindh,Karachi,"Rashid Minhas Road, Karachi, Sindh",3,3,267 Sq. Yd.,For Sale,7/18/2023,PKR3.5 Crore
5391,Flat,Sindh,Karachi,"Gadap Town, Karachi, Sindh",2,3,67 Sq. Yd.,For Sale,7/18/2023,PKR37.2 Lakh
5392,Flat,Sindh,Karachi,"Jamshed Town, Karachi, Sindh",4,4,167 Sq. Yd.,For Sale,6/29/2023,PKR4 Crore
5393,Flat,Sindh,Karachi,"Gulistan-e-Jauhar, Karachi, Sindh",2,2,122 Sq. Yd.,For Sale,7/18/2023,PKR90 Lakh
5394,House,Sindh,Karachi,"Scheme 33, Karachi, Sindh",3,3,120 Sq. Yd.,For Sale,7/18/2023,PKR1.98 Crore
5395,Flat,Sindh,Karachi,"North Karachi, Karachi, Sindh",2,2,72 Sq. Yd.,For Sale,7/18/2023,PKR43 Lakh
5396,House,Sindh,Karachi,"DHA Defence, Karachi, Sindh",6,5,600 Sq. Yd.,For Sale,7/11/2023,PKR9 Crore
5397,House,Sindh,Karachi,"DHA Defence, Karachi, Sindh",4,3,500 Sq. Yd.,For Sale,7/18/2023,PKR7.85 Crore
5398,House,Sindh,Karachi,"DHA Defence, Karachi, Sindh",5,4,500 Sq. Yd.,For Sale,7/11/2023,PKR7.5 Crore
5399,House,Sindh,Karachi,"DHA Defence, Karachi, Sindh",6,6,600 Sq. Yd.,For Sale,7/11/2023,PKR10 Crore
5400,House,Sindh,Karachi,"DHA Defence, Karachi, Sindh",5,5,500 Sq. Yd.,For Sale,7/11/2023,PKR11.5 Crore
5401,Flat,Sindh,Karachi,"Saadi Road, Karachi, Sindh",3,3,211 Sq. Yd.,For Sale,7/4/2023,PKR1.85 Crore
5402,Flat,Sindh,Karachi,"DHA Defence, Karachi, Sindh",-,-,61 Sq. Yd.,For Sale,7/18/2023,PKR65 Lakh
5403,Flat,Sindh,Karachi,"DHA Defence, Karachi, Sindh",-,-,61 Sq. Yd.,For Sale,7/18/2023,PKR65 Lakh
5404,Flat,Sindh,Karachi,"DHA Defence, Karachi, Sindh",-,-,61 Sq. Yd.,For Sale,7/18/2023,PKR65 Lakh
5405,Flat,Sindh,Karachi,"DHA Defence, Karachi, Sindh",-,-,61 Sq. Yd.,For Sale,7/18/2023,PKR65 Lakh
5406,Flat,Sindh,Karachi,"DHA Defence, Karachi, Sindh",-,-,61 Sq. Yd.,For Sale,7/18/2023,PKR65 Lakh
5407,Flat,Sindh,Karachi,"DHA Defence, Karachi, Sindh",-,-,61 Sq. Yd.,For Sale,7/18/2023,PKR65 Lakh
5408,Flat,Sindh,Karachi,"University Road, Karachi, Sindh",-,-,87 Sq. Yd.,For Sale,7/18/2023,PKR90 Lakh
5409,Flat,Sindh,Karachi,"University Road, Karachi, Sindh",-,-,87 Sq. Yd.,For Sale,7/18/2023,PKR90 Lakh
5410,Flat,Sindh,Karachi,"North Nazimabad, Karachi, Sindh",3,3,161 Sq. Yd.,For Sale,7/18/2023,PKR1.5 Crore
5411,House,Sindh,Karachi,"North Karachi, Karachi, Sindh",5,6,84 Sq. Yd.,For Sale,7/18/2023,PKR1.05 Crore
5412,Flat,Sindh,Karachi,"North Nazimabad, Karachi, Sindh",3,2,133 Sq. Yd.,For Sale,7/18/2023,PKR80 Lakh
5413,House,Sindh,Karachi,"North Karachi, Karachi, Sindh",3,3,288 Sq. Yd.,For Sale,7/18/2023,PKR3.25 Crore
5414,Flat,Sindh,Karachi,"Gulshan-e-Iqbal Town, Karachi, Sindh",2,2,122 Sq. Yd.,For Sale,7/18/2023,PKR80 Lakh
5415,House,Sindh,Karachi,"Malir, Karachi, Sindh",5,4,84 Sq. Yd.,For Sale,7/18/2023,PKR1.5 Crore
5416,House,Sindh,Karachi,"Federal B Area, Karachi, Sindh",1,1,120 Sq. Yd.,For Sale,7/4/2023,PKR2.6 Crore
5417,Flat,Sindh,Karachi,"Scheme 33, Karachi, Sindh",2,2,133 Sq. Yd.,For Sale,7/18/2023,PKR70 Lakh
5418,Flat,Sindh,Karachi,"Shah Faisal Town, Karachi, Sindh",2,2,83 Sq. Yd.,For Sale,7/4/2023,PKR36 Lakh
5419,Flat,Sindh,Karachi,"Shah Faisal Town, Karachi, Sindh",2,2,67 Sq. Yd.,For Sale,7/4/2023,PKR37 Lakh
5420,House,Sindh,Karachi,"Defence View Society, Karachi, Sindh",4,5,120 Sq. Yd.,For Sale,7/18/2023,PKR3.5 Crore
5421,Flat,Sindh,Karachi,"North Nazimabad, Karachi, Sindh",2,2,83 Sq. Yd.,For Sale,7/18/2023,PKR97 Lakh
5422,House,Sindh,Karachi,"DHA Defence, Karachi, Sindh",6,5,625 Sq. Yd.,For Sale,7/4/2023,PKR10.5 Crore
5423,House,Sindh,Karachi,"Jamshed Town, Karachi, Sindh",6,6,300 Sq. Yd.,For Sale,7/1/2023,PKR13 Crore
5424,Flat,Sindh,Karachi,"Clifton, Karachi, Sindh",5,4,356 Sq. Yd.,For Sale,7/18/2023,PKR4.25 Crore
5425,House,Sindh,Karachi,"Korangi, Karachi, Sindh",2,2,50 Sq. Yd.,For Sale,7/18/2023,PKR47 Lakh
5426,Flat,Sindh,Karachi,"Scheme 33, Karachi, Sindh",2,2,94 Sq. Yd.,For Sale,7/18/2023,PKR60 Lakh
5427,Flat,Sindh,Karachi,"University Road, Karachi, Sindh",-,-,87 Sq. Yd.,For Sale,7/18/2023,PKR90 Lakh
5428,Flat,Sindh,Karachi,"University Road, Karachi, Sindh",-,-,87 Sq. Yd.,For Sale,7/18/2023,PKR90 Lakh
5429,Flat,Sindh,Karachi,"University Road, Karachi, Sindh",-,-,87 Sq. Yd.,For Sale,7/18/2023,PKR90 Lakh
5430,Flat,Sindh,Karachi,"University Road, Karachi, Sindh",-,-,87 Sq. Yd.,For Sale,7/18/2023,PKR90 Lakh
5431,Flat,Sindh,Karachi,"University Road, Karachi, Sindh",-,-,87 Sq. Yd.,For Sale,7/18/2023,PKR90 Lakh
5432,Flat,Sindh,Karachi,"University Road, Karachi, Sindh",-,-,87 Sq. Yd.,For Sale,7/18/2023,PKR90 Lakh
5433,Flat,Sindh,Karachi,"University Road, Karachi, Sindh",-,-,87 Sq. Yd.,For Sale,7/18/2023,PKR90 Lakh
5434,Flat,Sindh,Karachi,"University Road, Karachi, Sindh",-,-,87 Sq. Yd.,For Sale,7/18/2023,PKR90 Lakh
5435,House,Sindh,Karachi,"Malir, Karachi, Sindh",6,6,220 Sq. Yd.,For Sale,7/4/2023,PKR3.25 Crore
5436,Upper Portion,Sindh,Karachi,"Shahra-e-Faisal, Karachi, Sindh",3,2,180 Sq. Yd.,For Sale,7/4/2023,PKR95 Lakh
5437,House,Sindh,Karachi,"Malir, Karachi, Sindh",5,8,80 Sq. Yd.,For Sale,7/4/2023,PKR1.35 Crore
5438,House,Sindh,Karachi,"Malir, Karachi, Sindh",5,4,200 Sq. Yd.,For Sale,7/4/2023,PKR2.5 Crore
5439,House,Sindh,Karachi,"North Karachi, Karachi, Sindh",3,3,140 Sq. Yd.,For Sale,7/18/2023,PKR2.2 Crore
5440,House,Sindh,Karachi,"State Bank of Pakistan Staff Co-Operative Housing Society, Karachi, Sindh",6,6,200 Sq. Yd.,For Sale,7/18/2023,PKR4.2 Crore
5441,House,Sindh,Karachi,"Scheme 33, Karachi, Sindh",5,4,120 Sq. Yd.,For Sale,7/4/2023,PKR2.25 Crore
5442,Lower Portion,Sindh,Karachi,"Gulshan-e-Iqbal Town, Karachi, Sindh",3,3,240 Sq. Yd.,For Sale,7/4/2023,PKR2.6 Crore
5443,Upper Portion,Sindh,Karachi,"Gulshan-e-Iqbal Town, Karachi, Sindh",2,2,120 Sq. Yd.,For Sale,7/18/2023,PKR1.4 Crore
5444,Flat,Sindh,Karachi,"Gulshan-e-Iqbal Town, Karachi, Sindh",2,2,83 Sq. Yd.,For Sale,7/18/2023,PKR67 Lakh
5445,Flat,Sindh,Karachi,"DHA Defence, Karachi, Sindh",2,2,100 Sq. Yd.,For Sale,7/1/2023,PKR1.25 Crore
5446,Upper Portion,Sindh,Karachi,"Federal B Area, Karachi, Sindh",3,3,120 Sq. Yd.,For Sale,6/30/2023,PKR99 Lakh
5447,Flat,Sindh,Karachi,"DHA Defence, Karachi, Sindh",2,2,100 Sq. Yd.,For Sale,7/18/2023,PKR75 Lakh
5448,Flat,Sindh,Karachi,"Gulshan-e-Iqbal Town, Karachi, Sindh",4,3,172 Sq. Yd.,For Sale,7/4/2023,PKR1.45 Crore
5449,Flat,Sindh,Karachi,"Nazimabad, Karachi, Sindh",3,3,144 Sq. Yd.,For Sale,7/11/2023,PKR1.3 Crore
5450,House,Sindh,Karachi,"Gadap Town, Karachi, Sindh",4,4,80 Sq. Yd.,For Sale,7/11/2023,PKR1.25 Crore
5451,House,Sindh,Karachi,"Gadap Town, Karachi, Sindh",-,8,400 Sq. Yd.,For Sale,7/18/2023,PKR3.7 Crore
5452,House,Sindh,Karachi,"Bahria Town Karachi, Karachi, Sindh",3,3,152 Sq. Yd.,For Sale,7/18/2023,PKR1.36 Crore
5453,House,Sindh,Karachi,"Bahria Town Karachi, Karachi, Sindh",3,3,200 Sq. Yd.,For Sale,7/18/2023,PKR1.58 Crore
5454,House,Sindh,Karachi,"Bahria Town Karachi, Karachi, Sindh",3,3,200 Sq. Yd.,For Sale,7/18/2023,PKR2.16 Crore
5455,Flat,Sindh,Karachi,"DHA Defence, Karachi, Sindh",3,3,150 Sq. Yd.,For Sale,7/4/2023,PKR2.35 Crore
5456,Flat,Sindh,Karachi,"DHA Defence, Karachi, Sindh",3,3,128 Sq. Yd.,For Sale,7/18/2023,PKR1.45 Crore
5457,House,Sindh,Karachi,"Scheme 33, Karachi, Sindh",-,-,120 Sq. Yd.,For Sale,7/11/2023,PKR1.85 Crore
5458,House,Sindh,Karachi,"Scheme 33, Karachi, Sindh",-,-,120 Sq. Yd.,For Sale,7/11/2023,PKR1.9 Crore
5459,House,Sindh,Karachi,"Scheme 33, Karachi, Sindh",-,-,120 Sq. Yd.,For Sale,7/11/2023,PKR1.95 Crore
5460,House,Sindh,Karachi,"Federal B Area, Karachi, Sindh",6,6,400 Sq. Yd.,For Sale,7/18/2023,PKR5.75 Crore
5461,House,Sindh,Karachi,"North Nazimabad, Karachi, Sindh",6,7,416 Sq. Yd.,For Sale,7/18/2023,PKR8.5 Crore
5462,House,Sindh,Karachi,"North Nazimabad, Karachi, Sindh",6,6,233 Sq. Yd.,For Sale,7/18/2023,PKR6.5 Crore
5463,House,Sindh,Karachi,"North Nazimabad, Karachi, Sindh",6,6,500 Sq. Yd.,For Sale,7/18/2023,PKR9.25 Crore
5464,House,Sindh,Karachi,"Federal B Area, Karachi, Sindh",-,-,120 Sq. Yd.,For Sale,7/18/2023,PKR3.6 Crore
5465,House,Sindh,Karachi,"Federal B Area, Karachi, Sindh",-,-,200 Sq. Yd.,For Sale,7/18/2023,PKR4.15 Crore
5466,House,Sindh,Karachi,"North Nazimabad, Karachi, Sindh",4,3,500 Sq. Yd.,For Sale,7/4/2023,PKR5.5 Crore
5467,House,Sindh,Karachi,"North Nazimabad, Karachi, Sindh",2,2,83 Sq. Yd.,For Sale,7/18/2023,PKR42 Lakh
5468,House,Sindh,Karachi,"KN Gohar Green City, Karachi, Sindh",2,2,80 Sq. Yd.,For Sale,7/11/2023,PKR90 Lakh
5469,House,Sindh,Karachi,"Scheme 33, Karachi, Sindh",3,3,120 Sq. Yd.,For Sale,7/18/2023,PKR1.7 Crore
5470,House,Sindh,Karachi,"Scheme 33, Karachi, Sindh",4,4,120 Sq. Yd.,For Sale,7/18/2023,PKR2.75 Crore
5471,House,Sindh,Karachi,"Scheme 33, Karachi, Sindh",3,2,120 Sq. Yd.,For Sale,7/18/2023,PKR1.35 Crore
5472,Flat,Sindh,Karachi,"Chapal Courtyard, Karachi, Sindh",2,2,106 Sq. Yd.,For Sale,6/29/2023,PKR1.15 Crore
5473,Flat,Sindh,Karachi,"Scheme 33, Karachi, Sindh",2,2,83 Sq. Yd.,For Sale,6/29/2023,PKR90 Lakh
5474,House,Sindh,Karachi,"Scheme 33, Karachi, Sindh",2,2,120 Sq. Yd.,For Sale,7/18/2023,PKR1.35 Crore
5475,Flat,Sindh,Karachi,"DHA Defence, Karachi, Sindh",3,3,106 Sq. Yd.,For Sale,6/27/2023,PKR1.2 Crore
5476,Upper Portion,Sindh,Karachi,"Jamshed Town, Karachi, Sindh",3,2,115 Sq. Yd.,For Sale,7/4/2023,PKR1.65 Crore
5477,House,Sindh,Karachi,"Scheme 33, Karachi, Sindh",-,-,120 Sq. Yd.,For Sale,7/11/2023,PKR1.95 Crore
5478,House,Sindh,Karachi,"Scheme 33, Karachi, Sindh",-,-,120 Sq. Yd.,For Sale,7/11/2023,PKR1.85 Crore
5479,House,Sindh,Karachi,"Scheme 33, Karachi, Sindh",-,-,120 Sq. Yd.,For Sale,7/11/2023,PKR1.9 Crore
5480,House,Sindh,Karachi,"Scheme 33, Karachi, Sindh",-,-,120 Sq. Yd.,For Sale,7/11/2023,PKR1.95 Crore
5481,House,Sindh,Karachi,"Scheme 33, Karachi, Sindh",-,-,120 Sq. Yd.,For Sale,7/11/2023,PKR1.85 Crore
5482,House,Sindh,Karachi,"Scheme 33, Karachi, Sindh",-,-,120 Sq. Yd.,For Sale,7/11/2023,PKR1.9 Crore
5483,House,Sindh,Karachi,"Jamshed Town, Karachi, Sindh",4,4,250 Sq. Yd.,For Sale,7/4/2023,PKR7 Crore
5484,Upper Portion,Sindh,Karachi,"Jamshed Town, Karachi, Sindh",3,3,156 Sq. Yd.,For Sale,7/4/2023,PKR3.5 Crore
5485,Lower Portion,Sindh,Karachi,"Jamshed Town, Karachi, Sindh",4,4,261 Sq. Yd.,For Sale,7/2/2023,PKR4.5 Crore
5486,House,Sindh,Karachi,"Jamshed Town, Karachi, Sindh",5,5,200 Sq. Yd.,For Sale,7/4/2023,PKR9 Crore
5487,Flat,Sindh,Karachi,"Shaheed Millat Road, Karachi, Sindh",3,3,178 Sq. Yd.,For Sale,7/4/2023,PKR3.25 Crore
5488,Upper Portion,Sindh,Karachi,"Jamshed Town, Karachi, Sindh",4,4,278 Sq. Yd.,For Sale,7/4/2023,PKR4.5 Crore
5489,Lower Portion,Sindh,Karachi,"Jamshed Town, Karachi, Sindh",2,2,94 Sq. Yd.,For Sale,7/4/2023,PKR1.6 Crore
5490,Upper Portion,Sindh,Karachi,"Jamshed Town, Karachi, Sindh",3,2,115 Sq. Yd.,For Sale,7/11/2023,PKR2.6 Crore
5491,Penthouse,Sindh,Karachi,"Jamshed Town, Karachi, Sindh",3,3,278 Sq. Yd.,For Sale,7/18/2023,PKR3 Crore
5492,Flat,Sindh,Karachi,"Gulistan-e-Jauhar, Karachi, Sindh",2,2,106 Sq. Yd.,For Sale,7/18/2023,PKR45 Lakh
5493,House,Sindh,Karachi,"Oasis Park Residencia, Karachi, Sindh",4,3,120 Sq. Yd.,For Sale,7/11/2023,PKR2.03 Crore
5494,Flat,Sindh,Karachi,"Scheme 33, Karachi, Sindh",2,2,78 Sq. Yd.,For Sale,6/30/2023,PKR40 Lakh
5495,Flat,Sindh,Karachi,"KN Gohar Green City, Karachi, Sindh",2,2,67 Sq. Yd.,For Sale,7/11/2023,PKR69 Lakh
5496,Penthouse,Sindh,Karachi,"Federal B Area, Karachi, Sindh",2,2,120 Sq. Yd.,For Sale,7/18/2023,PKR65 Lakh
5497,Upper Portion,Sindh,Karachi,"Gulistan-e-Jauhar, Karachi, Sindh",3,3,300 Sq. Yd.,For Sale,7/11/2023,PKR2.25 Crore
5498,House,Sindh,Karachi,"Gulistan-e-Jauhar, Karachi, Sindh",4,4,60 Sq. Yd.,For Sale,7/11/2023,PKR2.2 Crore
5499,Flat,Sindh,Karachi,"Gulistan-e-Jauhar, Karachi, Sindh",3,3,156 Sq. Yd.,For Sale,7/11/2023,PKR1.45 Crore
5500,House,Sindh,Karachi,"Scheme 33, Karachi, Sindh",-,-,120 Sq. Yd.,For Sale,7/11/2023,PKR1.95 Crore
5501,House,Sindh,Karachi,"Scheme 33, Karachi, Sindh",-,-,120 Sq. Yd.,For Sale,7/11/2023,PKR2.2 Crore
5502,House,Sindh,Karachi,"Scheme 33, Karachi, Sindh",-,-,120 Sq. Yd.,For Sale,7/11/2023,PKR2.25 Crore
5503,House,Sindh,Karachi,"Scheme 33, Karachi, Sindh",-,-,120 Sq. Yd.,For Sale,7/11/2023,PKR2.15 Crore
5504,House,Sindh,Karachi,"Scheme 33, Karachi, Sindh",-,-,120 Sq. Yd.,For Sale,7/11/2023,PKR2.1 Crore
5505,House,Sindh,Karachi,"Scheme 33, Karachi, Sindh",-,-,120 Sq. Yd.,For Sale,7/11/2023,PKR2.05 Crore
5506,Upper Portion,Sindh,Karachi,"Gulistan-e-Jauhar, Karachi, Sindh",4,4,300 Sq. Yd.,For Sale,7/11/2023,PKR3.25 Crore
5507,Lower Portion,Sindh,Karachi,"Gulistan-e-Jauhar, Karachi, Sindh",3,3,160 Sq. Yd.,For Sale,7/11/2023,PKR1.65 Crore
5508,House,Sindh,Karachi,"Gulshan-e-Iqbal Town, Karachi, Sindh",3,3,200 Sq. Yd.,For Sale,7/11/2023,PKR4.5 Crore
5509,Flat,Sindh,Karachi,"Scheme 33, Karachi, Sindh",2,2,83 Sq. Yd.,For Sale,7/11/2023,PKR80 Lakh
5510,Flat,Sindh,Karachi,"Gulistan-e-Jauhar, Karachi, Sindh",3,3,"1,450 Sq. Yd.",For Sale,7/18/2023,PKR1.8 Crore
5511,Flat,Sindh,Karachi,"North Karachi, Karachi, Sindh",1,-,39 Sq. Yd.,For Sale,7/2/2023,PKR20 Lakh
5512,House,Sindh,Karachi,"Gulistan-e-Jauhar, Karachi, Sindh",6,4,389 Sq. Yd.,For Sale,7/18/2023,PKR2.8 Crore
5513,Flat,Sindh,Karachi,"Bahria Town Karachi, Karachi, Sindh",1,2,58 Sq. Yd.,For Sale,7/18/2023,PKR25.9 Lakh
5514,House,Sindh,Karachi,"Gulistan-e-Jauhar, Karachi, Sindh",6,6,240 Sq. Yd.,For Sale,7/18/2023,PKR4.5 Crore
5515,House,Sindh,Karachi,"Gulistan-e-Jauhar, Karachi, Sindh",5,5,266 Sq. Yd.,For Sale,7/18/2023,PKR7.5 Crore
5516,House,Sindh,Karachi,"Gulistan-e-Jauhar, Karachi, Sindh",6,6,300 Sq. Yd.,For Sale,7/11/2023,PKR6 Crore
5517,House,Sindh,Karachi,"Gulistan-e-Jauhar, Karachi, Sindh",6,9,240 Sq. Yd.,For Sale,7/11/2023,PKR6.5 Crore
5518,House,Sindh,Karachi,"Bahria Town Karachi, Karachi, Sindh",3,3,235 Sq. Yd.,For Sale,7/11/2023,PKR1.53 Crore
5519,House,Sindh,Karachi,"Bahria Town Karachi, Karachi, Sindh",3,3,200 Sq. Yd.,For Sale,7/11/2023,PKR2.38 Crore
5520,House,Sindh,Karachi,"Malir, Karachi, Sindh",4,4,350 Sq. Yd.,For Sale,6/30/2023,PKR8 Crore
5521,House,Sindh,Karachi,"Malir, Karachi, Sindh",5,5,500 Sq. Yd.,For Sale,6/30/2023,PKR10.25 Crore
5522,House,Sindh,Karachi,"Scheme 33, Karachi, Sindh",-,-,120 Sq. Yd.,For Sale,7/11/2023,PKR2 Crore
5523,House,Sindh,Karachi,"Scheme 33, Karachi, Sindh",-,-,120 Sq. Yd.,For Sale,7/11/2023,PKR2.25 Crore
5524,House,Sindh,Karachi,"Scheme 33, Karachi, Sindh",-,-,120 Sq. Yd.,For Sale,7/11/2023,PKR2.2 Crore
5525,House,Sindh,Karachi,"Scheme 33, Karachi, Sindh",-,-,120 Sq. Yd.,For Sale,7/11/2023,PKR2.15 Crore
5526,House,Sindh,Karachi,"Scheme 33, Karachi, Sindh",-,-,120 Sq. Yd.,For Sale,7/11/2023,PKR2.1 Crore
5527,House,Sindh,Karachi,"Scheme 33, Karachi, Sindh",-,-,120 Sq. Yd.,For Sale,7/11/2023,PKR2.05 Crore
5528,House,Sindh,Karachi,"Scheme 33, Karachi, Sindh",-,-,120 Sq. Yd.,For Sale,7/11/2023,PKR2 Crore
5529,House,Sindh,Karachi,"Bahria Town Karachi, Karachi, Sindh",5,5,500 Sq. Yd.,For Sale,7/18/2023,PKR4.45 Crore
5530,House,Sindh,Karachi,"Malir, Karachi, Sindh",5,5,500 Sq. Yd.,For Sale,6/30/2023,PKR10.25 Crore
5531,Flat,Sindh,Karachi,"Clifton, Karachi, Sindh",3,3,189 Sq. Yd.,For Sale,7/18/2023,PKR2.75 Crore
5532,Flat,Sindh,Karachi,"Gulistan-e-Jauhar, Karachi, Sindh",2,2,72 Sq. Yd.,For Sale,7/2/2023,PKR60 Lakh
5533,Flat,Sindh,Karachi,"North Nazimabad, Karachi, Sindh",2,2,81 Sq. Yd.,For Sale,6/29/2023,PKR52 Lakh
5534,House,Sindh,Karachi,"Scheme 33, Karachi, Sindh",6,4,120 Sq. Yd.,For Sale,7/18/2023,PKR2.4 Crore
5535,Flat,Sindh,Karachi,"North Nazimabad, Karachi, Sindh",2,2,81 Sq. Yd.,For Sale,6/29/2023,PKR52 Lakh
5536,Flat,Sindh,Karachi,"North Nazimabad, Karachi, Sindh",3,3,122 Sq. Yd.,For Sale,6/29/2023,PKR1 Crore
5537,Lower Portion,Sindh,Karachi,"North Nazimabad, Karachi, Sindh",2,2,120 Sq. Yd.,For Sale,6/29/2023,PKR1.05 Crore
5538,House,Sindh,Karachi,"Gulistan-e-Jauhar, Karachi, Sindh",6,6,300 Sq. Yd.,For Sale,7/11/2023,PKR5.85 Crore
5539,Flat,Sindh,Karachi,"Scheme 33, Karachi, Sindh",3,3,150 Sq. Yd.,For Sale,7/4/2023,PKR1 Crore
5540,House,Sindh,Karachi,"Bahria Town Karachi, Karachi, Sindh",-,-,125 Sq. Yd.,For Sale,7/18/2023,PKR1 Crore
5541,House,Sindh,Karachi,"Bahria Town Karachi, Karachi, Sindh",-,-,125 Sq. Yd.,For Sale,7/18/2023,PKR1 Crore
5542,Flat,Sindh,Karachi,"Jamshed Town, Karachi, Sindh",3,3,89 Sq. Yd.,For Sale,7/18/2023,PKR60 Lakh
5543,House,Sindh,Karachi,"Gadap Town, Karachi, Sindh",-,-,240 Sq. Yd.,For Sale,7/18/2023,PKR2.25 Crore
5544,House,Sindh,Karachi,"Gulistan-e-Jauhar, Karachi, Sindh",6,6,120 Sq. Yd.,For Sale,7/18/2023,PKR3.7 Crore
5545,House,Sindh,Karachi,"Malir, Karachi, Sindh",6,8,200 Sq. Yd.,For Sale,7/18/2023,PKR4.5 Crore
5546,Flat,Sindh,Karachi,"Gulshan-e-Iqbal Town, Karachi, Sindh",3,3,128 Sq. Yd.,For Sale,7/4/2023,PKR1.1 Crore
5547,House,Sindh,Karachi,"Bahria Town Karachi, Karachi, Sindh",4,4,350 Sq. Yd.,For Sale,7/18/2023,PKR2.08 Crore
5548,House,Sindh,Karachi,"Bahria Town Karachi, Karachi, Sindh",4,4,350 Sq. Yd.,For Sale,7/18/2023,PKR2.08 Crore
5549,House,Sindh,Karachi,"Bahria Town Karachi, Karachi, Sindh",3,3,152 Sq. Yd.,For Sale,7/18/2023,PKR1.78 Crore
5550,House,Sindh,Karachi,"Bahria Town Karachi, Karachi, Sindh",3,3,152 Sq. Yd.,For Sale,7/18/2023,PKR1.62 Crore
5551,House,Sindh,Karachi,"Bahria Town Karachi, Karachi, Sindh",3,3,152 Sq. Yd.,For Sale,7/18/2023,PKR1.55 Crore
5552,House,Sindh,Karachi,"Bahria Town Karachi, Karachi, Sindh",3,3,152 Sq. Yd.,For Sale,7/18/2023,PKR1.78 Crore
5553,House,Sindh,Karachi,"Bahria Town Karachi, Karachi, Sindh",3,3,152 Sq. Yd.,For Sale,7/18/2023,PKR1.62 Crore
5554,House,Sindh,Karachi,"Bahria Town Karachi, Karachi, Sindh",3,3,152 Sq. Yd.,For Sale,7/18/2023,PKR1.55 Crore
5555,Flat,Sindh,Karachi,"Saadi Road, Karachi, Sindh",3,3,217 Sq. Yd.,For Sale,7/4/2023,PKR1.9 Crore
5556,Upper Portion,Sindh,Karachi,"North Nazimabad, Karachi, Sindh",3,3,165 Sq. Yd.,For Sale,6/29/2023,PKR1.3 Crore
5557,Flat,Sindh,Karachi,"Scheme 33, Karachi, Sindh",3,3,161 Sq. Yd.,For Sale,7/4/2023,PKR1.5 Crore
5558,Flat,Sindh,Karachi,"Rashid Minhas Road, Karachi, Sindh",3,3,267 Sq. Yd.,For Sale,7/18/2023,PKR3.5 Crore
5559,Flat,Sindh,Karachi,"Jamshed Town, Karachi, Sindh",4,4,167 Sq. Yd.,For Sale,6/29/2023,PKR4 Crore
5560,Flat,Sindh,Karachi,"Gulistan-e-Jauhar, Karachi, Sindh",2,2,122 Sq. Yd.,For Sale,7/18/2023,PKR90 Lakh
5561,House,Sindh,Karachi,"Scheme 33, Karachi, Sindh",3,3,120 Sq. Yd.,For Sale,7/18/2023,PKR1.98 Crore
5562,Flat,Sindh,Karachi,"North Karachi, Karachi, Sindh",2,2,72 Sq. Yd.,For Sale,7/18/2023,PKR43 Lakh
5563,House,Sindh,Karachi,"DHA Defence, Karachi, Sindh",6,5,600 Sq. Yd.,For Sale,7/11/2023,PKR9 Crore
5564,House,Sindh,Karachi,"DHA Defence, Karachi, Sindh",4,3,500 Sq. Yd.,For Sale,7/18/2023,PKR7.85 Crore
5565,House,Sindh,Karachi,"DHA Defence, Karachi, Sindh",5,4,500 Sq. Yd.,For Sale,7/11/2023,PKR7.5 Crore
5566,House,Sindh,Karachi,"DHA Defence, Karachi, Sindh",6,6,600 Sq. Yd.,For Sale,7/11/2023,PKR10 Crore
5567,House,Sindh,Karachi,"DHA Defence, Karachi, Sindh",5,5,500 Sq. Yd.,For Sale,7/11/2023,PKR11.5 Crore
5568,Flat,Sindh,Karachi,"Saadi Road, Karachi, Sindh",3,3,211 Sq. Yd.,For Sale,7/4/2023,PKR1.85 Crore
5569,Flat,Sindh,Karachi,"North Nazimabad, Karachi, Sindh",3,3,161 Sq. Yd.,For Sale,7/18/2023,PKR1.5 Crore
5570,House,Sindh,Karachi,"North Karachi, Karachi, Sindh",5,6,84 Sq. Yd.,For Sale,7/18/2023,PKR1.05 Crore
5571,Flat,Sindh,Karachi,"North Nazimabad, Karachi, Sindh",3,2,133 Sq. Yd.,For Sale,7/18/2023,PKR80 Lakh
5572,Flat,Sindh,Karachi,"Malir Link To Super Highway, Karachi, Sindh",2,2,67 Sq. Yd.,For Sale,7/18/2023,PKR55 Lakh
5573,Flat,Sindh,Karachi,"Malir, Karachi, Sindh",2,2,67 Sq. Yd.,For Sale,7/18/2023,PKR55 Lakh
5574,Flat,Sindh,Karachi,"Malir, Karachi, Sindh",2,2,67 Sq. Yd.,For Sale,7/18/2023,PKR55 Lakh
5575,Flat,Sindh,Karachi,"Malir, Karachi, Sindh",2,2,67 Sq. Yd.,For Sale,7/18/2023,PKR55 Lakh
5576,Flat,Sindh,Karachi,"Malir, Karachi, Sindh",2,2,67 Sq. Yd.,For Sale,7/18/2023,PKR55 Lakh
5577,Flat,Sindh,Karachi,"Malir, Karachi, Sindh",2,2,67 Sq. Yd.,For Sale,7/18/2023,PKR55 Lakh
5578,House,Sindh,Karachi,"Bahria Town Karachi, Karachi, Sindh",3,3,235 Sq. Yd.,For Sale,7/18/2023,PKR1.5 Crore
5579,House,Sindh,Karachi,"Bahria Town Karachi, Karachi, Sindh",3,3,200 Sq. Yd.,For Sale,7/18/2023,PKR2.35 Crore
5580,Flat,Sindh,Karachi,"Gulistan-e-Jauhar, Karachi, Sindh",3,3,200 Sq. Yd.,For Sale,7/25/2023,PKR3.5 Crore
5581,House,Sindh,Karachi,"Gulistan-e-Jauhar, Karachi, Sindh",6,8,700 Sq. Yd.,For Sale,7/25/2023,PKR8 Crore
5582,House,Sindh,Karachi,"Gulistan-e-Jauhar, Karachi, Sindh",3,3,120 Sq. Yd.,For Sale,7/25/2023,PKR1.75 Crore
5583,Lower Portion,Sindh,Karachi,"North Karachi, Karachi, Sindh",3,3,150 Sq. Yd.,For Sale,7/25/2023,PKR1.1 Crore
5584,Upper Portion,Sindh,Karachi,"Gulshan-e-Iqbal Town, Karachi, Sindh",3,3,240 Sq. Yd.,For Sale,7/25/2023,PKR2.65 Crore
5585,Penthouse,Sindh,Karachi,"DHA Defence, Karachi, Sindh",-,-,"1,077 Sq. Yd.",For Sale,7/25/2023,PKR39 Crore
5586,Flat,Sindh,Karachi,"Gulistan-e-Jauhar, Karachi, Sindh",2,2,111 Sq. Yd.,For Sale,7/25/2023,PKR97 Lakh
5587,House,Sindh,Karachi,"Gulistan-e-Jauhar, Karachi, Sindh",6,6,240 Sq. Yd.,For Sale,7/4/2023,PKR5.6 Crore
5588,Flat,Sindh,Karachi,"Gulshan-e-Iqbal Town, Karachi, Sindh",4,3,185 Sq. Yd.,For Sale,7/25/2023,PKR1.75 Crore
5589,House,Sindh,Karachi,"KN Gohar Green City, Karachi, Sindh",2,2,120 Sq. Yd.,For Sale,7/11/2023,PKR1.56 Crore
5590,Flat,Sindh,Karachi,"DHA Defence, Karachi, Sindh",2,2,100 Sq. Yd.,For Sale,7/25/2023,PKR93 Lakh
5591,Room,Sindh,Karachi,"DHA Defence, Karachi, Sindh",1,-,44 Sq. Yd.,For Sale,7/25/2023,PKR35 Lakh
5592,Upper Portion,Sindh,Karachi,"Gulistan-e-Jauhar, Karachi, Sindh",3,3,220 Sq. Yd.,For Sale,7/4/2023,PKR1.7 Crore
5593,Flat,Sindh,Karachi,"North Karachi Buffer Zone, Karachi, Sindh",2,2,72 Sq. Yd.,For Sale,6/30/2023,PKR44 Lakh
5594,Flat,Sindh,Karachi,"DHA Defence, Karachi, Sindh",2,2,106 Sq. Yd.,For Sale,7/25/2023,PKR90 Lakh
5595,House,Sindh,Karachi,"Gadap Town, Karachi, Sindh",4,4,200 Sq. Yd.,For Sale,7/25/2023,PKR2.25 Crore
5596,House,Sindh,Karachi,"Cantt, Karachi, Sindh",6,5,375 Sq. Yd.,For Sale,6/30/2023,PKR7.35 Crore
5597,Upper Portion,Sindh,Karachi,"Nazimabad, Karachi, Sindh",4,4,180 Sq. Yd.,For Sale,6/27/2023,PKR1.6 Crore
5598,Flat,Sindh,Karachi,"Nazimabad, Karachi, Sindh",2,2,130 Sq. Yd.,For Sale,6/27/2023,PKR1.2 Crore
5599,Flat,Sindh,Karachi,"Cantt, Karachi, Sindh",4,3,304 Sq. Yd.,For Sale,7/11/2023,PKR4.29 Crore
5600,Flat,Sindh,Karachi,"Bahria Town Karachi, Karachi, Sindh",2,2,106 Sq. Yd.,For Sale,6/27/2023,PKR69 Lakh
5601,House,Sindh,Karachi,"DHA Defence, Karachi, Sindh",6,6,300 Sq. Yd.,For Sale,7/11/2023,PKR7.25 Crore
5602,House,Sindh,Karachi,"Naya Nazimabad, Karachi, Sindh",4,4,120 Sq. Yd.,For Sale,7/11/2023,PKR2.55 Crore
5603,House,Sindh,Karachi,"North Karachi, Karachi, Sindh",6,6,288 Sq. Yd.,For Sale,7/18/2023,PKR3.5 Crore
5604,Flat,Sindh,Karachi,"Navy Housing Scheme Karsaz, Karachi, Sindh",6,5,389 Sq. Yd.,For Sale,7/18/2023,PKR8 Crore
5605,Flat,Sindh,Karachi,"Gulistan-e-Jauhar, Karachi, Sindh",3,3,150 Sq. Yd.,For Sale,7/18/2023,PKR95 Lakh
5606,Flat,Sindh,Karachi,"Gulistan-e-Jauhar, Karachi, Sindh",2,2,89 Sq. Yd.,For Sale,7/18/2023,PKR55 Lakh
5607,House,Sindh,Karachi,"Gadap Town, Karachi, Sindh",4,4,200 Sq. Yd.,For Sale,7/18/2023,PKR2.5 Crore
5608,Flat,Sindh,Karachi,"Scheme 33, Karachi, Sindh",2,2,72 Sq. Yd.,For Sale,6/30/2023,PKR65 Lakh
5609,Flat,Sindh,Karachi,"Gulistan-e-Jauhar, Karachi, Sindh",2,2,128 Sq. Yd.,For Sale,7/18/2023,PKR80 Lakh
5610,House,Sindh,Karachi,"Scheme 33, Karachi, Sindh",-,4,120 Sq. Yd.,For Sale,7/18/2023,PKR2.3 Crore
5611,Flat,Sindh,Karachi,"DHA Defence, Karachi, Sindh",3,3,200 Sq. Yd.,For Sale,7/18/2023,PKR1.9 Crore
5612,Flat,Sindh,Karachi,"Gulistan-e-Jauhar, Karachi, Sindh",2,2,78 Sq. Yd.,For Sale,7/18/2023,PKR45 Lakh
5613,Flat,Sindh,Karachi,"Gulistan-e-Jauhar, Karachi, Sindh",2,2,111 Sq. Yd.,For Sale,7/18/2023,PKR1.45 Crore
5614,House,Sindh,Karachi,"Scheme 33, Karachi, Sindh",5,4,120 Sq. Yd.,For Sale,7/18/2023,PKR2.55 Crore
5615,Upper Portion,Sindh,Karachi,"Nazimabad, Karachi, Sindh",2,2,94 Sq. Yd.,For Sale,6/30/2023,PKR65 Lakh
5616,Flat,Sindh,Karachi,"Nazimabad, Karachi, Sindh",2,2,100 Sq. Yd.,For Sale,7/18/2023,PKR1.1 Crore
5617,Flat,Sindh,Karachi,"Gulistan-e-Jauhar, Karachi, Sindh",2,2,89 Sq. Yd.,For Sale,7/18/2023,PKR65 Lakh
5618,Flat,Sindh,Karachi,"Gulistan-e-Jauhar, Karachi, Sindh",3,3,194 Sq. Yd.,For Sale,7/18/2023,PKR1.42 Crore
5619,Flat,Sindh,Karachi,"DHA Defence, Karachi, Sindh",2,2,108 Sq. Yd.,For Sale,7/18/2023,PKR1.3 Crore
5620,Flat,Sindh,Karachi,"DHA Defence, Karachi, Sindh",2,2,100 Sq. Yd.,For Sale,7/18/2023,PKR1.25 Crore
5621,House,Sindh,Karachi,"Scheme 33, Karachi, Sindh",-,-,120 Sq. Yd.,For Sale,7/18/2023,PKR1.9 Crore
5622,House,Sindh,Karachi,"Scheme 33, Karachi, Sindh",-,-,120 Sq. Yd.,For Sale,7/18/2023,PKR1.85 Crore
5623,House,Sindh,Karachi,"Scheme 33, Karachi, Sindh",-,-,120 Sq. Yd.,For Sale,7/18/2023,PKR2.25 Crore
5624,House,Sindh,Karachi,"Scheme 33, Karachi, Sindh",-,-,120 Sq. Yd.,For Sale,7/18/2023,PKR1.75 Crore
5625,House,Sindh,Karachi,"Scheme 33, Karachi, Sindh",-,-,120 Sq. Yd.,For Sale,7/18/2023,PKR2.2 Crore
5626,House,Sindh,Karachi,"Scheme 33, Karachi, Sindh",-,-,120 Sq. Yd.,For Sale,7/18/2023,PKR2.1 Crore
5627,House,Sindh,Karachi,"DHA Defence, Karachi, Sindh",6,6,"1,000 Sq. Yd.",For Sale,7/25/2023,PKR18.9 Crore
5628,House,Sindh,Karachi,"Gadap Town, Karachi, Sindh",6,9,200 Sq. Yd.,For Sale,7/25/2023,PKR3 Crore
5629,Flat,Sindh,Karachi,"Bath Island, Karachi, Sindh",4,3,222 Sq. Yd.,For Sale,7/25/2023,PKR6.25 Crore
5630,House,Sindh,Karachi,"Gulshan-e-Iqbal Town, Karachi, Sindh",6,6,300 Sq. Yd.,For Sale,7/25/2023,PKR5 Crore
5631,Upper Portion,Sindh,Karachi,"Jamshed Town, Karachi, Sindh",2,2,106 Sq. Yd.,For Sale,7/25/2023,PKR1.6 Crore
5632,Flat,Sindh,Karachi,"Jamshed Town, Karachi, Sindh",2,2,89 Sq. Yd.,For Sale,7/25/2023,PKR72 Lakh
5633,House,Sindh,Karachi,"Gadap Town, Karachi, Sindh",5,4,120 Sq. Yd.,For Sale,6/29/2023,PKR1.9 Crore
5634,Lower Portion,Sindh,Karachi,"Scheme 33, Karachi, Sindh",3,2,120 Sq. Yd.,For Sale,7/25/2023,PKR78 Lakh
5635,Flat,Sindh,Karachi,"Shaheed Millat Road, Karachi, Sindh",3,3,189 Sq. Yd.,For Sale,7/25/2023,PKR4.5 Crore
5636,Flat,Sindh,Karachi,"Scheme 33, Karachi, Sindh",3,3,200 Sq. Yd.,For Sale,7/25/2023,PKR1.25 Crore
5637,Flat,Sindh,Karachi,"Scheme 33, Karachi, Sindh",2,2,89 Sq. Yd.,For Sale,7/11/2023,PKR80 Lakh
5638,House,Sindh,Karachi,"Gulistan-e-Jauhar, Karachi, Sindh",3,3,156 Sq. Yd.,For Sale,7/4/2023,PKR1.5 Crore
5639,Upper Portion,Sindh,Karachi,"Scheme 33, Karachi, Sindh",-,-,200 Sq. Yd.,For Sale,6/27/2023,PKR1.3 Crore
5640,Lower Portion,Sindh,Karachi,"Jamshed Town, Karachi, Sindh",5,5,300 Sq. Yd.,For Sale,7/11/2023,PKR3.7 Crore
5641,Penthouse,Sindh,Karachi,"Jamshed Town, Karachi, Sindh",-,-,154 Sq. Yd.,For Sale,7/25/2023,PKR2.55 Crore
5642,House,Sindh,Karachi,"Scheme 33, Karachi, Sindh",5,4,120 Sq. Yd.,For Sale,7/25/2023,PKR1.7 Crore
5643,Flat,Sindh,Karachi,"Clifton, Karachi, Sindh",3,3,200 Sq. Yd.,For Sale,6/30/2023,PKR2.9 Crore
5644,Flat,Sindh,Karachi,"Malir, Karachi, Sindh",3,2,120 Sq. Yd.,For Sale,6/29/2023,PKR65 Lakh
5645,Flat,Sindh,Karachi,"Malir, Karachi, Sindh",2,2,100 Sq. Yd.,For Sale,7/4/2023,PKR65 Lakh
5646,House,Sindh,Karachi,"Shah Faisal Town, Karachi, Sindh",2,2,150 Sq. Yd.,For Sale,7/18/2023,PKR1.7 Crore
5647,Flat,Sindh,Karachi,"Shah Faisal Town, Karachi, Sindh",2,2,123 Sq. Yd.,For Sale,7/18/2023,PKR70 Lakh
5648,Flat,Sindh,Karachi,"Gulshan-e-Iqbal Town, Karachi, Sindh",3,3,156 Sq. Yd.,For Sale,7/18/2023,PKR98 Lakh
5649,Upper Portion,Sindh,Karachi,"Gulshan-e-Iqbal Town, Karachi, Sindh",3,3,150 Sq. Yd.,For Sale,7/18/2023,PKR1.7 Crore
5650,Flat,Sindh,Karachi,"Gulshan-e-Iqbal Town, Karachi, Sindh",4,3,156 Sq. Yd.,For Sale,7/25/2023,PKR1.9 Crore
5651,Penthouse,Sindh,Karachi,"Gulshan-e-Iqbal Town, Karachi, Sindh",-,-,389 Sq. Yd.,For Sale,7/25/2023,PKR4.5 Crore
5652,Upper Portion,Sindh,Karachi,"Federal B Area, Karachi, Sindh",2,3,80 Sq. Yd.,For Sale,7/25/2023,PKR58 Lakh
5653,Upper Portion,Sindh,Karachi,"Federal B Area, Karachi, Sindh",2,3,80 Sq. Yd.,For Sale,7/25/2023,PKR47 Lakh
5654,House,Sindh,Karachi,"Jamshed Town, Karachi, Sindh",-,10,"1,200 Sq. Yd.",For Sale,7/25/2023,PKR30 Crore
5655,Flat,Sindh,Karachi,"Scheme 33, Karachi, Sindh",3,3,133 Sq. Yd.,For Sale,7/4/2023,PKR1.25 Crore
5656,House,Sindh,Karachi,"Gulistan-e-Jauhar, Karachi, Sindh",6,6,240 Sq. Yd.,For Sale,7/4/2023,PKR5.45 Crore
5657,Upper Portion,Sindh,Karachi,"Scheme 33, Karachi, Sindh",3,3,"1,400 Sq. Yd.",For Sale,7/4/2023,PKR1.12 Crore
5658,House,Sindh,Karachi,"DHA Defence, Karachi, Sindh",5,4,250 Sq. Yd.,For Sale,7/3/2023,PKR6.5 Crore
5659,Flat,Sindh,Karachi,"Cantt, Karachi, Sindh",3,3,305 Sq. Yd.,For Sale,7/11/2023,PKR3.8 Crore
5660,Flat,Sindh,Karachi,"Cantt, Karachi, Sindh",3,3,289 Sq. Yd.,For Sale,7/11/2023,PKR4 Crore
5661,Flat,Sindh,Karachi,"Cantt, Karachi, Sindh",3,3,289 Sq. Yd.,For Sale,7/11/2023,PKR4 Crore
5662,Flat,Sindh,Karachi,"Cantt, Karachi, Sindh",3,3,289 Sq. Yd.,For Sale,7/11/2023,PKR3.9 Crore
5663,Flat,Sindh,Karachi,"Gulistan-e-Jauhar, Karachi, Sindh",2,2,106 Sq. Yd.,For Sale,6/28/2023,PKR90 Lakh
5664,Flat,Sindh,Karachi,"Falaknaz Dynasty, Karachi, Sindh",2,2,122 Sq. Yd.,For Sale,7/1/2023,PKR90 Lakh
5665,Flat,Sindh,Karachi,"Scheme 33, Karachi, Sindh",3,3,144 Sq. Yd.,For Sale,6/30/2023,PKR1.05 Crore
5666,House,Sindh,Karachi,"Gulistan-e-Jauhar, Karachi, Sindh",6,4,120 Sq. Yd.,For Sale,7/25/2023,PKR2.4 Crore
5667,House,Sindh,Karachi,"Scheme 33, Karachi, Sindh",-,-,120 Sq. Yd.,For Sale,7/18/2023,PKR1.8 Crore
5668,House,Sindh,Karachi,"Scheme 33, Karachi, Sindh",-,-,120 Sq. Yd.,For Sale,7/18/2023,PKR2.25 Crore
5669,House,Sindh,Karachi,"Scheme 33, Karachi, Sindh",-,-,120 Sq. Yd.,For Sale,7/18/2023,PKR2.2 Crore
5670,House,Sindh,Karachi,"Scheme 33, Karachi, Sindh",-,-,120 Sq. Yd.,For Sale,7/18/2023,PKR2.15 Crore
5671,House,Sindh,Karachi,"Scheme 33, Karachi, Sindh",-,-,120 Sq. Yd.,For Sale,7/18/2023,PKR2.05 Crore
5672,House,Sindh,Karachi,"Scheme 33, Karachi, Sindh",-,-,120 Sq. Yd.,For Sale,7/18/2023,PKR2.1 Crore
5673,House,Sindh,Karachi,"Scheme 33, Karachi, Sindh",-,-,120 Sq. Yd.,For Sale,7/18/2023,PKR2 Crore
5674,House,Sindh,Karachi,"Scheme 33, Karachi, Sindh",-,-,120 Sq. Yd.,For Sale,7/18/2023,PKR1.95 Crore
5675,Flat,Sindh,Karachi,"Scheme 33, Karachi, Sindh",2,2,122 Sq. Yd.,For Sale,7/4/2023,PKR1.1 Crore
5676,Flat,Sindh,Karachi,"Scheme 33, Karachi, Sindh",2,2,61 Sq. Yd.,For Sale,7/25/2023,PKR58 Lakh
5677,Upper Portion,Sindh,Karachi,"Scheme 33, Karachi, Sindh",3,3,200 Sq. Yd.,For Sale,7/4/2023,PKR1.23 Crore
5678,Upper Portion,Sindh,Karachi,"Jamshed Town, Karachi, Sindh",-,-,100 Sq. Yd.,For Sale,7/11/2023,PKR1.5 Crore
5679,House,Sindh,Karachi,"Scheme 33, Karachi, Sindh",4,4,120 Sq. Yd.,For Sale,7/11/2023,PKR2.25 Crore
5680,Upper Portion,Sindh,Karachi,"Scheme 33, Karachi, Sindh",4,4,240 Sq. Yd.,For Sale,7/25/2023,PKR1.95 Crore
5681,House,Sindh,Karachi,"DHA Defence, Karachi, Sindh",5,7,500 Sq. Yd.,For Sale,7/11/2023,PKR14 Crore
5682,House,Sindh,Karachi,"Scheme 33, Karachi, Sindh",-,5,200 Sq. Yd.,For Sale,7/11/2023,PKR3.2 Crore
5683,House,Sindh,Karachi,"Naya Nazimabad, Karachi, Sindh",6,8,600 Sq. Yd.,For Sale,7/11/2023,PKR8.5 Crore
5684,Upper Portion,Sindh,Karachi,"Malir, Karachi, Sindh",2,2,139 Sq. Yd.,For Sale,7/4/2023,PKR97 Lakh
5685,House,Sindh,Karachi,"Scheme 33, Karachi, Sindh",4,4,120 Sq. Yd.,For Sale,7/25/2023,PKR1.75 Crore
5686,House,Sindh,Karachi,"Scheme 33, Karachi, Sindh",-,-,120 Sq. Yd.,For Sale,7/18/2023,PKR1.9 Crore
5687,House,Sindh,Karachi,"Scheme 33, Karachi, Sindh",-,-,120 Sq. Yd.,For Sale,7/18/2023,PKR1.8 Crore
5688,House,Sindh,Karachi,"Scheme 33, Karachi, Sindh",-,-,120 Sq. Yd.,For Sale,7/18/2023,PKR1.85 Crore
5689,House,Sindh,Karachi,"Scheme 33, Karachi, Sindh",-,-,120 Sq. Yd.,For Sale,7/18/2023,PKR1.75 Crore
5690,Flat,Sindh,Karachi,"Malir Link To Super Highway, Karachi, Sindh",2,2,67 Sq. Yd.,For Sale,7/18/2023,PKR55 Lakh
5691,Flat,Sindh,Karachi,"Malir Link To Super Highway, Karachi, Sindh",2,2,67 Sq. Yd.,For Sale,7/18/2023,PKR55 Lakh
5692,Flat,Sindh,Karachi,"Malir Link To Super Highway, Karachi, Sindh",2,2,67 Sq. Yd.,For Sale,7/18/2023,PKR55 Lakh
5693,Flat,Sindh,Karachi,"Malir Link To Super Highway, Karachi, Sindh",2,2,67 Sq. Yd.,For Sale,7/18/2023,PKR55 Lakh
5694,Flat,Sindh,Karachi,"Gulshan-e-Iqbal Town, Karachi, Sindh",3,4,194 Sq. Yd.,For Sale,7/25/2023,PKR2.8 Crore
5695,House,Sindh,Karachi,"Jamshed Town, Karachi, Sindh",-,-,78 Sq. Yd.,For Sale,7/25/2023,PKR2.5 Crore
5696,Flat,Sindh,Karachi,"Numaish Chowrangi, Karachi, Sindh",2,2,100 Sq. Yd.,For Sale,7/25/2023,PKR2.25 Crore
5697,Penthouse,Sindh,Karachi,"Shahra-e-Faisal, Karachi, Sindh",4,4,333 Sq. Yd.,For Sale,7/25/2023,PKR9 Crore
5698,Upper Portion,Sindh,Karachi,"Gulistan-e-Jauhar, Karachi, Sindh",3,3,220 Sq. Yd.,For Sale,7/4/2023,PKR1.5 Crore
5699,Upper Portion,Sindh,Karachi,"Nazimabad, Karachi, Sindh",3,3,133 Sq. Yd.,For Sale,7/4/2023,PKR85 Lakh
5700,House,Sindh,Karachi,"Gadap Town, Karachi, Sindh",5,4,200 Sq. Yd.,For Sale,7/25/2023,PKR2.05 Crore
5701,House,Sindh,Karachi,"Gulshan-e-Iqbal Town, Karachi, Sindh",3,4,120 Sq. Yd.,For Sale,7/4/2023,PKR1.72 Crore
5702,House,Sindh,Karachi,"Scheme 33, Karachi, Sindh",4,4,120 Sq. Yd.,For Sale,7/11/2023,PKR2.7 Crore
5703,Flat,Sindh,Karachi,"North Nazimabad, Karachi, Sindh",2,2,111 Sq. Yd.,For Sale,7/25/2023,PKR75 Lakh
5704,Upper Portion,Sindh,Karachi,"Jamshed Town, Karachi, Sindh",4,4,250 Sq. Yd.,For Sale,7/25/2023,PKR3.25 Crore
5705,Flat,Sindh,Karachi,"North Nazimabad, Karachi, Sindh",3,3,150 Sq. Yd.,For Sale,7/25/2023,PKR2.1 Crore
5706,Upper Portion,Sindh,Karachi,"Gulistan-e-Jauhar, Karachi, Sindh",3,3,200 Sq. Yd.,For Sale,7/25/2023,PKR2 Crore
5707,Upper Portion,Sindh,Karachi,"Federal B Area, Karachi, Sindh",3,3,200 Sq. Yd.,For Sale,7/4/2023,PKR2 Crore
5708,House,Sindh,Karachi,"Gadap Town, Karachi, Sindh",5,4,120 Sq. Yd.,For Sale,7/25/2023,PKR1.6 Crore
5709,Flat,Sindh,Karachi,"Gulistan-e-Jauhar, Karachi, Sindh",3,3,172 Sq. Yd.,For Sale,7/25/2023,PKR1.45 Crore
5710,Flat,Sindh,Karachi,"Airport, Karachi, Sindh",2,2,67 Sq. Yd.,For Sale,7/18/2023,PKR55 Lakh
5711,Flat,Sindh,Karachi,"Airport, Karachi, Sindh",2,2,67 Sq. Yd.,For Sale,7/18/2023,PKR55 Lakh
5712,Flat,Sindh,Karachi,"Airport, Karachi, Sindh",2,2,67 Sq. Yd.,For Sale,7/18/2023,PKR55 Lakh
5713,Flat,Sindh,Karachi,"Airport, Karachi, Sindh",2,2,67 Sq. Yd.,For Sale,7/18/2023,PKR55 Lakh
5714,Flat,Sindh,Karachi,"Airport, Karachi, Sindh",2,2,67 Sq. Yd.,For Sale,7/18/2023,PKR55 Lakh
5715,Flat,Sindh,Karachi,"Malir, Karachi, Sindh",2,2,67 Sq. Yd.,For Sale,7/18/2023,PKR55 Lakh
5716,Flat,Sindh,Karachi,"Malir, Karachi, Sindh",2,2,67 Sq. Yd.,For Sale,7/18/2023,PKR55 Lakh
5717,Flat,Sindh,Karachi,"Malir, Karachi, Sindh",2,2,67 Sq. Yd.,For Sale,7/18/2023,PKR55 Lakh
5718,Flat,Sindh,Karachi,"Gulistan-e-Jauhar, Karachi, Sindh",3,3,200 Sq. Yd.,For Sale,7/25/2023,PKR3.5 Crore
5719,House,Sindh,Karachi,"Gulistan-e-Jauhar, Karachi, Sindh",6,8,700 Sq. Yd.,For Sale,7/25/2023,PKR8 Crore
5720,House,Sindh,Karachi,"Gulistan-e-Jauhar, Karachi, Sindh",3,3,120 Sq. Yd.,For Sale,7/25/2023,PKR1.75 Crore
5721,Lower Portion,Sindh,Karachi,"North Karachi, Karachi, Sindh",3,3,150 Sq. Yd.,For Sale,7/25/2023,PKR1.1 Crore
5722,Upper Portion,Sindh,Karachi,"Gulshan-e-Iqbal Town, Karachi, Sindh",3,3,240 Sq. Yd.,For Sale,7/25/2023,PKR2.65 Crore
5723,Penthouse,Sindh,Karachi,"DHA Defence, Karachi, Sindh",-,-,"1,077 Sq. Yd.",For Sale,7/25/2023,PKR39 Crore
5724,Flat,Sindh,Karachi,"Gulistan-e-Jauhar, Karachi, Sindh",2,2,111 Sq. Yd.,For Sale,7/25/2023,PKR97 Lakh
5725,House,Sindh,Karachi,"Gulistan-e-Jauhar, Karachi, Sindh",6,6,240 Sq. Yd.,For Sale,7/4/2023,PKR5.6 Crore
5726,Flat,Sindh,Karachi,"Gulshan-e-Iqbal Town, Karachi, Sindh",4,3,185 Sq. Yd.,For Sale,7/25/2023,PKR1.75 Crore
5727,House,Sindh,Karachi,"KN Gohar Green City, Karachi, Sindh",2,2,120 Sq. Yd.,For Sale,7/11/2023,PKR1.56 Crore
5728,Upper Portion,Sindh,Karachi,"Gulistan-e-Jauhar, Karachi, Sindh",3,3,220 Sq. Yd.,For Sale,7/4/2023,PKR1.7 Crore
5729,Flat,Sindh,Karachi,"North Karachi Buffer Zone, Karachi, Sindh",2,2,72 Sq. Yd.,For Sale,6/30/2023,PKR44 Lakh
5730,Flat,Sindh,Karachi,"DHA Defence, Karachi, Sindh",2,2,106 Sq. Yd.,For Sale,7/25/2023,PKR90 Lakh
5731,House,Sindh,Karachi,"Gadap Town, Karachi, Sindh",4,4,200 Sq. Yd.,For Sale,7/25/2023,PKR2.25 Crore
5732,House,Sindh,Karachi,"Scheme 33, Karachi, Sindh",6,6,240 Sq. Yd.,For Sale,7/25/2023,PKR3.8 Crore
5733,House,Sindh,Karachi,"Scheme 33, Karachi, Sindh",5,4,120 Sq. Yd.,For Sale,7/25/2023,PKR1.95 Crore
5734,Flat,Sindh,Karachi,"Malir, Karachi, Sindh",2,2,67 Sq. Yd.,For Sale,7/18/2023,PKR55 Lakh
5735,Flat,Sindh,Karachi,"Malir, Karachi, Sindh",2,2,67 Sq. Yd.,For Sale,7/18/2023,PKR55 Lakh
5736,Flat,Sindh,Karachi,"Gadap Town, Karachi, Sindh",2,2,67 Sq. Yd.,For Sale,7/18/2023,PKR55 Lakh
5737,Flat,Sindh,Karachi,"Gadap Town, Karachi, Sindh",2,2,67 Sq. Yd.,For Sale,7/18/2023,PKR55 Lakh
5738,Flat,Sindh,Karachi,"Gadap Town, Karachi, Sindh",2,2,67 Sq. Yd.,For Sale,7/18/2023,PKR55 Lakh
5739,Flat,Sindh,Karachi,"Gadap Town, Karachi, Sindh",2,2,67 Sq. Yd.,For Sale,7/18/2023,PKR55 Lakh
5740,Flat,Sindh,Karachi,"Gadap Town, Karachi, Sindh",2,2,67 Sq. Yd.,For Sale,7/18/2023,PKR55 Lakh
5741,Flat,Sindh,Karachi,"Gadap Town, Karachi, Sindh",2,2,67 Sq. Yd.,For Sale,7/18/2023,PKR55 Lakh
5742,Flat,Sindh,Karachi,"Shaheed Millat Road, Karachi, Sindh",-,-,106 Sq. Yd.,For Sale,7/11/2023,PKR2.4 Crore
5743,Penthouse,Sindh,Karachi,"Jamshed Town, Karachi, Sindh",6,6,333 Sq. Yd.,For Sale,7/25/2023,PKR3.25 Crore
5744,House,Sindh,Karachi,"DHA Defence, Karachi, Sindh",5,4,500 Sq. Yd.,For Sale,7/25/2023,PKR10 Crore
5745,House,Sindh,Karachi,"Navy Housing Scheme Karsaz, Karachi, Sindh",6,6,500 Sq. Yd.,For Sale,7/25/2023,PKR25 Crore
5746,House,Sindh,Karachi,"DHA Defence, Karachi, Sindh",6,6,300 Sq. Yd.,For Sale,7/25/2023,PKR7.25 Crore
5747,House,Sindh,Karachi,"Amir Khusro, Karachi, Sindh",5,5,450 Sq. Yd.,For Sale,7/11/2023,PKR15 Crore
5748,House,Sindh,Karachi,"DHA Defence, Karachi, Sindh",5,4,100 Sq. Yd.,For Sale,7/25/2023,PKR4.15 Crore
5749,Flat,Sindh,Karachi,"Scheme 33, Karachi, Sindh",2,2,111 Sq. Yd.,For Sale,7/4/2023,PKR1 Crore
5750,Upper Portion,Sindh,Karachi,"Gulistan-e-Jauhar, Karachi, Sindh",4,3,200 Sq. Yd.,For Sale,7/4/2023,PKR1.98 Crore
5751,Upper Portion,Sindh,Karachi,"Gulistan-e-Jauhar, Karachi, Sindh",4,3,240 Sq. Yd.,For Sale,7/4/2023,PKR2.5 Crore
5752,Flat,Sindh,Karachi,"Gulistan-e-Jauhar, Karachi, Sindh",2,2,111 Sq. Yd.,For Sale,7/4/2023,PKR90 Lakh
5753,House,Sindh,Karachi,"DHA Defence, Karachi, Sindh",6,6,"1,000 Sq. Yd.",For Sale,7/25/2023,PKR23 Crore
5754,House,Sindh,Karachi,"North Karachi, Karachi, Sindh",4,5,240 Sq. Yd.,For Sale,7/25/2023,PKR2.7 Crore
5755,House,Sindh,Karachi,"Gadap Town, Karachi, Sindh",6,6,233 Sq. Yd.,For Sale,7/25/2023,PKR2.9 Crore
5756,Flat,Sindh,Karachi,"Gadap Town, Karachi, Sindh",2,2,113 Sq. Yd.,For Sale,7/4/2023,PKR48 Lakh
5757,House,Sindh,Karachi,"DHA Defence, Karachi, Sindh",6,6,"1,000 Sq. Yd.",For Sale,7/25/2023,PKR18.9 Crore
5758,House,Sindh,Karachi,"Gadap Town, Karachi, Sindh",6,9,200 Sq. Yd.,For Sale,7/25/2023,PKR3 Crore
5759,Flat,Sindh,Karachi,"Gadap Town, Karachi, Sindh",2,2,67 Sq. Yd.,For Sale,7/18/2023,PKR55 Lakh
5760,Flat,Sindh,Karachi,"Gadap Town, Karachi, Sindh",2,2,67 Sq. Yd.,For Sale,7/18/2023,PKR55 Lakh
5761,Flat,Sindh,Karachi,"Gadap Town, Karachi, Sindh",2,2,67 Sq. Yd.,For Sale,7/18/2023,PKR55 Lakh
5762,Flat,Sindh,Karachi,"Gadap Town, Karachi, Sindh",2,2,67 Sq. Yd.,For Sale,7/18/2023,PKR55 Lakh
5763,Flat,Sindh,Karachi,"Gadap Town, Karachi, Sindh",2,2,67 Sq. Yd.,For Sale,7/18/2023,PKR55 Lakh
5764,Flat,Sindh,Karachi,"Gadap Town, Karachi, Sindh",2,2,67 Sq. Yd.,For Sale,7/18/2023,PKR55 Lakh
5765,Flat,Sindh,Karachi,"Gadap Town, Karachi, Sindh",2,2,67 Sq. Yd.,For Sale,7/18/2023,PKR55 Lakh
5766,House,Sindh,Karachi,"Gulistan-e-Jauhar, Karachi, Sindh",-,-,75 Sq. Yd.,For Sale,7/11/2023,PKR1.55 Crore
5767,Flat,Sindh,Karachi,"Bath Island, Karachi, Sindh",4,3,222 Sq. Yd.,For Sale,7/25/2023,PKR6.25 Crore
5768,House,Sindh,Karachi,"Gulshan-e-Iqbal Town, Karachi, Sindh",6,6,300 Sq. Yd.,For Sale,7/25/2023,PKR5 Crore
5769,Upper Portion,Sindh,Karachi,"Jamshed Town, Karachi, Sindh",2,2,106 Sq. Yd.,For Sale,7/25/2023,PKR1.6 Crore
5770,Flat,Sindh,Karachi,"Jamshed Town, Karachi, Sindh",2,2,89 Sq. Yd.,For Sale,7/25/2023,PKR72 Lakh
5771,House,Sindh,Karachi,"Gadap Town, Karachi, Sindh",5,4,120 Sq. Yd.,For Sale,6/29/2023,PKR1.9 Crore
5772,Lower Portion,Sindh,Karachi,"Scheme 33, Karachi, Sindh",3,2,120 Sq. Yd.,For Sale,7/25/2023,PKR78 Lakh
5773,Flat,Sindh,Karachi,"Shaheed Millat Road, Karachi, Sindh",3,3,189 Sq. Yd.,For Sale,7/25/2023,PKR4.5 Crore
5774,Flat,Sindh,Karachi,"Scheme 33, Karachi, Sindh",3,3,200 Sq. Yd.,For Sale,7/25/2023,PKR1.25 Crore
5775,Flat,Sindh,Karachi,"Scheme 33, Karachi, Sindh",2,2,89 Sq. Yd.,For Sale,7/11/2023,PKR80 Lakh
5776,House,Sindh,Karachi,"Gulistan-e-Jauhar, Karachi, Sindh",3,3,156 Sq. Yd.,For Sale,7/4/2023,PKR1.5 Crore
5777,Upper Portion,Sindh,Karachi,"Scheme 33, Karachi, Sindh",-,-,200 Sq. Yd.,For Sale,6/27/2023,PKR1.3 Crore
5778,Lower Portion,Sindh,Karachi,"Jamshed Town, Karachi, Sindh",5,5,300 Sq. Yd.,For Sale,7/11/2023,PKR3.7 Crore
5779,Penthouse,Sindh,Karachi,"Jamshed Town, Karachi, Sindh",-,-,154 Sq. Yd.,For Sale,7/25/2023,PKR2.55 Crore
5780,House,Sindh,Karachi,"Scheme 33, Karachi, Sindh",5,4,120 Sq. Yd.,For Sale,7/25/2023,PKR1.7 Crore
5781,House,Sindh,Karachi,"Bahria Town Karachi, Karachi, Sindh",3,3,125 Sq. Yd.,For Sale,7/11/2023,PKR1.45 Crore
5782,House,Sindh,Karachi,"Bahria Town Karachi, Karachi, Sindh",3,3,235 Sq. Yd.,For Sale,7/25/2023,PKR1.48 Crore
5783,House,Sindh,Karachi,"Gulistan-e-Jauhar, Karachi, Sindh",-,-,75 Sq. Yd.,For Sale,7/11/2023,PKR1.55 Crore
5784,House,Sindh,Karachi,"Gulistan-e-Jauhar, Karachi, Sindh",-,-,75 Sq. Yd.,For Sale,7/11/2023,PKR1.55 Crore
5785,House,Sindh,Karachi,"Gulistan-e-Jauhar, Karachi, Sindh",-,-,75 Sq. Yd.,For Sale,7/11/2023,PKR1.55 Crore
5786,House,Sindh,Karachi,"Gulistan-e-Jauhar, Karachi, Sindh",2,2,60 Sq. Yd.,For Sale,7/11/2023,PKR1.6 Crore
5787,House,Sindh,Karachi,"Gulistan-e-Jauhar, Karachi, Sindh",2,2,60 Sq. Yd.,For Sale,7/11/2023,PKR1.6 Crore
5788,House,Sindh,Karachi,"Gulistan-e-Jauhar, Karachi, Sindh",2,2,60 Sq. Yd.,For Sale,7/11/2023,PKR1.6 Crore
5789,House,Sindh,Karachi,"Gulistan-e-Jauhar, Karachi, Sindh",2,2,60 Sq. Yd.,For Sale,7/11/2023,PKR1.6 Crore
5790,House,Sindh,Karachi,"Gulistan-e-Jauhar, Karachi, Sindh",2,2,60 Sq. Yd.,For Sale,7/11/2023,PKR1.6 Crore
5791,Flat,Sindh,Karachi,"Gulistan-e-Jauhar, Karachi, Sindh",-,-,304 Sq. Yd.,For Sale,7/25/2023,PKR5.5 Crore
5792,House,Sindh,Karachi,"Gadap Town, Karachi, Sindh",-,-,80 Sq. Yd.,For Sale,7/25/2023,PKR1.25 Crore
5793,Lower Portion,Sindh,Karachi,"North Nazimabad, Karachi, Sindh",3,3,267 Sq. Yd.,For Sale,7/25/2023,PKR2.25 Crore
5794,House,Sindh,Karachi,"University Road, Karachi, Sindh",4,4,120 Sq. Yd.,For Sale,6/29/2023,PKR2.65 Crore
5795,Flat,Sindh,Karachi,"Gulshan-e-Iqbal Town, Karachi, Sindh",2,2,111 Sq. Yd.,For Sale,7/11/2023,PKR2 Crore
5796,Flat,Sindh,Karachi,"Shaheed Millat Road, Karachi, Sindh",2,2,178 Sq. Yd.,For Sale,7/25/2023,PKR3.3 Crore
5797,Lower Portion,Sindh,Karachi,"Gulshan-e-Iqbal Town, Karachi, Sindh",5,4,400 Sq. Yd.,For Sale,7/11/2023,PKR6 Crore
5798,House,Sindh,Karachi,"Bahria Town Karachi, Karachi, Sindh",5,5,125 Sq. Yd.,For Sale,6/30/2023,PKR1.35 Crore
5799,Flat,Sindh,Karachi,"Sea View Apartments, Karachi, Sindh",3,3,261 Sq. Yd.,For Sale,7/25/2023,PKR4.15 Crore
5800,Lower Portion,Sindh,Karachi,"Gulistan-e-Jauhar, Karachi, Sindh",3,3,200 Sq. Yd.,For Sale,7/2/2023,PKR1.8 Crore
5801,Flat,Sindh,Karachi,"Gulistan-e-Jauhar, Karachi, Sindh",3,3,139 Sq. Yd.,For Sale,7/2/2023,PKR1.15 Crore
5802,Upper Portion,Sindh,Karachi,"Gulistan-e-Jauhar, Karachi, Sindh",3,3,240 Sq. Yd.,For Sale,7/2/2023,PKR1.9 Crore
5803,House,Sindh,Karachi,"Gulistan-e-Jauhar, Karachi, Sindh",-,9,200 Sq. Yd.,For Sale,7/2/2023,PKR6.5 Crore
5804,House,Sindh,Karachi,"Gadap Town, Karachi, Sindh",6,6,240 Sq. Yd.,For Sale,7/25/2023,PKR2.9 Crore
5805,Upper Portion,Sindh,Karachi,"Jamshed Town, Karachi, Sindh",4,4,300 Sq. Yd.,For Sale,7/25/2023,PKR4 Crore
5806,House,Sindh,Karachi,"Jamshed Town, Karachi, Sindh",6,9,600 Sq. Yd.,For Sale,7/25/2023,PKR12 Crore
5807,Penthouse,Sindh,Karachi,"Scheme 33, Karachi, Sindh",4,4,333 Sq. Yd.,For Sale,7/1/2023,PKR1.8 Crore
5808,House,Sindh,Karachi,"Gulistan-e-Jauhar, Karachi, Sindh",2,2,60 Sq. Yd.,For Sale,7/11/2023,PKR1.6 Crore
5809,House,Sindh,Karachi,"Cantt, Karachi, Sindh",6,5,375 Sq. Yd.,For Sale,7/18/2023,PKR7.1 Crore
5810,House,Sindh,Karachi,"Cantt, Karachi, Sindh",6,5,375 Sq. Yd.,For Sale,7/18/2023,PKR7.1 Crore
5811,House,Sindh,Karachi,"Cantt, Karachi, Sindh",6,5,375 Sq. Yd.,For Sale,7/18/2023,PKR7.1 Crore
5812,Flat,Sindh,Karachi,"Cantt, Karachi, Sindh",3,3,286 Sq. Yd.,For Sale,7/18/2023,PKR3.5 Crore
5813,House,Sindh,Karachi,"Cantt, Karachi, Sindh",6,5,375 Sq. Yd.,For Sale,7/18/2023,PKR7.1 Crore
5814,Flat,Sindh,Karachi,"Cantt, Karachi, Sindh",3,3,286 Sq. Yd.,For Sale,7/18/2023,PKR3.5 Crore
5815,Flat,Sindh,Karachi,"Cantt, Karachi, Sindh",3,3,286 Sq. Yd.,For Sale,7/18/2023,PKR3.5 Crore
5816,Upper Portion,Sindh,Karachi,"Gulistan-e-Jauhar, Karachi, Sindh",3,3,300 Sq. Yd.,For Sale,7/11/2023,PKR2.4 Crore
5817,Upper Portion,Sindh,Karachi,"Gulistan-e-Jauhar, Karachi, Sindh",4,4,240 Sq. Yd.,For Sale,7/11/2023,PKR1.75 Crore
5818,Upper Portion,Sindh,Karachi,"Gulshan-e-Iqbal Town, Karachi, Sindh",3,3,200 Sq. Yd.,For Sale,7/11/2023,PKR1.75 Crore
5819,Flat,Sindh,Karachi,"Gulshan-e-Iqbal Town, Karachi, Sindh",4,3,183 Sq. Yd.,For Sale,7/25/2023,PKR3.25 Crore
5820,House,Sindh,Karachi,"DHA Defence, Karachi, Sindh",6,6,"1,000 Sq. Yd.",For Sale,7/25/2023,PKR23 Crore
5821,Flat,Sindh,Karachi,"Clifton, Karachi, Sindh",3,3,183 Sq. Yd.,For Sale,7/25/2023,PKR2.8 Crore
5822,Flat,Sindh,Karachi,"Gulistan-e-Jauhar, Karachi, Sindh",3,3,157 Sq. Yd.,For Sale,7/25/2023,PKR1.15 Crore
5823,House,Sindh,Karachi,"DHA Defence, Karachi, Sindh",6,5,500 Sq. Yd.,For Sale,7/25/2023,PKR10 Crore
5824,Flat,Sindh,Karachi,"Gulistan-e-Jauhar, Karachi, Sindh",3,3,156 Sq. Yd.,For Sale,7/4/2023,PKR1.5 Crore
5825,House,Sindh,Karachi,"Karachi Motorway, Karachi, Sindh",3,4,240 Sq. Yd.,For Sale,7/25/2023,PKR2.2 Crore
5826,House,Sindh,Karachi,"Karachi Motorway, Karachi, Sindh",3,3,120 Sq. Yd.,For Sale,7/25/2023,PKR1.15 Crore
5827,House,Sindh,Karachi,"DHA Defence, Karachi, Sindh",4,4,260 Sq. Yd.,For Sale,7/25/2023,PKR5.8 Crore
5828,House,Sindh,Karachi,"Gadap Town, Karachi, Sindh",4,4,120 Sq. Yd.,For Sale,7/25/2023,PKR1.6 Crore
5829,Flat,Sindh,Karachi,"DHA Defence, Karachi, Sindh",3,3,113 Sq. Yd.,For Sale,7/4/2023,PKR1.27 Crore
5830,Flat,Sindh,Karachi,"Cantt, Karachi, Sindh",3,3,305 Sq. Yd.,For Sale,7/11/2023,PKR3.85 Crore
5831,Flat,Sindh,Karachi,"Gulistan-e-Jauhar, Karachi, Sindh",3,3,156 Sq. Yd.,For Sale,7/3/2023,PKR1.6 Crore
5832,Upper Portion,Sindh,Karachi,"Jamshed Town, Karachi, Sindh",2,2,111 Sq. Yd.,For Sale,6/27/2023,PKR1.25 Crore
5833,Flat,Sindh,Karachi,"Cantt, Karachi, Sindh",3,3,286 Sq. Yd.,For Sale,7/18/2023,PKR3.5 Crore
5834,Flat,Sindh,Karachi,"Cantt, Karachi, Sindh",3,3,286 Sq. Yd.,For Sale,7/18/2023,PKR3.5 Crore
5835,Flat,Sindh,Karachi,"Cantt, Karachi, Sindh",3,3,286 Sq. Yd.,For Sale,7/18/2023,PKR3.5 Crore
5836,Flat,Sindh,Karachi,"Cantt, Karachi, Sindh",3,3,286 Sq. Yd.,For Sale,7/18/2023,PKR3.5 Crore
5837,Flat,Sindh,Karachi,"Cantt, Karachi, Sindh",3,3,286 Sq. Yd.,For Sale,7/18/2023,PKR3.5 Crore
5838,Flat,Sindh,Karachi,"Cantt, Karachi, Sindh",3,3,286 Sq. Yd.,For Sale,7/18/2023,PKR3.5 Crore
5839,Flat,Sindh,Karachi,"Cantt, Karachi, Sindh",3,3,286 Sq. Yd.,For Sale,7/18/2023,PKR3.55 Crore
5840,Flat,Sindh,Karachi,"Cantt, Karachi, Sindh",3,3,286 Sq. Yd.,For Sale,7/18/2023,PKR3.55 Crore
5841,Flat,Sindh,Karachi,"Jamshed Town, Karachi, Sindh",3,3,167 Sq. Yd.,For Sale,6/27/2023,PKR2.4 Crore
5842,Flat,Sindh,Karachi,"Jamshed Town, Karachi, Sindh",3,3,189 Sq. Yd.,For Sale,6/27/2023,PKR2.5 Crore
5843,House,Sindh,Karachi,"Naya Nazimabad, Karachi, Sindh",4,4,120 Sq. Yd.,For Sale,6/27/2023,PKR2.6 Crore
5844,Flat,Sindh,Karachi,"Jamshed Town, Karachi, Sindh",4,4,300 Sq. Yd.,For Sale,7/4/2023,PKR4.8 Crore
5845,Flat,Sindh,Karachi,"Gadap Town, Karachi, Sindh",2,3,83 Sq. Yd.,For Sale,7/4/2023,PKR35 Lakh
5846,House,Sindh,Karachi,"North Karachi, Karachi, Sindh",-,-,80 Sq. Yd.,For Sale,6/27/2023,PKR1.2 Crore
5847,House,Sindh,Karachi,"Scheme 33, Karachi, Sindh",3,3,120 Sq. Yd.,For Sale,7/18/2023,PKR2 Crore
5848,House,Sindh,Karachi,"Scheme 33, Karachi, Sindh",3,3,120 Sq. Yd.,For Sale,7/18/2023,PKR2 Crore
5849,Flat,Sindh,Karachi,"Gulistan-e-Jauhar, Karachi, Sindh",2,2,133 Sq. Yd.,For Sale,7/18/2023,PKR1.5 Crore
5850,Flat,Sindh,Karachi,"Gulistan-e-Jauhar, Karachi, Sindh",2,2,50 Sq. Yd.,For Sale,7/18/2023,PKR42 Lakh
5851,Flat,Sindh,Karachi,"Gulistan-e-Jauhar, Karachi, Sindh",2,2,120 Sq. Yd.,For Sale,7/18/2023,PKR82 Lakh
5852,Flat,Sindh,Karachi,"Gulistan-e-Jauhar, Karachi, Sindh",2,2,67 Sq. Yd.,For Sale,7/18/2023,PKR55 Lakh
5853,Flat,Sindh,Karachi,"Gulistan-e-Jauhar, Karachi, Sindh",2,2,133 Sq. Yd.,For Sale,7/18/2023,PKR1.05 Crore
5854,Flat,Sindh,Karachi,"DHA Defence, Karachi, Sindh",2,2,100 Sq. Yd.,For Sale,7/2/2023,PKR85 Lakh
5855,Flat,Sindh,Karachi,"Scheme 33, Karachi, Sindh",2,2,106 Sq. Yd.,For Sale,6/27/2023,PKR86 Lakh
5856,House,Sindh,Karachi,"Scheme 33, Karachi, Sindh",5,6,120 Sq. Yd.,For Sale,6/27/2023,PKR1.75 Crore
5857,Flat,Sindh,Karachi,"North Nazimabad, Karachi, Sindh",2,2,100 Sq. Yd.,For Sale,6/27/2023,PKR1 Crore
5858,House,Sindh,Karachi,"North Nazimabad, Karachi, Sindh",6,6,400 Sq. Yd.,For Sale,6/27/2023,PKR9.5 Crore
5859,House,Sindh,Karachi,"DHA City Karachi, Karachi, Sindh",-,-,245 Sq. Yd.,For Sale,7/3/2023,PKR2.55 Crore
5860,Lower Portion,Sindh,Karachi,"Gulistan-e-Jauhar, Karachi, Sindh",4,3,240 Sq. Yd.,For Sale,7/11/2023,PKR2.25 Crore
5861,Flat,Sindh,Karachi,"Jamshed Town, Karachi, Sindh",3,3,200 Sq. Yd.,For Sale,6/27/2023,PKR4.15 Crore
5862,Flat,Sindh,Karachi,"Gulistan-e-Jauhar, Karachi, Sindh",2,2,117 Sq. Yd.,For Sale,6/27/2023,PKR84 Lakh
